sym,side,entry_bar,exit_bar,hold,pnl,reason,entry_date
159605.SZ,short,1002,1020,18,0.5005502751375682,tp,2026-04-24
159605.SZ,long,1561,1599,38,0.1297052623113784,eod,2026-04-28
159605.SZ,short,2187,2226,39,0.5005502751375814,tp,2026-05-06
159605.SZ,short,2790,2799,9,-0.20921038490891086,eod,2026-05-08
159605.SZ,short,3401,3465,64,0.451769434882825,revert,2026-05-13
159605.SZ,long,3543,3621,78,-0.5994502748625651,stop,2026-05-14
159605.SZ,long,3632,3759,127,-0.42784953256412,eod,2026-05-14
159605.SZ,long,3890,3920,30,-0.5994502748625627,stop,2026-05-15
159605.SZ,long,3931,3940,9,-0.5994502748625696,stop,2026-05-15
159605.SZ,long,3951,3999,48,0.013315337795966376,eod,2026-05-15
159605.SZ,long,4840,4884,44,-0.5994502748625737,stop,2026-05-21
159605.SZ,long,4895,4941,46,-0.599450274862567,stop,2026-05-21
159605.SZ,long,4952,4959,7,-0.33363435241442585,eod,2026-05-21
159605.SZ,short,5480,5613,133,0.25366039910415894,revert,2026-05-26
159605.SZ,long,5748,5912,164,-0.5994502748625663,stop,2026-05-27
159605.SZ,long,5972,6040,68,-0.59945027486257,stop,2026-05-28
159605.SZ,long,6051,6066,15,0.4994502748625801,tp,2026-05-28
159605.SZ,short,6272,6280,8,-0.6005502751375543,stop,2026-05-29
159605.SZ,short,6673,6677,4,-0.6005502751375431,stop,2026-06-02
159605.SZ,short,6688,6694,6,-0.6005502751375456,stop,2026-06-02
159605.SZ,short,6705,6739,34,0.5005502751375835,tp,2026-06-02
159605.SZ,short,6750,6760,10,-0.600550275137551,stop,2026-06-02
159605.SZ,short,6771,6842,71,-0.6005502751375394,stop,2026-06-02
159605.SZ,short,6853,6879,26,-0.4448263167174671,eod,2026-06-02
159605.SZ,long,6923,7119,196,-0.3339079874582479,eod,2026-06-03
159605.SZ,long,7536,7599,63,0.1399060373774831,eod,2026-06-05
159605.SZ,short,7677,7707,30,0.5005502751375669,tp,2026-06-08
159605.SZ,long,8352,8358,6,-0.5994502748625584,stop,2026-06-11
159605.SZ,long,8369,8381,12,-0.5994502748625649,stop,2026-06-11
159605.SZ,long,8392,8440,48,0.49945027486257193,tp,2026-06-11
159605.SZ,long,8463,8559,96,-0.22513805753763425,eod,2026-06-11
159605.SZ,long,9251,9279,28,-0.22624591623277074,eod,2026-06-16
159605.SZ,long,9372,9391,19,0.4994502748625902,tp,2026-06-17
159605.SZ,short,9958,9999,41,-0.4915756444062908,eod,2026-06-22
159605.SZ,long,10088,10120,32,-0.5994502748625474,stop,2026-06-23
159605.SZ,long,10131,10239,108,-0.3688599845433826,eod,2026-06-23
159605.SZ,short,10384,10396,12,-0.6005502751375424,stop,2026-06-24
159605.SZ,long,10522,10568,46,0.49945027486258,tp,2026-06-25
159605.SZ,long,10713,10719,6,0.03918653486627795,eod,2026-06-25
159605.SZ,long,10803,10847,44,0.4994502748625755,tp,2026-06-26
159605.SZ,long,10928,10959,31,0.18629653654549627,eod,2026-06-26
159605.SZ,short,11008,11065,57,-0.6005502751375468,stop,2026-06-29
159605.SZ,short,11076,11140,64,0.500550275137563,tp,2026-06-29
159605.SZ,short,11193,11199,6,0.1730742588211101,eod,2026-06-29
159605.SZ,long,11246,11294,48,0.4994502748625827,tp,2026-06-30
159605.SZ,short,11385,11424,39,0.500550275137563,tp,2026-06-30
159605.SZ,long,11752,11795,43,-0.5994502748625474,stop,2026-07-02
159605.SZ,long,11817,11909,92,-0.599450274862552,stop,2026-07-02
159605.SZ,long,11995,12027,32,0.49945027486257876,tp,2026-07-03
159605.SZ,short,12185,12194,9,-0.6005502751375613,stop,2026-07-06
159605.SZ,short,12205,12214,9,-0.6005502751375433,stop,2026-07-06
159605.SZ,short,12225,12232,7,-0.6005502751375433,stop,2026-07-06
159605.SZ,short,12244,12249,5,-0.6005502751375433,stop,2026-07-06
159605.SZ,short,12260,12272,12,0.5005502751375869,tp,2026-07-06
159605.SZ,short,12420,12425,5,0.5005502751375736,tp,2026-07-07
159605.SZ,short,12445,12455,10,0.5005502751375744,tp,2026-07-07
159605.SZ,long,12472,12519,47,-0.5994502748625575,stop,2026-07-07
159605.SZ,long,12530,12580,50,-0.599450274862551,stop,2026-07-07
159605.SZ,long,12591,12639,48,0.1602063551557676,eod,2026-07-07
159605.SZ,short,12743,12755,12,-0.6005502751375443,stop,2026-07-08
159605.SZ,short,12766,12781,15,-0.6005502751375412,stop,2026-07-08
159605.SZ,short,12792,12799,7,-0.6005502751375492,stop,2026-07-08
159605.SZ,short,12810,12834,24,-0.6005502751375482,stop,2026-07-08
159605.SZ,short,12845,12867,22,0.500550275137578,tp,2026-07-08
159605.SZ,short,12878,12879,1,-0.2237830905563917,eod,2026-07-08
159605.SZ,short,12909,12924,15,-0.6005502751375509,stop,2026-07-09
159605.SZ,long,12970,13003,33,-0.5994502748625584,stop,2026-07-09
159605.SZ,long,13014,13018,4,-0.5994502748625712,stop,2026-07-09
159605.SZ,long,13029,13051,22,0.49945027486257354,tp,2026-07-09
159605.SZ,long,13062,13119,57,0.2746751624188035,eod,2026-07-09
159605.SZ,short,13144,13152,8,0.5005502751375682,tp,2026-07-10
159605.SZ,short,13163,13200,37,-0.6005502751375495,stop,2026-07-10
159605.SZ,short,13215,13244,29,0.5005502751375636,tp,2026-07-10
159605.SZ,short,13386,13388,2,0.5005502751375788,tp,2026-07-13
159605.SZ,long,13435,13552,117,-0.5994502748625712,stop,2026-07-13
159605.SZ,long,13563,13586,23,0.4994502748625883,tp,2026-07-13
159605.SZ,long,13597,13599,2,-0.2245136783229209,eod,2026-07-13
159605.SZ,short,13636,13643,7,-0.6005502751375457,stop,2026-07-14
159605.SZ,short,13654,13666,12,0.5005502751375787,tp,2026-07-14
159605.SZ,short,13734,13739,5,0.5005502751375787,tp,2026-07-14
159605.SZ,short,13752,13816,64,-0.6005502751375492,stop,2026-07-14
159605.SZ,short,13827,13839,12,0.024452524769866882,eod,2026-07-14
159605.SZ,short,13864,13869,5,-0.6005502751375448,stop,2026-07-15
159605.SZ,short,13882,13885,3,0.5005502751375883,tp,2026-07-15
159605.SZ,short,13904,13937,33,-0.600550275137554,stop,2026-07-15
159605.SZ,short,13948,13961,13,0.5005502751375717,tp,2026-07-15
159605.SZ,short,13972,14015,43,-0.600550275137544,stop,2026-07-15
159605.SZ,short,14026,14079,53,-0.46851646682236836,eod,2026-07-15
159605.SZ,short,14156,14164,8,0.5005502751375898,tp,2026-07-16
159605.SZ,short,14179,14263,84,0.5005502751375898,tp,2026-07-16
159605.SZ,long,14297,14305,8,0.49945027486257443,tp,2026-07-16
159607.SZ,short,1000,1119,119,-0.10005002501249974,eod,2026-04-24
159607.SZ,long,1560,1599,39,-0.09995002498749116,eod,2026-04-28
159607.SZ,short,2187,2233,46,0.5005502751375682,tp,2026-05-06
159607.SZ,short,2790,2799,9,-0.20944898678847168,eod,2026-05-08
159607.SZ,short,3401,3465,64,0.4548283010685012,revert,2026-05-13
159607.SZ,long,3543,3618,75,-0.5994502748625605,stop,2026-05-14
159607.SZ,long,3629,3759,130,-0.5385891028141189,eod,2026-05-14
159607.SZ,long,3918,3938,20,-0.5994502748625531,stop,2026-05-15
159607.SZ,long,3949,3999,50,0.013443902339424203,eod,2026-05-15
159607.SZ,long,4822,4885,63,-0.5994502748625601,stop,2026-05-21
159607.SZ,long,4896,4936,40,-0.5994502748625581,stop,2026-05-21
159607.SZ,long,4947,4959,12,-0.4504765161278827,eod,2026-05-21
159607.SZ,short,5480,5609,129,0.37212002227530055,revert,2026-05-26
159607.SZ,long,5767,5823,56,-0.5994502748625652,stop,2026-05-27
159607.SZ,long,5834,5919,85,-0.3380907877408014,eod,2026-05-27
159607.SZ,long,5958,6022,64,-0.5994502748625415,stop,2026-05-28
159607.SZ,long,6040,6088,48,0.49945027486258087,tp,2026-05-28
159607.SZ,short,6280,6289,9,0.5005502751375812,tp,2026-05-29
159607.SZ,short,6673,6681,8,-0.6005502751375376,stop,2026-06-02
159607.SZ,short,6692,6708,16,-0.6005502751375401,stop,2026-06-02
159607.SZ,short,6719,6736,17,0.500550275137576,tp,2026-06-02
159607.SZ,short,6760,6840,80,-0.6005502751375436,stop,2026-06-02
159607.SZ,short,6851,6879,28,-0.21537266329016347,eod,2026-06-02
159607.SZ,long,6896,6937,41,-0.5994502748625642,stop,2026-06-03
159607.SZ,long,6948,7119,171,-0.21775668769387604,eod,2026-06-03
159607.SZ,long,7414,7536,122,-0.5994502748625573,stop,2026-06-05
159607.SZ,long,7547,7599,52,0.38382745673169033,eod,2026-06-05
159607.SZ,short,7695,7707,12,0.5005502751375717,tp,2026-06-08
159607.SZ,long,7757,7839,82,0.2723482979007478,eod,2026-06-08
159607.SZ,long,8352,8358,6,-0.5994502748625563,stop,2026-06-11
159607.SZ,long,8369,8381,12,-0.5994502748625627,stop,2026-06-11
159607.SZ,long,8392,8427,35,-0.5994502748625521,stop,2026-06-11
159607.SZ,long,8438,8440,2,0.49945027486256444,tp,2026-06-11
159607.SZ,long,8467,8559,92,0.026345866257775775,eod,2026-06-11
159607.SZ,long,8865,8907,42,0.4994502748625883,tp,2026-06-15
159607.SZ,long,9363,9395,32,0.49945027486257193,tp,2026-06-17
159607.SZ,long,9737,9759,22,0.03063827563344307,eod,2026-06-18
159607.SZ,short,9957,9999,42,-0.6005502751375381,stop,2026-06-22
159607.SZ,long,10096,10122,26,-0.5994502748625554,stop,2026-06-23
159607.SZ,long,10133,10146,13,-0.5994502748625634,stop,2026-06-23
159607.SZ,long,10157,10203,46,-0.5994502748625532,stop,2026-06-23
159607.SZ,long,10214,10236,22,-0.5994502748625474,stop,2026-06-23
159607.SZ,short,10384,10398,14,-0.6005502751375535,stop,2026-06-24
159607.SZ,long,10521,10576,55,0.49945027486259186,tp,2026-06-25
159607.SZ,long,10803,10846,43,0.49945027486257365,tp,2026-06-26
159607.SZ,long,10928,10959,31,0.18711908413610065,eod,2026-06-26
159607.SZ,short,10996,10999,3,0.5005502751375825,tp,2026-06-29
159607.SZ,short,11011,11027,16,0.5005502751375682,tp,2026-06-29
159607.SZ,short,11040,11075,35,-0.6005502751375404,stop,2026-06-29
159607.SZ,short,11086,11129,43,0.5005502751375772,tp,2026-06-29
159607.SZ,long,11254,11291,37,0.49945027486257815,tp,2026-06-30
159607.SZ,short,11383,11439,56,0.17457288314940062,eod,2026-06-30
159607.SZ,long,11752,11794,42,-0.5994502748625713,stop,2026-07-02
159607.SZ,long,11806,11852,46,-0.5994502748625611,stop,2026-07-02
159607.SZ,long,11863,11919,56,-0.23386430109341516,eod,2026-07-02
159607.SZ,long,11995,12016,21,0.49945027486256055,tp,2026-07-03
159607.SZ,short,12185,12194,9,-0.6005502751375514,stop,2026-07-06
159607.SZ,short,12205,12214,9,-0.6005502751375457,stop,2026-07-06
159607.SZ,short,12225,12233,8,-0.6005502751375457,stop,2026-07-06
159607.SZ,short,12244,12249,5,-0.6005502751375457,stop,2026-07-06
159607.SZ,short,12260,12269,9,0.5005502751375717,tp,2026-07-06
159607.SZ,short,12420,12425,5,0.5005502751375793,tp,2026-07-07
159607.SZ,short,12442,12447,5,-0.6005502751375429,stop,2026-07-07
159607.SZ,long,12480,12519,39,-0.5994502748625564,stop,2026-07-07
159607.SZ,long,12530,12582,52,-0.5994502748625642,stop,2026-07-07
159607.SZ,long,12593,12639,46,-0.09995002498750132,eod,2026-07-07
159607.SZ,short,12672,12676,4,0.5005502751375736,tp,2026-07-08
159607.SZ,short,12742,12754,12,-0.6005502751375547,stop,2026-07-08
159607.SZ,short,12765,12780,15,-0.6005502751375457,stop,2026-07-08
159607.SZ,short,12791,12798,7,-0.6005502751375376,stop,2026-07-08
159607.SZ,short,12809,12821,12,-0.6005502751375469,stop,2026-07-08
159607.SZ,short,12832,12842,10,-0.6005502751375482,stop,2026-07-08
159607.SZ,short,12853,12874,21,0.50055027513759,tp,2026-07-08
159607.SZ,long,12894,12898,4,0.49945027486257687,tp,2026-07-09
159607.SZ,short,12909,12924,15,-0.6005502751375396,stop,2026-07-09
159607.SZ,long,12972,13000,28,-0.5994502748625712,stop,2026-07-09
159607.SZ,long,13011,13017,6,-0.5994502748625478,stop,2026-07-09
159607.SZ,long,13028,13078,50,-0.5994502748625595,stop,2026-07-09
159607.SZ,long,13089,13119,30,0.025238007562644323,eod,2026-07-09
159607.SZ,short,13144,13163,19,-0.6005502751375505,stop,2026-07-10
159607.SZ,short,13174,13200,26,-0.600550275137546,stop,2026-07-10
159607.SZ,short,13215,13243,28,0.50055027513759,tp,2026-07-10
159607.SZ,short,13384,13388,4,0.5005502751375843,tp,2026-07-13
159607.SZ,long,13434,13559,125,-0.5994502748625521,stop,2026-07-13
159607.SZ,long,13570,13599,29,-0.0999500249875055,eod,2026-07-13
159607.SZ,short,13641,13653,12,-0.6005502751375398,stop,2026-07-14
159607.SZ,short,13733,13778,45,-0.6005502751375457,stop,2026-07-14
159607.SZ,short,13789,13839,50,0.14957603490025076,eod,2026-07-14
159607.SZ,short,13863,13867,4,-0.6005502751375492,stop,2026-07-15
159607.SZ,short,13878,13886,8,0.5005502751375803,tp,2026-07-15
159607.SZ,short,13903,13937,34,-0.6005502751375505,stop,2026-07-15
159607.SZ,short,13948,13966,18,0.5005502751375636,tp,2026-07-15
159607.SZ,short,13977,14011,34,-0.600550275137554,stop,2026-07-15
159607.SZ,short,14022,14079,57,0.022772122257455184,eod,2026-07-15
159607.SZ,short,14156,14163,7,0.5005502751375759,tp,2026-07-16
159607.SZ,short,14179,14267,88,0.500550275137582,tp,2026-07-16
159607.SZ,long,14296,14303,7,0.4994502748625729,tp,2026-07-16
159892.SZ,long,206,382,176,0.3958318607445761,revert,2026-04-21
159892.SZ,long,648,652,4,-0.5994502748625553,stop,2026-04-23
159892.SZ,long,684,735,51,-0.5994502748625476,stop,2026-04-23
159892.SZ,long,746,851,105,-0.5994502748625596,stop,2026-04-23
159892.SZ,long,862,879,17,-0.22952207424172447,eod,2026-04-23
159892.SZ,long,901,904,3,-0.5994502748625679,stop,2026-04-24
159892.SZ,long,916,920,4,0.49945027486256055,tp,2026-04-24
159892.SZ,short,940,943,3,-0.6005502751375564,stop,2026-04-24
159892.SZ,short,955,995,40,-0.6005502751375335,stop,2026-04-24
159892.SZ,short,1006,1038,32,0.500550275137581,tp,2026-04-24
159892.SZ,short,1050,1092,42,-0.6005502751375433,stop,2026-04-24
159892.SZ,short,1103,1119,16,-0.1000500250125056,eod,2026-04-24
159892.SZ,short,1366,1368,2,-0.6005502751375521,stop,2026-04-28
159892.SZ,long,1419,1495,76,-0.5994502748625596,stop,2026-04-28
159892.SZ,long,1506,1520,14,-0.5994502748625676,stop,2026-04-28
159892.SZ,long,1531,1567,36,-0.5994502748625665,stop,2026-04-28
159892.SZ,long,1578,1599,21,0.29387408792318737,eod,2026-04-28
159892.SZ,short,1896,1910,14,0.5005502751375657,tp,2026-04-30
159892.SZ,long,2375,2532,157,0.49945027486257365,tp,2026-05-07
159892.SZ,short,2932,2935,3,-0.6005502751375452,stop,2026-05-11
159892.SZ,short,2946,2983,37,-0.6005502751375613,stop,2026-05-11
159892.SZ,short,2994,3039,45,0.16233542721558317,eod,2026-05-11
159892.SZ,short,3167,3171,4,0.5005502751375708,tp,2026-05-12
159892.SZ,long,3534,3541,7,-0.5994502748625601,stop,2026-05-14
159892.SZ,long,3552,3564,12,-0.5994502748625532,stop,2026-05-14
159892.SZ,long,3575,3614,39,-0.5994502748625716,stop,2026-05-14
159892.SZ,long,3625,3759,134,-0.23642550309543126,eod,2026-05-14
159892.SZ,long,3818,3841,23,0.4994502748625772,tp,2026-05-15
159892.SZ,long,3911,3943,32,-0.5994502748625437,stop,2026-05-15
159892.SZ,long,3954,3987,33,0.4994502748625755,tp,2026-05-15
159892.SZ,long,4029,4239,210,-0.24205535923360372,eod,2026-05-18
159892.SZ,long,4270,4326,56,-0.5994502748625641,stop,2026-05-19
159892.SZ,long,4337,4450,113,0.4994502748625746,tp,2026-05-19
159892.SZ,short,4731,4746,15,0.5005502751375771,tp,2026-05-21
159892.SZ,long,4954,4959,5,0.18385693516880158,eod,2026-05-21
159892.SZ,short,5479,5481,2,-0.6005502751375535,stop,2026-05-26
159892.SZ,short,5492,5511,19,0.5005502751375807,tp,2026-05-26
159892.SZ,long,5764,5806,42,-0.5994502748625693,stop,2026-05-27
159892.SZ,long,5817,5828,11,0.4994502748625793,tp,2026-05-27
159892.SZ,long,5926,5938,12,0.4994502748625764,tp,2026-05-28
159892.SZ,long,5958,5969,11,-0.5994502748625656,stop,2026-05-28
159892.SZ,long,5980,6028,48,-0.5994502748625481,stop,2026-05-28
159892.SZ,long,6039,6046,7,-0.5994502748625518,stop,2026-05-28
159892.SZ,long,6057,6080,23,0.49945027486256083,tp,2026-05-28
159892.SZ,long,6091,6153,62,-0.5994502748625454,stop,2026-05-28
159892.SZ,long,6175,6208,33,-0.5994502748625722,stop,2026-05-29
159892.SZ,long,6248,6260,12,0.49945027486259325,tp,2026-05-29
159892.SZ,short,6271,6280,9,-0.6005502751375379,stop,2026-05-29
159892.SZ,short,6291,6300,9,-0.6005502751375447,stop,2026-05-29
159892.SZ,short,6311,6316,5,-0.6005502751375531,stop,2026-05-29
159892.SZ,short,6327,6333,6,0.50055027513756,tp,2026-05-29
159892.SZ,short,6344,6399,55,-0.24491261549732277,eod,2026-05-29
159892.SZ,long,6411,6414,3,-0.5994502748625422,stop,2026-06-01
159892.SZ,long,6432,6486,54,-0.5994502748625617,stop,2026-06-01
159892.SZ,long,6497,6504,7,-0.5994502748625482,stop,2026-06-01
159892.SZ,long,6515,6530,15,-0.5994502748625581,stop,2026-06-01
159892.SZ,long,6541,6560,19,-0.5994502748625669,stop,2026-06-01
159892.SZ,long,6571,6639,68,0.34078548960813726,eod,2026-06-01
159892.SZ,long,6650,6655,5,0.49945027486257454,tp,2026-06-02
159892.SZ,short,6695,6760,65,-0.6005502751375389,stop,2026-06-02
159892.SZ,short,6771,6823,52,0.5005502751375911,tp,2026-06-02
159892.SZ,long,7092,7119,27,0.053036269001797316,eod,2026-06-03
159892.SZ,long,7144,7149,5,0.49945027486257754,tp,2026-06-04
159892.SZ,long,7178,7256,78,-0.5994502748625636,stop,2026-06-04
159892.SZ,long,7267,7321,54,-0.5994502748625571,stop,2026-06-04
159892.SZ,long,7332,7359,27,0.3654228786228234,eod,2026-06-04
159892.SZ,long,7390,7413,23,-0.5994502748625701,stop,2026-06-05
159892.SZ,long,7424,7440,16,0.49945027486257254,tp,2026-06-05
159892.SZ,long,7451,7506,55,-0.5994502748625518,stop,2026-06-05
159892.SZ,long,7517,7561,44,-0.5994502748625783,stop,2026-06-05
159892.SZ,long,7572,7599,27,0.21321627587461076,eod,2026-06-05
159892.SZ,long,7719,7751,32,-0.5994502748625573,stop,2026-06-08
159892.SZ,long,7762,7789,27,0.49945027486259386,tp,2026-06-08
159892.SZ,long,7800,7839,39,-0.09995002498750746,eod,2026-06-08
159892.SZ,long,7850,7854,4,0.49945027486258015,tp,2026-06-09
159892.SZ,short,7874,7877,3,-0.6005502751375412,stop,2026-06-09
159892.SZ,short,7891,7894,3,-0.6005502751375641,stop,2026-06-09
159892.SZ,short,8028,8079,51,-0.10005002501250213,eod,2026-06-09
159892.SZ,long,8100,8160,60,0.49945027486258337,tp,2026-06-10
159892.SZ,short,8193,8195,2,-0.6005502751375354,stop,2026-06-10
159892.SZ,short,8237,8247,10,0.500550275137559,tp,2026-06-10
159892.SZ,short,8260,8292,32,-0.6005502751375611,stop,2026-06-10
159892.SZ,short,8303,8319,16,0.06140166857624245,eod,2026-06-10
159892.SZ,long,8358,8372,14,-0.5994502748625755,stop,2026-06-11
159892.SZ,long,8383,8427,44,-0.5994502748625686,stop,2026-06-11
159892.SZ,long,8438,8440,2,0.4994502748625628,tp,2026-06-11
159892.SZ,short,8586,8594,8,-0.6005502751375523,stop,2026-06-12
159892.SZ,short,8638,8643,5,-0.6005502751375464,stop,2026-06-12
159892.SZ,short,8654,8676,22,-0.6005502751375482,stop,2026-06-12
159892.SZ,short,8687,8743,56,-0.6005502751375333,stop,2026-06-12
159892.SZ,short,8754,8799,45,-0.2584361801153624,eod,2026-06-12
159892.SZ,long,8863,8888,25,0.49945027486257576,tp,2026-06-15
159892.SZ,long,9067,9184,117,-0.5994502748625449,stop,2026-06-16
159892.SZ,long,9195,9279,84,-0.09995002498749814,eod,2026-06-16
159892.SZ,long,9353,9376,23,-0.5994502748625601,stop,2026-06-17
159892.SZ,long,9387,9393,6,0.4994502748625918,tp,2026-06-17
159892.SZ,long,9408,9485,77,-0.5994502748625476,stop,2026-06-17
159892.SZ,long,9496,9519,23,-0.09995002498750616,eod,2026-06-17
159892.SZ,short,9536,9539,3,0.5005502751375759,tp,2026-06-18
159892.SZ,short,9554,9560,6,-0.6005502751375401,stop,2026-06-18
159892.SZ,short,9571,9575,4,-0.600550275137539,stop,2026-06-18
159892.SZ,short,9586,9587,1,0.500550275137574,tp,2026-06-18
159892.SZ,short,9610,9641,31,0.5005502751375812,tp,2026-06-18
159892.SZ,short,9880,9905,25,-0.6005502751375549,stop,2026-06-22
159892.SZ,short,9916,9923,7,0.500550275137593,tp,2026-06-22
159892.SZ,short,9934,9950,16,-0.6005502751375519,stop,2026-06-22
159892.SZ,short,9961,9970,9,-0.6005502751375641,stop,2026-06-22
159892.SZ,short,9981,9999,18,-0.4245234448666631,eod,2026-06-22
159892.SZ,short,10016,10020,4,-0.6005502751375453,stop,2026-06-23
159892.SZ,long,10097,10120,23,-0.5994502748625585,stop,2026-06-23
159892.SZ,long,10131,10170,39,-0.5994502748625449,stop,2026-06-23
159892.SZ,long,10181,10239,58,0.0630190614317747,eod,2026-06-23
159892.SZ,short,10251,10257,6,-0.6005502751375527,stop,2026-06-24
159892.SZ,short,10268,10277,9,0.5005502751375904,tp,2026-06-24
159892.SZ,short,10288,10291,3,0.5005502751375904,tp,2026-06-24
159892.SZ,short,10326,10334,8,-0.6005502751375488,stop,2026-06-24
159892.SZ,long,10494,10505,11,0.4994502748625872,tp,2026-06-25
159892.SZ,long,10516,10534,18,0.49945027486258414,tp,2026-06-25
159892.SZ,short,10565,10571,6,-0.6005502751375453,stop,2026-06-25
159892.SZ,short,10582,10586,4,-0.6005502751375369,stop,2026-06-25
159892.SZ,short,10597,10600,3,0.5005502751375904,tp,2026-06-25
159892.SZ,short,10613,10620,7,0.5005502751375976,tp,2026-06-25
159892.SZ,short,10739,10740,1,-0.6005502751375369,stop,2026-06-26
159892.SZ,long,10762,10788,26,-0.5994502748625491,stop,2026-06-26
159892.SZ,long,10799,10846,47,0.4994502748625673,tp,2026-06-26
159892.SZ,long,10875,10959,84,-0.2597901049475131,eod,2026-06-26
159892.SZ,long,10975,10977,2,0.49945027486258925,tp,2026-06-29
159892.SZ,short,10988,10991,3,-0.6005502751375488,stop,2026-06-29
159892.SZ,short,11002,11007,5,-0.6005502751375392,stop,2026-06-29
159892.SZ,short,11018,11027,9,0.5005502751375843,tp,2026-06-29
159892.SZ,short,11038,11042,4,-0.6005502751375495,stop,2026-06-29
159892.SZ,short,11053,11066,13,-0.6005502751375565,stop,2026-06-29
159892.SZ,short,11077,11083,6,-0.6005502751375608,stop,2026-06-29
159892.SZ,short,11094,11100,6,0.5005502751375979,tp,2026-06-29
159892.SZ,short,11111,11147,36,0.5005502751375707,tp,2026-06-29
159892.SZ,short,11158,11199,41,-0.24990039930144134,eod,2026-06-29
159892.SZ,long,11217,11231,14,-0.5994502748625582,stop,2026-06-30
159892.SZ,long,11242,11261,19,-0.5994502748625739,stop,2026-06-30
159892.SZ,long,11272,11292,20,0.49945027486258153,tp,2026-06-30
159892.SZ,long,11304,11340,36,0.49945027486258353,tp,2026-06-30
159892.SZ,long,11356,11362,6,0.4994502748625826,tp,2026-06-30
159892.SZ,long,11399,11439,40,-0.40498834552188556,eod,2026-06-30
159892.SZ,short,11507,11560,53,-0.6005502751375535,stop,2026-07-01
159892.SZ,short,11571,11580,9,0.5005502751375784,tp,2026-07-01
159892.SZ,short,11591,11642,51,-0.6005502751375523,stop,2026-07-01
159892.SZ,short,11653,11679,26,-0.39841082985604515,eod,2026-07-01
159892.SZ,short,11696,11697,1,0.5005502751375834,tp,2026-07-02
159892.SZ,long,11710,11716,6,0.49945027486257554,tp,2026-07-02
159892.SZ,long,11795,11808,13,0.4994502748625908,tp,2026-07-02
159892.SZ,long,11927,11929,2,0.4994502748625755,tp,2026-07-03
159892.SZ,long,11995,12013,18,0.4994502748625746,tp,2026-07-03
159892.SZ,short,12105,12123,18,-0.6005502751375473,stop,2026-07-03
159892.SZ,short,12134,12159,25,-0.10005002501250922,eod,2026-07-03
159892.SZ,short,12170,12174,4,0.50055027513758,tp,2026-07-06
159892.SZ,short,12187,12190,3,-0.6005502751375609,stop,2026-07-06
159892.SZ,short,12201,12215,14,-0.6005502751375587,stop,2026-07-06
159892.SZ,short,12226,12236,10,0.5005502751375783,tp,2026-07-06
159892.SZ,short,12247,12251,4,0.5005502751375773,tp,2026-07-06
159892.SZ,long,12273,12280,7,-0.5994502748625509,stop,2026-07-06
159892.SZ,long,12309,12399,90,-0.5082608559480364,eod,2026-07-06
159892.SZ,short,12421,12422,1,0.5005502751375682,tp,2026-07-07
159892.SZ,short,12433,12441,8,-0.6005502751375531,stop,2026-07-07
159892.SZ,long,12488,12497,9,0.49945027486257815,tp,2026-07-07
159892.SZ,long,12509,12526,17,-0.5994502748625651,stop,2026-07-07
159892.SZ,long,12537,12558,21,-0.5994502748625639,stop,2026-07-07
159892.SZ,long,12569,12595,26,-0.5994502748625772,stop,2026-07-07
159892.SZ,long,12606,12639,33,-0.0999500249875081,eod,2026-07-07
159892.SZ,short,12654,12656,2,0.5005502751375817,tp,2026-07-08
159892.SZ,long,12668,12676,8,-0.599450274862552,stop,2026-07-08
159892.SZ,long,12687,12705,18,-0.5994502748625434,stop,2026-07-08
159892.SZ,long,12716,12722,6,0.4994502748625746,tp,2026-07-08
159892.SZ,long,12733,12738,5,-0.5994502748625652,stop,2026-07-08
159892.SZ,long,12749,12773,24,0.4994502748625755,tp,2026-07-08
159892.SZ,long,12784,12879,95,-0.3841606934796999,eod,2026-07-08
159892.SZ,short,12897,12899,2,0.500550275137599,tp,2026-07-09
159892.SZ,short,12910,12911,1,-0.6005502751375398,stop,2026-07-09
159892.SZ,short,12925,12936,11,0.5005502751375698,tp,2026-07-09
159892.SZ,long,12991,13000,9,0.49945027486259597,tp,2026-07-09
159892.SZ,long,13019,13102,83,0.49945027486259497,tp,2026-07-09
159892.SZ,short,13135,13136,1,-0.6005502751375382,stop,2026-07-10
159892.SZ,short,13147,13148,1,-0.6005502751375423,stop,2026-07-10
159892.SZ,short,13159,13160,1,-0.6005502751375299,stop,2026-07-10
159892.SZ,short,13171,13181,10,-0.6005502751375299,stop,2026-07-10
159892.SZ,short,13192,13224,32,-0.6005502751375507,stop,2026-07-10
159892.SZ,short,13235,13240,5,0.500550275137579,tp,2026-07-10
159892.SZ,short,13254,13359,105,-0.37505016244384143,eod,2026-07-10
159892.SZ,long,13374,13377,3,0.4994502748625664,tp,2026-07-13
159892.SZ,long,13401,13417,16,-0.5994502748625603,stop,2026-07-13
159892.SZ,long,13428,13438,10,-0.5994502748625651,stop,2026-07-13
159892.SZ,long,13449,13491,42,0.4994502748625874,tp,2026-07-13
159892.SZ,long,13502,13536,34,0.4994502748625865,tp,2026-07-13
159892.SZ,long,13547,13583,36,0.4994502748625727,tp,2026-07-13
159892.SZ,long,13597,13599,2,-0.09995002498750921,eod,2026-07-13
159892.SZ,long,13618,13619,1,-0.5994502748625604,stop,2026-07-14
159892.SZ,short,13635,13636,1,-0.6005502751375463,stop,2026-07-14
159892.SZ,short,13647,13650,3,0.500550275137588,tp,2026-07-14
159892.SZ,short,13663,13681,18,0.5005502751375654,tp,2026-07-14
159892.SZ,short,13785,13809,24,-0.6005502751375412,stop,2026-07-14
159892.SZ,short,13820,13839,19,-0.10005002501248758,eod,2026-07-14
159892.SZ,short,13850,13860,10,-0.6005502751375535,stop,2026-07-15
159892.SZ,short,13871,13893,22,0.5005502751375722,tp,2026-07-15
159892.SZ,short,13904,13913,9,-0.6005502751375476,stop,2026-07-15
159892.SZ,short,13924,13949,25,-0.6005502751375428,stop,2026-07-15
159892.SZ,short,13960,13979,19,0.5005502751375835,tp,2026-07-15
159892.SZ,long,14029,14070,41,0.499450274862571,tp,2026-07-15
159892.SZ,long,14089,14091,2,-0.5994502748625509,stop,2026-07-16
159892.SZ,long,14107,14114,7,0.4994502748625692,tp,2026-07-16
159892.SZ,short,14136,14147,11,-0.6005502751375538,stop,2026-07-16
159892.SZ,short,14183,14201,18,0.5005502751375809,tp,2026-07-16
159892.SZ,short,14229,14250,21,0.5005502751375887,tp,2026-07-16
159892.SZ,long,14278,14292,14,-0.5994502748625645,stop,2026-07-16
159892.SZ,long,14303,14319,16,-0.09995002498749794,eod,2026-07-16
159920.SZ,long,3629,3759,130,-0.2931802957321817,eod,2026-05-14
159920.SZ,long,3922,3999,77,0.0310664339961223,eod,2026-05-15
159920.SZ,long,4929,4959,30,-0.3663501582542064,eod,2026-05-21
159920.SZ,long,5875,5919,44,-0.032631932012415404,eod,2026-05-27
159920.SZ,short,6690,6784,94,-0.6005502751375538,stop,2026-06-02
159920.SZ,short,6858,6879,21,-0.03419472894340486,eod,2026-06-02
159920.SZ,long,8360,8381,21,-0.5994502748625627,stop,2026-06-11
159920.SZ,long,8392,8440,48,0.4994502748625695,tp,2026-06-11
159920.SZ,long,9738,9759,21,0.042866343811665,eod,2026-06-18
159920.SZ,short,9898,9999,101,-0.45704021768372943,eod,2026-06-22
159920.SZ,long,10103,10188,85,-0.5994502748625544,stop,2026-06-23
159920.SZ,long,10199,10239,40,-0.24515358599767587,eod,2026-06-23
159920.SZ,long,10800,10855,55,0.49945027486256083,tp,2026-06-26
159920.SZ,short,11021,11199,178,-0.026609049205456974,eod,2026-06-29
159920.SZ,long,11241,11383,142,0.34636442017265073,revert,2026-06-30
159920.SZ,short,12203,12249,46,-0.6005502751375494,stop,2026-07-06
159920.SZ,long,12591,12639,48,0.2601799316635814,eod,2026-07-07
159920.SZ,short,12765,12802,37,-0.6005502751375402,stop,2026-07-08
159920.SZ,short,12813,12879,66,0.039559528718348454,eod,2026-07-08
159920.SZ,long,13019,13119,100,0.18126053088869173,eod,2026-07-09
159920.SZ,short,13200,13271,71,0.5005502751375848,tp,2026-07-10
159920.SZ,short,13776,13799,23,-0.6005502751375303,stop,2026-07-14
159920.SZ,short,13810,13839,29,0.10648377834034176,eod,2026-07-14
159934.SZ,long,3914,3999,85,-0.03986579284535047,eod,2026-05-15
159934.SZ,short,6790,6879,89,-0.37563902783447883,eod,2026-06-02
159934.SZ,long,7756,7794,38,0.4994502748625874,tp,2026-06-08
159934.SZ,long,8381,8399,18,-0.5994502748625616,stop,2026-06-11
159934.SZ,long,8424,8472,48,0.4994502748625673,tp,2026-06-11
159934.SZ,short,11408,11414,6,-0.6005502751375582,stop,2026-06-30
159934.SZ,short,11425,11439,14,-0.15728275801707756,eod,2026-06-30
159934.SZ,long,12290,12399,109,-0.08886971775869046,eod,2026-07-06
159937.SZ,long,3914,3999,85,-0.04752006278794602,eod,2026-05-15
159937.SZ,short,6790,6879,89,-0.36726852481232314,eod,2026-06-02
159937.SZ,long,7756,7782,26,0.4994502748625871,tp,2026-06-08
159937.SZ,long,8389,8472,83,0.4569592798192466,revert,2026-06-11
159937.SZ,short,11408,11414,6,-0.6005502751375424,stop,2026-06-30
159937.SZ,short,11425,11439,14,-0.08806486576619993,eod,2026-06-30
159941.SZ,short,2540,2559,19,0.030034510432616207,eod,2026-05-07
159941.SZ,short,2776,2799,23,0.02978142767883353,eod,2026-05-08
159941.SZ,short,3426,3519,93,-0.35557025481468957,eod,2026-05-13
159941.SZ,long,3922,3940,18,-0.5994502748625608,stop,2026-05-15
159941.SZ,long,3951,3983,32,0.4994502748625858,tp,2026-05-15
159941.SZ,long,4185,4239,54,-0.16545825447930584,eod,2026-05-18
159941.SZ,short,4675,4698,23,-0.6005502751375613,stop,2026-05-20
159941.SZ,short,4709,4719,10,-0.2308142967630039,eod,2026-05-20
159941.SZ,short,4848,4945,97,0.5005502751375823,tp,2026-05-21
159941.SZ,short,5412,5439,27,0.26372968434551214,eod,2026-05-25
159941.SZ,long,5650,5679,29,-0.22358870069915066,eod,2026-05-26
159941.SZ,long,6028,6040,12,-0.5994502748625605,stop,2026-05-28
159941.SZ,short,6263,6399,136,-0.2776373402549615,eod,2026-05-29
159941.SZ,short,6422,6423,1,-0.6005502751375492,stop,2026-06-01
159941.SZ,long,6472,6481,9,0.49945027486258303,tp,2026-06-01
159941.SZ,short,6527,6639,112,-0.3845868357714881,eod,2026-06-01
159941.SZ,short,6701,6702,1,0.5005502751375888,tp,2026-06-02
159941.SZ,short,6780,6826,46,0.5005502751375848,tp,2026-06-02
159941.SZ,long,7032,7084,52,-0.5994502748625671,stop,2026-06-03
159941.SZ,long,7095,7102,7,0.499450274862584,tp,2026-06-03
159941.SZ,short,7385,7386,1,-0.6005502751375563,stop,2026-06-05
159941.SZ,long,7587,7591,4,-0.5994502748625521,stop,2026-06-05
159941.SZ,short,7677,7720,43,0.500550275137575,tp,2026-06-08
159941.SZ,long,7761,7820,59,-0.5994502748625747,stop,2026-06-08
159941.SZ,long,7831,7839,8,0.2194235363136903,eod,2026-06-08
159941.SZ,short,7983,8036,53,-0.6005502751375523,stop,2026-06-09
159941.SZ,short,8047,8060,13,-0.6005502751375399,stop,2026-06-09
159941.SZ,short,8071,8079,8,-0.038751770251311435,eod,2026-06-09
159941.SZ,long,8372,8431,59,-0.5994502748625641,stop,2026-06-11
159941.SZ,short,8539,8559,20,-0.2909592113284963,eod,2026-06-11
159941.SZ,long,8727,8739,12,-0.5994502748625625,stop,2026-06-12
159941.SZ,long,8750,8778,28,-0.5994502748625552,stop,2026-06-12
159941.SZ,long,8789,8799,10,-0.22482508745626612,eod,2026-06-12
159941.SZ,short,9000,9039,39,-0.33938068855108217,eod,2026-06-15
159941.SZ,short,9499,9519,20,-0.3364137794989408,eod,2026-06-17
159941.SZ,long,9624,9647,23,0.4994502748625855,tp,2026-06-18
159941.SZ,short,9736,9759,23,-0.21844156850748297,eod,2026-06-18
159941.SZ,long,10127,10152,25,-0.5994502748625604,stop,2026-06-23
159941.SZ,long,10163,10223,60,-0.5994502748625709,stop,2026-06-23
159941.SZ,long,10234,10239,5,-0.0385486420895134,eod,2026-06-23
159941.SZ,short,10399,10479,80,-0.10005002501249145,eod,2026-06-24
159941.SZ,long,10552,10578,26,0.4994502748625772,tp,2026-06-25
159941.SZ,short,11137,11199,62,-0.16149879728076685,eod,2026-06-29
159941.SZ,long,11862,11911,49,-0.599450274862571,stop,2026-07-02
159941.SZ,short,12007,12159,152,0.1461985605348759,eod,2026-07-03
159941.SZ,short,13103,13119,16,-0.16195481785419236,eod,2026-07-09
159941.SZ,short,13750,13839,89,-0.10005002501249785,eod,2026-07-14
159980.SZ,short,2283,2319,36,-0.05344851196546294,eod,2026-05-06
159980.SZ,short,2748,2799,51,-0.05355673656614139,eod,2026-05-08
159980.SZ,long,3619,3682,63,0.499450274862594,tp,2026-05-14
159980.SZ,long,3950,3999,49,-0.33379845657696083,eod,2026-05-15
159980.SZ,short,4709,4719,10,-0.5689027183380937,eod,2026-05-20
159980.SZ,long,4930,4959,29,-0.3804368288480768,eod,2026-05-21
159980.SZ,long,7341,7359,18,0.08669182456880946,eod,2026-06-04
159980.SZ,short,13080,13119,39,-0.0035215293278263887,eod,2026-07-09
159981.SZ,short,273,288,15,0.500550275137576,tp,2026-04-21
159981.SZ,short,521,537,16,0.5005502751375863,tp,2026-04-22
159981.SZ,short,727,760,33,0.5005502751375832,tp,2026-04-23
159981.SZ,long,994,1119,125,-0.09995002498748269,eod,2026-04-24
159981.SZ,short,1487,1529,42,-0.6005502751375493,stop,2026-04-28
159981.SZ,short,1540,1589,49,-0.6005502751375436,stop,2026-04-28
159981.SZ,long,1680,1763,83,-0.5994502748625641,stop,2026-04-29
159981.SZ,short,1960,2004,44,0.5005502751375731,tp,2026-04-30
159981.SZ,long,2767,2799,32,-0.03884907699055739,eod,2026-05-08
159981.SZ,short,4817,4896,79,0.5005502751375753,tp,2026-05-21
159981.SZ,long,5059,5074,15,0.49945027486257565,tp,2026-05-22
159981.SZ,long,5288,5297,9,-0.5994502748625681,stop,2026-05-25
159981.SZ,long,5308,5318,10,-0.5994502748625619,stop,2026-05-25
159981.SZ,long,5329,5380,51,0.49945027486258736,tp,2026-05-25
159981.SZ,short,6027,6074,47,0.5005502751375774,tp,2026-05-28
159981.SZ,short,6740,6760,20,0.5005502751375859,tp,2026-06-02
159981.SZ,short,7439,7525,86,0.5005502751375832,tp,2026-06-05
159981.SZ,short,7687,7750,63,-0.6005502751375452,stop,2026-06-08
159981.SZ,short,7761,7816,55,-0.6005502751375427,stop,2026-06-08
159981.SZ,short,7827,7839,12,-0.33753531570054984,eod,2026-06-08
159981.SZ,long,8001,8079,78,0.08346499944644784,eod,2026-06-09
159981.SZ,short,8097,8114,17,-0.6005502751375547,stop,2026-06-10
159981.SZ,long,8223,8236,13,-0.5994502748625593,stop,2026-06-10
159981.SZ,long,8247,8319,72,0.14311579003686659,eod,2026-06-10
159981.SZ,long,8471,8559,88,0.08015823818861233,eod,2026-06-11
159981.SZ,short,8652,8723,71,0.5005502751375879,tp,2026-06-12
159981.SZ,long,10173,10216,43,-0.5994502748625601,stop,2026-06-23
159981.SZ,long,10227,10239,12,-0.03143147219255223,eod,2026-06-23
159981.SZ,short,10565,10636,71,0.5005502751375848,tp,2026-06-25
159981.SZ,short,11170,11199,29,0.25044034622353445,eod,2026-06-29
159981.SZ,short,12766,12822,56,0.5005502751375713,tp,2026-07-08
159981.SZ,long,13050,13119,69,0.03851158273948424,eod,2026-07-09
159981.SZ,long,13301,13359,58,-0.16971262971863912,eod,2026-07-10
159981.SZ,long,13425,13507,82,0.49945027486257043,tp,2026-07-13
159981.SZ,long,13559,13599,40,-0.3064973371343271,eod,2026-07-13
159981.SZ,long,13641,13662,21,-0.5994502748625611,stop,2026-07-14
159981.SZ,long,13753,13786,33,0.49945027486258764,tp,2026-07-14
159985.SZ,short,634,639,5,-0.1471337738483347,eod,2026-04-21
159985.SZ,long,1013,1111,98,0.4994502748625844,tp,2026-04-23
159985.SZ,long,1225,1249,24,-0.5994502748625419,stop,2026-04-24
159985.SZ,long,1260,1348,88,0.4994502748625769,tp,2026-04-24
159985.SZ,short,1870,1872,2,-0.6005502751375436,stop,2026-04-29
159985.SZ,long,2005,2079,74,-0.28418248229502535,eod,2026-04-29
159985.SZ,short,2370,2497,127,0.45375384787832085,revert,2026-05-06
159985.SZ,long,3678,3759,81,0.08530736949560472,eod,2026-05-13
159985.SZ,long,3968,3984,16,-0.5994502748625723,stop,2026-05-14
159985.SZ,long,4160,4175,15,-0.599450274862576,stop,2026-05-15
159985.SZ,long,4186,4239,53,0.043722146596909504,eod,2026-05-15
159985.SZ,long,4619,4648,29,0.49945027486259413,tp,2026-05-19
159985.SZ,long,5539,5573,34,-0.5994502748625418,stop,2026-05-25
159985.SZ,long,5584,5590,6,-0.599450274862549,stop,2026-05-25
159985.SZ,long,5601,5609,8,0.4994502748625787,tp,2026-05-25
159985.SZ,long,5676,5679,3,-0.0026763638628227323,eod,2026-05-25
159985.SZ,short,11792,11919,127,0.1499500999250744,eod,2026-07-01
159985.SZ,short,11977,12026,49,-0.6005502751375406,stop,2026-07-02
159985.SZ,short,12114,12120,6,-0.6005502751375476,stop,2026-07-02
159985.SZ,short,12131,12159,28,-0.1485246255088776,eod,2026-07-02
159985.SZ,long,12183,12214,31,-0.5994502748625665,stop,2026-07-03
159985.SZ,short,12631,12639,8,-0.47832135245704216,eod,2026-07-06
159985.SZ,long,12652,12746,94,-0.5994502748625444,stop,2026-07-07
159985.SZ,long,12757,12823,66,0.4994502748625769,tp,2026-07-07
159985.SZ,short,12870,12879,9,0.1320929481438707,eod,2026-07-07
159985.SZ,short,13092,13095,3,0.5005502751375895,tp,2026-07-08
159985.SZ,long,13162,13185,23,-0.5994502748625674,stop,2026-07-09
159985.SZ,long,13196,13197,1,-0.5994502748625524,stop,2026-07-09
159985.SZ,long,13208,13233,25,-0.5994502748625588,stop,2026-07-09
159985.SZ,long,13244,13249,5,0.49945027486258153,tp,2026-07-09
159985.SZ,long,13372,13418,46,0.36818516702288795,revert,2026-07-10
159985.SZ,short,13628,13634,6,0.5005502751375704,tp,2026-07-13
159985.SZ,short,13703,13712,9,0.5005502751375717,tp,2026-07-13
159985.SZ,short,13810,13811,1,-0.6005502751375559,stop,2026-07-13
159985.SZ,short,13908,13910,2,0.5005502751375812,tp,2026-07-14
159985.SZ,short,13945,13946,1,-0.600550275137546,stop,2026-07-14
159985.SZ,short,13969,14004,35,0.5005502751375849,tp,2026-07-14
159985.SZ,short,14123,14146,23,0.500550275137578,tp,2026-07-15
159985.SZ,long,14383,14386,3,-0.5994502748625539,stop,2026-07-16
159985.SZ,long,14397,14450,53,-0.5994502748625632,stop,2026-07-16
159985.SZ,long,14461,14512,51,-0.5994502748625639,stop,2026-07-16
159985.SZ,long,14523,14540,17,-0.5994502748625609,stop,2026-07-16
159985.SZ,long,14551,14559,8,0.0397703246279091,eod,2026-07-16
160140.SZ,long,6045,6100,55,0.49945027486256854,tp,2026-05-28
160140.SZ,long,9080,9279,199,-0.03057499028261021,eod,2026-06-16
160216.SZ,long,8256,8267,11,0.499450274862589,tp,2026-06-10
160216.SZ,long,9778,9820,42,-0.5994502748625595,stop,2026-06-22
160216.SZ,long,9831,9921,90,0.050956394914340654,revert,2026-06-22
160216.SZ,long,10121,10187,66,-0.5994502748625584,stop,2026-06-23
160216.SZ,long,10198,10239,41,0.3647013702451113,eod,2026-06-23
160216.SZ,short,10735,10736,1,0.5005502751375966,tp,2026-06-26
160216.SZ,long,10789,10931,142,0.4994502748625673,tp,2026-06-26
160216.SZ,long,10966,11199,233,-0.09995002498749171,eod,2026-06-29
160216.SZ,short,11417,11439,22,0.21873994322002854,eod,2026-06-30
160216.SZ,short,11927,11928,1,0.5005502751375834,tp,2026-07-03
160216.SZ,long,11939,11943,4,0.4994502748625695,tp,2026-07-03
160216.SZ,long,12086,12153,67,0.49945027486258586,tp,2026-07-03
160216.SZ,long,12183,12197,14,0.4994502748625767,tp,2026-07-06
160216.SZ,long,12241,12269,28,0.49945027486257576,tp,2026-07-06
160216.SZ,long,12892,12983,91,-0.5994502748625696,stop,2026-07-09
160216.SZ,long,12999,13070,71,0.4994502748625789,tp,2026-07-09
160416.SZ,long,234,256,22,-0.5994502748625591,stop,2026-04-21
160416.SZ,long,267,280,13,-0.5994502748625627,stop,2026-04-21
160416.SZ,long,291,297,6,-0.5994502748625554,stop,2026-04-21
160416.SZ,long,308,311,3,-0.5994502748625661,stop,2026-04-21
160416.SZ,long,322,342,20,0.4994502748625926,tp,2026-04-21
160416.SZ,long,353,394,41,-0.5994502748625652,stop,2026-04-21
160416.SZ,long,411,426,15,-0.5994502748625592,stop,2026-04-22
160416.SZ,long,437,461,24,-0.5994502748625545,stop,2026-04-22
160416.SZ,long,472,478,6,-0.5994502748625403,stop,2026-04-22
160416.SZ,long,489,526,37,-0.5994502748625531,stop,2026-04-22
160416.SZ,long,537,542,5,-0.5994502748625378,stop,2026-04-22
160416.SZ,long,553,592,39,0.49945027486258164,tp,2026-04-22
160416.SZ,long,604,609,5,-0.5994502748625387,stop,2026-04-22
160416.SZ,long,620,628,8,-0.5994502748625707,stop,2026-04-22
160416.SZ,long,639,640,1,0.4994502748625689,tp,2026-04-22
160416.SZ,short,686,690,4,-0.6005502751375454,stop,2026-04-23
160416.SZ,short,701,706,5,-0.6005502751375473,stop,2026-04-23
160416.SZ,short,717,718,1,-0.600550275137538,stop,2026-04-23
160416.SZ,short,729,733,4,0.5005502751375835,tp,2026-04-23
160416.SZ,short,744,753,9,0.5005502751375733,tp,2026-04-23
160416.SZ,short,766,772,6,0.5005502751375734,tp,2026-04-23
160416.SZ,long,797,802,5,-0.5994502748625488,stop,2026-04-23
160416.SZ,long,813,816,3,-0.5994502748625657,stop,2026-04-23
160416.SZ,long,827,844,17,0.49945027486256766,tp,2026-04-23
160416.SZ,long,862,879,17,-0.4471265670379275,eod,2026-04-23
160416.SZ,long,927,943,16,-0.5994502748625605,stop,2026-04-24
160416.SZ,long,954,957,3,-0.5994502748625553,stop,2026-04-24
160416.SZ,long,968,984,16,0.4994502748625753,tp,2026-04-24
160416.SZ,long,995,1013,18,0.4994502748625937,tp,2026-04-24
160416.SZ,long,1024,1071,47,-0.5994502748625502,stop,2026-04-24
160416.SZ,long,1082,1119,37,-0.2739161546784169,eod,2026-04-24
160416.SZ,long,1138,1225,87,-0.5994502748625569,stop,2026-04-27
160416.SZ,long,1236,1244,8,0.4994502748625718,tp,2026-04-27
160416.SZ,short,1516,1526,10,-0.6005502751375499,stop,2026-04-28
160416.SZ,long,1649,1839,190,-0.45467723306564684,eod,2026-04-29
160416.SZ,long,2054,2065,11,-0.5994502748625652,stop,2026-04-30
160416.SZ,long,2076,2079,3,-0.09995002498747695,eod,2026-04-30
160416.SZ,short,2160,2319,159,0.3576548219239881,eod,2026-05-06
160416.SZ,long,2695,2799,104,-0.3852428854587221,eod,2026-05-08
160416.SZ,short,3614,3616,2,0.500550275137559,tp,2026-05-14
160416.SZ,short,3942,3944,2,-0.6005502751375346,stop,2026-05-15
160416.SZ,short,3978,3980,2,0.500550275137575,tp,2026-05-15
160416.SZ,long,4019,4037,18,0.499450274862592,tp,2026-05-18
160416.SZ,short,4115,4124,9,0.5005502751375795,tp,2026-05-18
160416.SZ,short,4135,4157,22,0.5005502751375849,tp,2026-05-18
160416.SZ,short,4223,4226,3,-0.6005502751375551,stop,2026-05-18
160416.SZ,short,4237,4239,2,-0.05516211020308336,eod,2026-05-18
160416.SZ,short,4281,4297,16,0.5005502751375888,tp,2026-05-19
160416.SZ,long,4461,4463,2,-0.5994502748625555,stop,2026-05-19
160416.SZ,long,4474,4479,5,-0.23717536835975994,eod,2026-05-19
160416.SZ,long,4713,4719,6,-0.09995002498751361,eod,2026-05-20
160416.SZ,short,4870,4873,3,-0.6005502751375394,stop,2026-05-21
160416.SZ,short,4886,4891,5,-0.6005502751375275,stop,2026-05-21
160416.SZ,short,4902,4922,20,0.5005502751375722,tp,2026-05-21
160416.SZ,long,5321,5329,8,-0.5994502748625656,stop,2026-05-25
160416.SZ,short,5631,5632,1,-0.6005502751375476,stop,2026-05-26
160416.SZ,short,6025,6028,3,-0.6005502751375317,stop,2026-05-28
160416.SZ,short,6040,6042,2,-0.6005502751375549,stop,2026-05-28
160416.SZ,long,6074,6131,57,-0.5994502748625653,stop,2026-05-28
160416.SZ,long,6142,6159,17,-0.24501302107898534,eod,2026-05-28
160416.SZ,long,6784,6879,95,0.24067362324682712,eod,2026-06-02
160416.SZ,long,7628,7664,36,0.4994502748625773,tp,2026-06-08
160416.SZ,short,7727,7728,1,-0.6005502751375295,stop,2026-06-08
160416.SZ,short,7752,7753,1,-0.6005502751375389,stop,2026-06-08
160416.SZ,short,7764,7770,6,0.5005502751375704,tp,2026-06-08
160416.SZ,long,7783,7787,4,0.4994502748625648,tp,2026-06-08
160416.SZ,long,7801,7808,7,-0.5994502748625548,stop,2026-06-08
160416.SZ,short,7834,7836,2,0.5005502751375855,tp,2026-06-08
160416.SZ,short,8093,8094,1,0.5005502751375919,tp,2026-06-10
160416.SZ,short,8113,8116,3,0.5005502751375674,tp,2026-06-10
160416.SZ,long,8151,8157,6,-0.5994502748625474,stop,2026-06-10
160416.SZ,long,8168,8200,32,-0.5994502748625605,stop,2026-06-10
160416.SZ,long,8211,8230,19,-0.599450274862549,stop,2026-06-10
160416.SZ,long,8241,8319,78,-0.09995002498749904,eod,2026-06-10
160416.SZ,long,8408,8422,14,0.49945027486258525,tp,2026-06-11
160416.SZ,long,8440,8470,30,0.4994502748625635,tp,2026-06-11
160416.SZ,long,9819,9920,101,-0.5994502748625584,stop,2026-06-22
160416.SZ,short,12650,12653,3,0.5005502751375757,tp,2026-07-08
160416.SZ,long,12700,12701,1,-0.5994502748625574,stop,2026-07-08
160416.SZ,long,12712,12780,68,0.4994502748625696,tp,2026-07-08
160416.SZ,short,12974,12975,1,-0.6005502751375454,stop,2026-07-09
160416.SZ,long,13013,13017,4,0.4994502748625635,tp,2026-07-09
160416.SZ,long,13035,13042,7,-0.5994502748625506,stop,2026-07-09
160416.SZ,long,13053,13119,66,0.0013171316014613836,eod,2026-07-09
160416.SZ,long,13396,13454,58,0.4994502748625615,tp,2026-07-13
160416.SZ,short,13508,13510,2,-0.6005502751375532,stop,2026-07-13
160416.SZ,short,13526,13530,4,0.5005502751375916,tp,2026-07-13
160416.SZ,long,13584,13599,15,0.49915072448783815,eod,2026-07-13
160416.SZ,long,13624,13626,2,0.4994502748625902,tp,2026-07-14
160416.SZ,long,13649,13653,4,-0.599450274862549,stop,2026-07-14
160416.SZ,long,13664,13679,15,0.49945027486258553,tp,2026-07-14
160416.SZ,long,13720,13730,10,-0.5994502748625532,stop,2026-07-14
160416.SZ,long,13741,13747,6,-0.5994502748625778,stop,2026-07-14
160416.SZ,long,13758,13769,11,0.49945027486257904,tp,2026-07-14
160416.SZ,long,13780,13808,28,0.4994502748625844,tp,2026-07-14
160416.SZ,long,13820,13828,8,0.4994502748625844,tp,2026-07-14
160416.SZ,long,13995,13997,2,-0.5994502748625573,stop,2026-07-15
160416.SZ,long,14008,14079,71,-0.1978432635715372,eod,2026-07-15
160416.SZ,long,14201,14308,107,-0.599450274862554,stop,2026-07-16
160723.SZ,long,215,218,3,-0.5994502748625494,stop,2026-04-21
160723.SZ,long,229,242,13,-0.5994502748625599,stop,2026-04-21
160723.SZ,long,253,262,9,0.49945027486258076,tp,2026-04-21
160723.SZ,long,277,280,3,-0.5994502748625659,stop,2026-04-21
160723.SZ,long,291,298,7,-0.5994502748625539,stop,2026-04-21
160723.SZ,long,309,318,9,-0.5994502748625813,stop,2026-04-21
160723.SZ,long,329,332,3,-0.5994502748625479,stop,2026-04-21
160723.SZ,long,350,367,17,-0.5994502748625539,stop,2026-04-21
160723.SZ,long,378,399,21,-0.3219501360430731,eod,2026-04-21
160723.SZ,long,471,475,4,-0.5994502748625632,stop,2026-04-22
160723.SZ,long,491,523,32,-0.5994502748625647,stop,2026-04-22
160723.SZ,long,534,536,2,-0.5994502748625703,stop,2026-04-22
160723.SZ,long,547,554,7,-0.5994502748625453,stop,2026-04-22
160723.SZ,long,565,568,3,0.499450274862567,tp,2026-04-22
160723.SZ,long,579,583,4,-0.5994502748625437,stop,2026-04-22
160723.SZ,long,594,599,5,-0.599450274862561,stop,2026-04-22
160723.SZ,long,610,627,17,-0.5994502748625713,stop,2026-04-22
160723.SZ,long,638,639,1,-0.053092590665256435,eod,2026-04-22
160723.SZ,short,682,686,4,-0.6005502751375559,stop,2026-04-23
160723.SZ,short,697,700,3,-0.6005502751375531,stop,2026-04-23
160723.SZ,short,711,714,3,-0.6005502751375669,stop,2026-04-23
160723.SZ,short,725,740,15,-0.600550275137546,stop,2026-04-23
160723.SZ,short,751,755,4,0.5005502751375847,tp,2026-04-23
160723.SZ,short,766,775,9,0.5005502751375926,tp,2026-04-23
160723.SZ,long,802,805,3,-0.5994502748625813,stop,2026-04-23
160723.SZ,long,816,820,4,-0.599450274862557,stop,2026-04-23
160723.SZ,long,831,843,12,0.4994502748625891,tp,2026-04-23
160723.SZ,short,885,886,1,0.5005502751375901,tp,2026-04-24
160723.SZ,long,934,946,12,-0.5994502748625532,stop,2026-04-24
160723.SZ,long,957,964,7,-0.5994502748625654,stop,2026-04-24
160723.SZ,long,975,988,13,-0.5994502748625755,stop,2026-04-24
160723.SZ,long,999,1000,1,-0.5994502748625632,stop,2026-04-24
160723.SZ,long,1011,1030,19,-0.5994502748625582,stop,2026-04-24
160723.SZ,long,1041,1067,26,0.4994502748625753,tp,2026-04-24
160723.SZ,long,1078,1098,20,0.4994502748625772,tp,2026-04-24
160723.SZ,long,1112,1119,7,-0.3135029321593857,eod,2026-04-24
160723.SZ,long,1135,1182,47,-0.5994502748625635,stop,2026-04-27
160723.SZ,long,1198,1244,46,0.49945027486256444,tp,2026-04-27
160723.SZ,short,1255,1257,2,0.5005502751375763,tp,2026-04-27
160723.SZ,short,1278,1285,7,0.500550275137579,tp,2026-04-27
160723.SZ,short,1517,1524,7,-0.6005502751375471,stop,2026-04-28
160723.SZ,short,1535,1538,3,0.5005502751375966,tp,2026-04-28
160723.SZ,short,1558,1568,10,0.5005502751375819,tp,2026-04-28
160723.SZ,short,1580,1599,19,0.19460949987190368,eod,2026-04-28
160723.SZ,long,1647,1655,8,-0.5994502748625609,stop,2026-04-29
160723.SZ,long,1666,1730,64,0.49945027486258053,tp,2026-04-29
160723.SZ,long,1762,1839,77,-0.18306154742925923,eod,2026-04-29
160723.SZ,long,2012,2042,30,0.49945027486258103,tp,2026-04-30
160723.SZ,long,2060,2065,5,-0.5994502748625531,stop,2026-04-30
160723.SZ,long,2076,2079,3,-0.09995002498749096,eod,2026-04-30
160723.SZ,short,2215,2256,41,0.5005502751375749,tp,2026-05-06
160723.SZ,long,2508,2542,34,-0.5994502748625377,stop,2026-05-07
160723.SZ,long,2553,2559,6,-0.32813652561565454,eod,2026-05-07
160723.SZ,long,2702,2728,26,-0.5994502748625523,stop,2026-05-08
160723.SZ,long,2739,2746,7,-0.5994502748625546,stop,2026-05-08
160723.SZ,long,2757,2799,42,-0.1911413074840705,eod,2026-05-08
160723.SZ,long,2835,2920,85,0.49945027486256566,tp,2026-05-11
160723.SZ,long,3024,3039,15,-0.09995002498749193,eod,2026-05-11
160723.SZ,long,3367,3405,38,-0.5994502748625671,stop,2026-05-13
160723.SZ,long,3416,3519,103,-0.054643879874130614,eod,2026-05-13
160723.SZ,short,3593,3597,4,-0.6005502751375532,stop,2026-05-14
160723.SZ,short,3608,3611,3,-0.6005502751375383,stop,2026-05-14
160723.SZ,short,3622,3625,3,0.5005502751375777,tp,2026-05-14
160723.SZ,long,3698,3743,45,-0.5994502748625531,stop,2026-05-14
160723.SZ,long,3754,3759,5,-0.008758742490906439,eod,2026-05-14
160723.SZ,short,3929,3933,4,0.5005502751375869,tp,2026-05-15
160723.SZ,long,4017,4026,9,0.4994502748625885,tp,2026-05-18
160723.SZ,short,4042,4046,4,0.5005502751375827,tp,2026-05-18
160723.SZ,short,4104,4125,21,0.5005502751375738,tp,2026-05-18
160723.SZ,short,4140,4167,27,0.5005502751375673,tp,2026-05-18
160723.SZ,short,4197,4202,5,-0.6005502751375533,stop,2026-05-18
160723.SZ,short,4213,4214,1,-0.6005502751375411,stop,2026-05-18
160723.SZ,short,4225,4228,3,0.5005502751375718,tp,2026-05-18
160723.SZ,short,4239,4240,1,0.5005502751375729,tp,2026-05-18
160723.SZ,short,4279,4280,1,-0.6005502751375452,stop,2026-05-19
160723.SZ,short,4291,4292,1,0.5005502751375841,tp,2026-05-19
160723.SZ,short,4326,4329,3,0.5005502751375814,tp,2026-05-19
160723.SZ,long,4361,4363,2,0.4994502748625675,tp,2026-05-19
160723.SZ,short,4421,4428,7,0.5005502751375753,tp,2026-05-19
160723.SZ,long,4460,4479,19,-0.31214214473050267,eod,2026-05-19
160723.SZ,long,4677,4688,11,-0.5994502748625755,stop,2026-05-20
160723.SZ,long,4699,4711,12,-0.5994502748625663,stop,2026-05-20
160723.SZ,short,4804,4855,51,-0.6005502751375448,stop,2026-05-21
160723.SZ,short,4866,4886,20,-0.6005502751375436,stop,2026-05-21
160723.SZ,short,4897,4900,3,-0.6005502751375614,stop,2026-05-21
160723.SZ,short,4911,4913,2,-0.6005502751375498,stop,2026-05-21
160723.SZ,short,4924,4932,8,0.5005502751375691,tp,2026-05-21
160723.SZ,long,5315,5324,9,-0.5994502748625665,stop,2026-05-25
160723.SZ,long,5335,5386,51,0.4994502748625864,tp,2026-05-25
160723.SZ,long,5409,5439,30,-0.19270773155667428,eod,2026-05-25
160723.SZ,long,5509,5560,51,0.49945027486258814,tp,2026-05-26
160723.SZ,long,5773,5909,136,-0.5994502748625611,stop,2026-05-27
160723.SZ,short,6009,6010,1,-0.6005502751375589,stop,2026-05-28
160723.SZ,short,6021,6024,3,-0.6005502751375473,stop,2026-05-28
160723.SZ,short,6035,6040,5,-0.600550275137546,stop,2026-05-28
160723.SZ,short,6051,6058,7,0.5005502751375888,tp,2026-05-28
160723.SZ,long,6075,6082,7,0.499450274862592,tp,2026-05-28
160723.SZ,long,6093,6099,6,0.49945027486258925,tp,2026-05-28
160723.SZ,long,6110,6139,29,-0.5994502748625556,stop,2026-05-28
160723.SZ,long,6150,6159,9,0.2251547401566768,eod,2026-05-28
160723.SZ,short,6659,6660,1,0.5005502751375861,tp,2026-06-02
160723.SZ,long,6773,6791,18,-0.5994502748625563,stop,2026-06-02
160723.SZ,long,6802,6879,77,0.17627131134896568,eod,2026-06-02
160723.SZ,short,7052,7072,20,-0.6005502751375474,stop,2026-06-03
160723.SZ,short,7083,7091,8,-0.6005502751375581,stop,2026-06-03
160723.SZ,short,7105,7119,14,-0.011269492839545115,eod,2026-06-03
160723.SZ,short,7249,7256,7,-0.6005502751375589,stop,2026-06-04
160723.SZ,short,7432,7458,26,0.5005502751375582,tp,2026-06-05
160723.SZ,long,7564,7599,35,-0.19155942432267822,eod,2026-06-05
160723.SZ,short,7690,7694,4,-0.6005502751375448,stop,2026-06-08
160723.SZ,short,7705,7720,15,-0.6005502751375486,stop,2026-06-08
160723.SZ,short,7731,7733,2,-0.6005502751375342,stop,2026-06-08
160723.SZ,short,7744,7747,3,0.500550275137584,tp,2026-06-08
160723.SZ,short,7758,7770,12,0.5005502751375811,tp,2026-06-08
160723.SZ,short,7781,7788,7,-0.6005502751375515,stop,2026-06-08
160723.SZ,short,7799,7802,3,0.5005502751375752,tp,2026-06-08
160723.SZ,short,7813,7816,3,-0.6005502751375337,stop,2026-06-08
160723.SZ,short,7827,7828,1,-0.6005502751375466,stop,2026-06-08
160723.SZ,short,7839,7840,1,0.500550275137589,tp,2026-06-08
160723.SZ,long,7856,7864,8,0.49945027486257393,tp,2026-06-09
160723.SZ,long,7899,7929,30,-0.5994502748625387,stop,2026-06-09
160723.SZ,long,7940,7971,31,0.49945027486258486,tp,2026-06-09
160723.SZ,long,7982,8003,21,-0.5994502748625485,stop,2026-06-09
160723.SZ,long,8014,8038,24,-0.5994502748625692,stop,2026-06-09
160723.SZ,long,8049,8079,30,0.12627291426752404,eod,2026-06-09
160723.SZ,short,8090,8091,1,-0.6005502751375454,stop,2026-06-10
160723.SZ,short,8102,8106,4,-0.6005502751375428,stop,2026-06-10
160723.SZ,short,8117,8122,5,0.5005502751375838,tp,2026-06-10
160723.SZ,short,8138,8140,2,0.5005502751375851,tp,2026-06-10
160723.SZ,short,8170,8172,2,0.5005502751375777,tp,2026-06-10
160723.SZ,long,8206,8209,3,0.4994502748625668,tp,2026-06-10
160723.SZ,long,8227,8233,6,-0.599450274862551,stop,2026-06-10
160723.SZ,long,8244,8247,3,0.4994502748625715,tp,2026-06-10
160723.SZ,long,8258,8267,9,-0.5994502748625531,stop,2026-06-10
160723.SZ,long,8278,8280,2,-0.5994502748625715,stop,2026-06-10
160723.SZ,long,8291,8301,10,0.49945027486256593,tp,2026-06-10
160723.SZ,long,8312,8315,3,-0.5994502748625661,stop,2026-06-10
160723.SZ,short,8371,8375,4,-0.600550275137538,stop,2026-06-11
160723.SZ,long,8440,8444,4,0.4994502748625897,tp,2026-06-11
160723.SZ,long,8455,8460,5,-0.5994502748625592,stop,2026-06-11
160723.SZ,long,8471,8477,6,-0.5994502748625608,stop,2026-06-11
160723.SZ,long,8488,8499,11,0.49945027486257876,tp,2026-06-11
160723.SZ,long,8510,8544,34,0.4994502748625668,tp,2026-06-11
160723.SZ,long,8555,8559,4,0.07508291408392849,eod,2026-06-11
160723.SZ,short,8582,8584,2,-0.6005502751375383,stop,2026-06-12
160723.SZ,short,8786,8787,1,-0.6005502751375461,stop,2026-06-12
160723.SZ,short,8798,8799,1,-0.10005002501248512,eod,2026-06-12
160723.SZ,short,8826,8853,27,0.5005502751375903,tp,2026-06-15
160723.SZ,long,9100,9116,16,-0.599450274862559,stop,2026-06-16
160723.SZ,long,9127,9131,4,-0.5994502748625304,stop,2026-06-16
160723.SZ,long,9142,9162,20,-0.5994502748625632,stop,2026-06-16
160723.SZ,long,9173,9199,26,0.4994502748625861,tp,2026-06-16
160723.SZ,long,9230,9266,36,0.49945027486259,tp,2026-06-16
160723.SZ,short,9456,9460,4,0.5005502751375804,tp,2026-06-17
160723.SZ,short,9471,9486,15,-0.6005502751375382,stop,2026-06-17
160723.SZ,short,9590,9593,3,-0.6005502751375422,stop,2026-06-18
160723.SZ,short,9608,9614,6,0.5005502751375738,tp,2026-06-18
160723.SZ,long,9823,9835,12,-0.5994502748625635,stop,2026-06-22
160723.SZ,long,9885,9999,114,-0.048824103812961754,eod,2026-06-22
160723.SZ,long,10111,10150,39,-0.5994502748625541,stop,2026-06-23
160723.SZ,long,10161,10164,3,-0.599450274862555,stop,2026-06-23
160723.SZ,long,10175,10207,32,-0.5994502748625568,stop,2026-06-23
160723.SZ,long,10218,10228,10,0.4994502748625824,tp,2026-06-23
160723.SZ,long,10239,10240,1,-0.5994502748625531,stop,2026-06-23
160723.SZ,long,10261,10329,68,-0.5994502748625596,stop,2026-06-24
160723.SZ,long,10347,10424,77,0.49945027486257687,tp,2026-06-24
160723.SZ,long,10488,10500,12,-0.5994502748625462,stop,2026-06-25
160723.SZ,long,10663,10719,56,-0.5120303725567923,eod,2026-06-25
160723.SZ,short,10732,10737,5,0.5005502751375821,tp,2026-06-26
160723.SZ,long,10786,10800,14,-0.5994502748625551,stop,2026-06-26
160723.SZ,long,10811,10840,29,-0.5994502748625581,stop,2026-06-26
160723.SZ,long,10851,10868,17,0.4994502748625874,tp,2026-06-26
160723.SZ,long,10881,10900,19,0.4994502748625801,tp,2026-06-26
160723.SZ,long,10911,10959,48,-0.2743971436865846,eod,2026-06-26
160723.SZ,long,11124,11175,51,0.49945027486259413,tp,2026-06-29
160723.SZ,short,11721,11783,62,0.5005502751375769,tp,2026-07-02
160723.SZ,short,11941,11942,1,-0.6005502751375523,stop,2026-07-03
160723.SZ,short,12349,12352,3,-0.6005502751375456,stop,2026-07-06
160723.SZ,short,12453,12456,3,-0.600550275137546,stop,2026-07-07
160723.SZ,short,12524,12530,6,0.5005502751375788,tp,2026-07-07
160723.SZ,short,12586,12590,4,0.5005502751375703,tp,2026-07-07
160723.SZ,short,12648,12650,2,-0.6005502751375563,stop,2026-07-08
160723.SZ,short,12682,12701,19,0.5005502751375795,tp,2026-07-08
160723.SZ,long,12754,12760,6,0.49945027486257576,tp,2026-07-08
160723.SZ,short,12780,12832,52,-0.6005502751375456,stop,2026-07-08
160723.SZ,short,12843,12852,9,-0.6005502751375432,stop,2026-07-08
160723.SZ,short,12863,12867,4,-0.6005502751375474,stop,2026-07-08
160723.SZ,long,12886,12887,1,-0.5994502748625574,stop,2026-07-09
160723.SZ,short,12957,12961,4,-0.6005502751375462,stop,2026-07-09
160723.SZ,short,12973,13009,36,0.5005502751376008,tp,2026-07-09
160723.SZ,long,13039,13040,1,-0.5994502748625583,stop,2026-07-09
160723.SZ,long,13051,13052,1,-0.5994502748625531,stop,2026-07-09
160723.SZ,long,13063,13065,2,0.49945027486257937,tp,2026-07-09
160723.SZ,long,13076,13090,14,-0.5994502748625636,stop,2026-07-09
160723.SZ,long,13101,13103,2,-0.599450274862555,stop,2026-07-09
160723.SZ,long,13114,13119,5,-0.09995002498748996,eod,2026-07-09
160723.SZ,short,13141,13146,5,0.5005502751375802,tp,2026-07-10
160723.SZ,short,13157,13167,10,0.5005502751375689,tp,2026-07-10
160723.SZ,short,13182,13198,16,-0.6005502751375444,stop,2026-07-10
160723.SZ,short,13209,13218,9,0.5005502751375863,tp,2026-07-10
160723.SZ,short,13229,13271,42,0.5005502751375795,tp,2026-07-10
160723.SZ,long,13291,13297,6,-0.5994502748625622,stop,2026-07-10
160723.SZ,long,13308,13314,6,-0.5994502748625669,stop,2026-07-10
160723.SZ,long,13325,13333,8,0.49945027486257115,tp,2026-07-10
160723.SZ,long,13396,13400,4,-0.5994502748625661,stop,2026-07-13
160723.SZ,long,13419,13446,27,0.49945027486257754,tp,2026-07-13
160723.SZ,short,13486,13491,5,0.5005502751375863,tp,2026-07-13
160723.SZ,short,13502,13510,8,-0.6005502751375519,stop,2026-07-13
160723.SZ,short,13522,13526,4,-0.6005502751375519,stop,2026-07-13
160723.SZ,short,13537,13551,14,0.5005502751375873,tp,2026-07-13
160723.SZ,long,13585,13588,3,-0.5994502748625661,stop,2026-07-13
160723.SZ,short,13599,13600,1,-0.6005502751375532,stop,2026-07-13
160723.SZ,long,13649,13653,4,-0.5994502748625682,stop,2026-07-14
160723.SZ,short,13709,13720,11,0.5005502751375921,tp,2026-07-14
160723.SZ,long,13731,13732,1,0.49945027486258337,tp,2026-07-14
160723.SZ,long,13750,13772,22,0.4994502748625869,tp,2026-07-14
160723.SZ,short,13808,13811,3,0.5005502751375666,tp,2026-07-14
160723.SZ,short,13823,13828,5,-0.6005502751375611,stop,2026-07-14
160723.SZ,short,13839,13840,1,-0.10005002501250197,revert,2026-07-14
160723.SZ,short,13904,13905,1,-0.6005502751375363,stop,2026-07-15
160723.SZ,short,13922,13923,1,-0.6005502751375448,stop,2026-07-15
160723.SZ,short,13934,13936,2,0.5005502751375912,tp,2026-07-15
160723.SZ,short,13948,13956,8,0.500550275137607,tp,2026-07-15
160723.SZ,long,13983,13985,2,-0.5994502748625623,stop,2026-07-15
160723.SZ,long,13996,14002,6,0.49945027486257687,tp,2026-07-15
160723.SZ,long,14013,14015,2,-0.5994502748625601,stop,2026-07-15
160723.SZ,long,14026,14029,3,0.49945027486256566,tp,2026-07-15
160723.SZ,long,14040,14064,24,-0.599450274862557,stop,2026-07-15
160723.SZ,long,14075,14076,1,-0.599450274862542,stop,2026-07-15
160723.SZ,long,14089,14092,3,0.4994502748625923,tp,2026-07-16
160723.SZ,long,14119,14120,1,-0.5994502748625578,stop,2026-07-16
160723.SZ,long,14131,14133,2,0.4994502748625797,tp,2026-07-16
160723.SZ,long,14144,14149,5,0.49945027486258153,tp,2026-07-16
160723.SZ,long,14160,14180,20,-0.599450274862562,stop,2026-07-16
160723.SZ,long,14191,14197,6,-0.5994502748625653,stop,2026-07-16
160723.SZ,long,14208,14216,8,-0.5994502748625663,stop,2026-07-16
160723.SZ,long,14227,14235,8,-0.5994502748625665,stop,2026-07-16
160723.SZ,long,14246,14248,2,-0.5994502748625482,stop,2026-07-16
160723.SZ,long,14259,14271,12,0.4994502748625749,tp,2026-07-16
160723.SZ,long,14282,14292,10,0.4994502748625604,tp,2026-07-16
160723.SZ,long,14303,14305,2,-0.5994502748625615,stop,2026-07-16
160723.SZ,long,14316,14319,3,-0.05154883798410987,eod,2026-07-16
161226.SZ,long,716,718,2,-0.5994502748625694,stop,2026-04-23
161226.SZ,long,967,983,16,-0.5994502748625732,stop,2026-04-24
161226.SZ,short,1202,1257,55,0.5005502751375794,tp,2026-04-27
161226.SZ,long,1522,1529,7,0.49945027486257254,tp,2026-04-28
161226.SZ,short,2053,2068,15,-0.6005502751375524,stop,2026-04-30
161226.SZ,short,2079,2080,1,-0.10005002501250378,revert,2026-04-30
161226.SZ,long,2464,2522,58,0.4994502748625734,tp,2026-05-07
161226.SZ,long,2926,2976,50,-0.5994502748625518,stop,2026-05-11
161226.SZ,long,2987,3015,28,0.4994502748625966,tp,2026-05-11
161226.SZ,long,3050,3051,1,-0.5994502748625574,stop,2026-05-12
161226.SZ,long,3069,3126,57,0.49945027486257193,tp,2026-05-12
161226.SZ,long,3228,3253,25,-0.5994502748625538,stop,2026-05-12
161226.SZ,long,3264,3279,15,-0.1723151463022438,eod,2026-05-12
161226.SZ,long,3543,3618,75,-0.5994502748625593,stop,2026-05-14
161226.SZ,long,3629,3679,50,0.4994502748625831,tp,2026-05-14
161226.SZ,short,3867,3882,15,0.5005502751375623,tp,2026-05-15
161226.SZ,long,3921,3961,40,0.4994502748625692,tp,2026-05-15
161226.SZ,short,4006,4007,1,-0.6005502751375441,stop,2026-05-18
161226.SZ,short,4018,4020,2,-0.6005502751375401,stop,2026-05-18
161226.SZ,short,4031,4033,2,-0.600550275137539,stop,2026-05-18
161226.SZ,short,4044,4239,195,-0.4591175619694865,eod,2026-05-18
161226.SZ,long,4285,4479,194,0.3449489829983812,eod,2026-05-19
161226.SZ,short,4714,4716,2,-0.6005502751375418,stop,2026-05-20
161226.SZ,long,4792,4916,124,-0.5994502748625462,stop,2026-05-21
161226.SZ,long,4927,4931,4,-0.5994502748625531,stop,2026-05-21
161226.SZ,long,4942,4959,17,-0.34887041529068413,eod,2026-05-21
161226.SZ,short,5115,5119,4,-0.6005502751375412,stop,2026-05-22
161226.SZ,short,5130,5137,7,0.5005502751375676,tp,2026-05-22
161226.SZ,short,5148,5199,51,-0.5121539773591955,eod,2026-05-22
161226.SZ,long,5218,5439,221,-0.18176824773526085,eod,2026-05-25
161226.SZ,short,5509,5516,7,0.5005502751375764,tp,2026-05-26
161226.SZ,long,5726,5729,3,-0.5994502748625538,stop,2026-05-27
161226.SZ,long,5743,5843,100,-0.5994502748625488,stop,2026-05-27
161226.SZ,long,5854,5871,17,-0.599450274862551,stop,2026-05-27
161226.SZ,long,5882,5919,37,0.16179683084223606,eod,2026-05-27
161226.SZ,long,6043,6073,30,0.4994502748625955,tp,2026-05-28
161226.SZ,short,6086,6159,73,-0.19039303045022932,eod,2026-05-28
161226.SZ,long,6179,6193,14,0.49945027486256627,tp,2026-05-29
161226.SZ,long,6221,6399,178,-0.05480766169104939,eod,2026-05-29
161226.SZ,short,6443,6500,57,0.5005502751375921,tp,2026-06-01
161226.SZ,long,6661,6682,21,0.4591920457681878,revert,2026-06-02
161226.SZ,short,6785,6791,6,-0.6005502751375666,stop,2026-06-02
161226.SZ,short,6802,6853,51,-0.600550275137529,stop,2026-06-02
161226.SZ,short,6864,6865,1,-0.6005502751375421,stop,2026-06-02
161226.SZ,short,6876,6879,3,-0.1892657558725713,eod,2026-06-02
161226.SZ,short,6898,6909,11,0.5005502751375921,tp,2026-06-03
161226.SZ,short,6968,6995,27,-0.600550275137529,stop,2026-06-03
161226.SZ,short,7609,7611,2,-0.6005502751375542,stop,2026-06-08
161226.SZ,short,7622,7628,6,-0.6005502751375519,stop,2026-06-08
161226.SZ,short,7639,7684,45,0.5005502751375779,tp,2026-06-08
161226.SZ,long,7695,7699,4,-0.5994502748625514,stop,2026-06-08
161226.SZ,long,7754,7757,3,-0.5994502748625565,stop,2026-06-08
161226.SZ,long,7768,7772,4,0.49945027486258864,tp,2026-06-08
161226.SZ,short,8066,8069,3,-0.6005502751375341,stop,2026-06-09
161226.SZ,long,8181,8247,66,0.49945027486258475,tp,2026-06-10
161226.SZ,short,8268,8309,41,0.5005502751375831,tp,2026-06-10
161226.SZ,long,8381,8388,7,-0.5994502748625569,stop,2026-06-11
161226.SZ,long,8399,8406,7,0.4994502748625797,tp,2026-06-11
161226.SZ,long,8417,8474,57,0.4994502748625714,tp,2026-06-11
161226.SZ,long,8535,8559,24,0.063641759906077,eod,2026-06-11
161226.SZ,short,8603,8649,46,-0.6005502751375497,stop,2026-06-12
161226.SZ,short,8660,8668,8,-0.6005502751375486,stop,2026-06-12
161226.SZ,short,8679,8683,4,0.5005502751375785,tp,2026-06-12
161226.SZ,short,8694,8720,26,0.5005502751375827,tp,2026-06-12
161226.SZ,short,8805,8807,2,0.5005502751375671,tp,2026-06-15
161226.SZ,short,8844,8898,54,0.5005502751375901,tp,2026-06-15
161226.SZ,short,9025,9031,6,-0.6005502751375384,stop,2026-06-15
161226.SZ,short,9125,9143,18,-0.6005502751375519,stop,2026-06-16
161226.SZ,short,9154,9162,8,-0.6005502751375322,stop,2026-06-16
161226.SZ,short,9173,9195,22,0.5005502751375768,tp,2026-06-16
161226.SZ,short,9206,9240,34,0.5005502751375914,tp,2026-06-16
161226.SZ,short,9251,9279,28,-0.05114917009065002,eod,2026-06-16
161226.SZ,short,9902,9903,1,-0.6005502751375407,stop,2026-06-22
161226.SZ,short,9914,9930,16,-0.6005502751375414,stop,2026-06-22
161226.SZ,short,9941,9950,9,-0.6005502751375466,stop,2026-06-22
161226.SZ,short,9961,9999,38,-0.2512585597934768,eod,2026-06-22
161226.SZ,long,10136,10217,81,-0.5994502748625641,stop,2026-06-23
161226.SZ,short,10387,10390,3,-0.6005502751375347,stop,2026-06-24
161226.SZ,short,10401,10429,28,-0.6005502751375463,stop,2026-06-24
161226.SZ,short,10440,10479,39,0.060024681850526146,eod,2026-06-24
161226.SZ,short,10606,10631,25,0.5005502751375712,tp,2026-06-25
161226.SZ,long,10762,10782,20,-0.5994502748625629,stop,2026-06-26
161226.SZ,long,10793,10803,10,-0.5994502748625561,stop,2026-06-26
161226.SZ,long,10814,10852,38,-0.5994502748625641,stop,2026-06-26
161226.SZ,long,10863,10875,12,0.4994502748625664,tp,2026-06-26
161226.SZ,long,10886,10915,29,-0.5994502748625561,stop,2026-06-26
161226.SZ,short,11064,11080,16,0.5005502751375809,tp,2026-06-29
161226.SZ,short,11406,11409,3,-0.6005502751375489,stop,2026-06-30
161226.SZ,short,11420,11427,7,-0.6005502751375569,stop,2026-06-30
161226.SZ,short,11438,11439,1,-0.10005002501250487,eod,2026-06-30
161226.SZ,short,11541,11632,91,0.500550275137566,tp,2026-07-01
161226.SZ,short,11761,11824,63,-0.6005502751375472,stop,2026-07-02
161226.SZ,short,11837,11846,9,-0.6005502751375611,stop,2026-07-02
161226.SZ,short,11857,11862,5,-0.6005502751375428,stop,2026-07-02
161226.SZ,short,11873,11895,22,-0.6005502751375528,stop,2026-07-02
161226.SZ,short,11906,11919,13,-0.26790924808407107,eod,2026-07-02
161226.SZ,short,11932,11934,2,0.5005502751375741,tp,2026-07-03
161226.SZ,short,11957,11975,18,-0.6005502751375402,stop,2026-07-03
161226.SZ,short,11986,11992,6,-0.600550275137544,stop,2026-07-03
161226.SZ,short,12003,12012,9,0.5005502751375851,tp,2026-07-03
161226.SZ,short,12023,12060,37,-0.6005502751375411,stop,2026-07-03
161226.SZ,short,12071,12128,57,0.500550275137579,tp,2026-07-03
161226.SZ,short,12139,12154,15,-0.6005502751375508,stop,2026-07-03
161226.SZ,short,12165,12167,2,0.5005502751375833,tp,2026-07-06
161226.SZ,short,12178,12180,2,-0.6005502751375384,stop,2026-07-06
161226.SZ,short,12191,12197,6,0.5005502751375771,tp,2026-07-06
161226.SZ,short,12212,12215,3,-0.6005502751375428,stop,2026-07-06
161226.SZ,long,12252,12253,1,-0.5994502748625531,stop,2026-07-06
161226.SZ,long,12264,12266,2,-0.5994502748625523,stop,2026-07-06
161226.SZ,long,12277,12279,2,0.49945027486258353,tp,2026-07-06
161226.SZ,long,12290,12298,8,0.49945027486257704,tp,2026-07-06
161226.SZ,long,12309,12312,3,-0.5994502748625592,stop,2026-07-06
161226.SZ,long,12323,12331,8,-0.5994502748625513,stop,2026-07-06
161226.SZ,long,12342,12373,31,0.4994502748625696,tp,2026-07-06
161226.SZ,long,12384,12388,4,-0.5994502748625513,stop,2026-07-06
161226.SZ,long,12411,12415,4,0.4994502748625841,tp,2026-07-07
161226.SZ,long,12528,12530,2,-0.5994502748625476,stop,2026-07-07
161226.SZ,long,12541,12581,40,0.49945027486257965,tp,2026-07-07
161226.SZ,short,12668,12670,2,-0.600550275137555,stop,2026-07-08
161226.SZ,short,12681,12698,17,-0.6005502751375404,stop,2026-07-08
161226.SZ,short,12709,12737,28,-0.6005502751375541,stop,2026-07-08
161226.SZ,short,12748,12768,20,-0.6005502751375463,stop,2026-07-08
161226.SZ,short,12779,12788,9,0.5005502751375737,tp,2026-07-08
161226.SZ,short,12799,12809,10,0.5005502751375915,tp,2026-07-08
161226.SZ,short,12820,12879,59,0.2701033559569135,eod,2026-07-08
161226.SZ,short,12890,12892,2,-0.6005502751375553,stop,2026-07-09
161226.SZ,short,12911,12927,16,-0.600550275137538,stop,2026-07-09
161226.SZ,short,12938,12943,5,0.5005502751375794,tp,2026-07-09
161226.SZ,short,13040,13061,21,-0.6005502751375448,stop,2026-07-09
161226.SZ,short,13072,13082,10,-0.600550275137551,stop,2026-07-09
161226.SZ,short,13093,13102,9,0.5005502751375835,tp,2026-07-09
161226.SZ,short,13113,13119,6,-0.15392518648988934,eod,2026-07-09
161226.SZ,long,13130,13132,2,-0.5994502748625576,stop,2026-07-10
161226.SZ,short,13202,13218,16,-0.6005502751375504,stop,2026-07-10
161226.SZ,short,13229,13243,14,0.5005502751375768,tp,2026-07-10
161226.SZ,short,13626,13635,9,-0.6005502751375436,stop,2026-07-14
161226.SZ,short,13646,13668,22,0.5005502751375865,tp,2026-07-14
161226.SZ,short,13679,13720,41,-0.60055027513755,stop,2026-07-14
161226.SZ,short,13731,13753,22,-0.6005502751375452,stop,2026-07-14
161226.SZ,short,13764,13839,75,-0.5336181897120641,eod,2026-07-14
161226.SZ,short,14143,14319,176,0.11982927213195893,eod,2026-07-16
161815.SZ,long,3047,3064,17,-0.5994502748625502,stop,2026-05-12
161815.SZ,long,3075,3152,77,0.4994502748625798,tp,2026-05-12
161815.SZ,short,3170,3171,1,-0.6005502751375544,stop,2026-05-12
161815.SZ,short,3195,3199,4,0.5005502751375804,tp,2026-05-12
161815.SZ,short,3215,3221,6,0.5005502751375953,tp,2026-05-12
161815.SZ,short,3270,3276,6,-0.6005502751375538,stop,2026-05-12
161815.SZ,long,3288,3291,3,-0.5994502748625462,stop,2026-05-13
161815.SZ,long,3304,3305,1,-0.5994502748625545,stop,2026-05-13
161815.SZ,long,3316,3337,21,-0.5994502748625588,stop,2026-05-13
161815.SZ,long,3348,3349,1,-0.5994502748625701,stop,2026-05-13
161815.SZ,long,3360,3365,5,-0.5994502748625589,stop,2026-05-13
161815.SZ,long,3376,3379,3,-0.5994502748625447,stop,2026-05-13
161815.SZ,long,3390,3400,10,-0.5994502748625574,stop,2026-05-13
161815.SZ,long,3411,3445,34,0.49945027486258087,tp,2026-05-13
161815.SZ,long,3456,3471,15,0.4994502748625837,tp,2026-05-13
161815.SZ,long,3482,3498,16,-0.5994502748625574,stop,2026-05-13
161815.SZ,long,3509,3519,10,-0.18555418092153242,eod,2026-05-13
161815.SZ,long,10170,10239,69,-0.5023671447257094,eod,2026-06-23
161815.SZ,short,13614,13617,3,0.5005502751375737,tp,2026-07-14
161815.SZ,short,13818,13826,8,0.5005502751375793,tp,2026-07-14
162411.SZ,long,285,399,114,0.13510891613019113,eod,2026-04-21
162411.SZ,short,712,715,3,-0.6005502751375488,stop,2026-04-23
162411.SZ,short,726,791,65,0.45667995287966984,revert,2026-04-23
162411.SZ,long,956,1034,78,-0.5994502748625503,stop,2026-04-24
162411.SZ,long,1045,1119,74,0.1232903101521982,eod,2026-04-24
162411.SZ,long,2746,2799,53,-0.09995002498750158,eod,2026-05-08
162411.SZ,short,4088,4158,70,0.5005502751375885,tp,2026-05-18
162411.SZ,short,4219,4239,20,0.11452671673459235,eod,2026-05-18
162411.SZ,long,5325,5439,114,-0.0999500249874845,eod,2026-05-25
162411.SZ,long,5772,5835,63,0.49945027486259413,tp,2026-05-27
162411.SZ,short,6032,6043,11,-0.6005502751375448,stop,2026-05-28
162411.SZ,short,6054,6075,21,0.5005502751375791,tp,2026-05-28
162411.SZ,short,7757,7758,1,-0.600550275137544,stop,2026-06-08
162411.SZ,short,7827,7831,4,-0.6005502751375523,stop,2026-06-08
162411.SZ,long,8234,8242,8,-0.5994502748625551,stop,2026-06-10
162411.SZ,long,8253,8319,66,-0.33227572260379507,eod,2026-06-10
162411.SZ,long,9827,9999,172,-0.34907733165835314,eod,2026-06-22
162411.SZ,long,10225,10239,14,0.14763374198899085,eod,2026-06-23
162411.SZ,long,13045,13119,74,-0.4517107643361264,eod,2026-07-09
162411.SZ,short,13830,13839,9,0.12338758665047063,eod,2026-07-14
162411.SZ,short,13868,13879,11,0.5005502751375814,tp,2026-07-15
162411.SZ,long,14200,14277,77,-0.5994502748625532,stop,2026-07-16
162411.SZ,long,14288,14309,21,0.4994502748625857,tp,2026-07-16
164701.SZ,long,6041,6159,118,0.25037159970571315,eod,2026-05-28
164701.SZ,short,6791,6879,88,-0.21315742617069813,eod,2026-06-02
164701.SZ,long,7757,7803,46,0.4994502748625763,tp,2026-06-08
164701.SZ,long,8390,8474,84,0.4994502748625695,tp,2026-06-11
164701.SZ,long,10228,10239,11,-0.037512493753123675,eod,2026-06-23
164701.SZ,short,11411,11414,3,-0.6005502751375461,stop,2026-06-30
164701.SZ,short,11425,11439,14,-0.2921806392639751,eod,2026-06-30
164701.SZ,short,11882,11901,19,0.5005502751375864,tp,2026-07-02
164701.SZ,short,11926,11927,1,0.5005502751375759,tp,2026-07-03
164701.SZ,long,11956,11960,4,-0.599450274862549,stop,2026-07-03
164701.SZ,long,11975,11998,23,-0.5994502748625709,stop,2026-07-03
164701.SZ,long,12009,12089,80,-0.5994502748625542,stop,2026-07-03
164701.SZ,long,12100,12159,59,-0.09995002498748472,eod,2026-07-03
164701.SZ,long,12281,12399,118,-0.22351223893309013,eod,2026-07-06
164824.SZ,long,9147,9262,115,0.4994502748625791,tp,2026-06-16
164824.SZ,long,10203,10239,36,-0.1771525365601549,eod,2026-06-23
165513.SZ,long,6031,6159,128,-0.09995002498748048,eod,2026-05-28
165513.SZ,short,6876,6879,3,-0.006673112675720328,eod,2026-06-02
165513.SZ,long,7761,7768,7,0.4994502748625678,tp,2026-06-08
165513.SZ,short,8874,8975,101,0.5005502751375741,tp,2026-06-15
165513.SZ,long,9767,9802,35,0.10146136609115718,revert,2026-06-22
165513.SZ,short,11411,11439,28,-0.31167803775036795,eod,2026-06-30
165513.SZ,long,12320,12399,79,-0.09995002498748412,eod,2026-07-06
165513.SZ,short,13119,13120,1,-0.10005002501250601,revert,2026-07-09
165513.SZ,long,13545,13599,54,0.0050973461744540875,eod,2026-07-13
513000.SH,long,3655,3713,58,-0.5994502748625699,stop,2026-05-14
513000.SH,long,3724,3759,35,-0.19357706338955633,eod,2026-05-14
513000.SH,long,3887,3922,35,-0.5994502748625434,stop,2026-05-15
513000.SH,long,3933,3970,37,0.4994502748626039,tp,2026-05-15
513000.SH,long,5802,5919,117,-0.4604373501115841,eod,2026-05-27
513000.SH,long,6040,6061,21,0.4994502748625914,tp,2026-05-28
513000.SH,short,6263,6280,17,-0.6005502751375551,stop,2026-05-29
513000.SH,short,6291,6390,99,-0.6005502751375669,stop,2026-05-29
513000.SH,short,6492,6520,28,0.5005502751375835,tp,2026-06-01
513000.SH,short,6615,6638,23,-0.6005502751375514,stop,2026-06-01
513000.SH,short,6779,6781,2,-0.6005502751375453,stop,2026-06-02
513000.SH,short,6792,6804,12,-0.6005502751375559,stop,2026-06-02
513000.SH,short,6821,6879,58,0.02773727289178509,eod,2026-06-02
513000.SH,long,7029,7053,24,-0.5994502748625752,stop,2026-06-03
513000.SH,long,7064,7070,6,-0.5994502748625652,stop,2026-06-03
513000.SH,long,7081,7089,8,-0.5994502748625596,stop,2026-06-03
513000.SH,long,7100,7103,3,-0.5994502748625453,stop,2026-06-03
513000.SH,long,7114,7119,5,-0.1418017426142193,eod,2026-06-03
513000.SH,short,7344,7359,15,-0.3544338878460565,eod,2026-06-04
513000.SH,short,7392,7415,23,-0.6005502751375293,stop,2026-06-05
513000.SH,short,7426,7487,61,0.5005502751375699,tp,2026-06-05
513000.SH,short,7614,7627,13,-0.6005502751375505,stop,2026-06-08
513000.SH,short,7638,7673,35,-0.6005502751375557,stop,2026-06-08
513000.SH,short,7684,7727,43,0.5005502751375737,tp,2026-06-08
513000.SH,short,7963,7970,7,-0.6005502751375509,stop,2026-06-09
513000.SH,short,7981,8034,53,0.5005502751375612,tp,2026-06-09
513000.SH,short,8060,8079,19,-0.056922041373956754,eod,2026-06-09
513000.SH,long,8183,8200,17,-0.5994502748625562,stop,2026-06-10
513000.SH,long,8211,8221,10,-0.5994502748625494,stop,2026-06-10
513000.SH,long,8232,8280,48,0.4994502748625718,tp,2026-06-10
513000.SH,long,8315,8319,4,-0.1891464981794863,eod,2026-06-10
513000.SH,long,8348,8371,23,-0.5994502748625692,stop,2026-06-11
513000.SH,long,8382,8440,58,0.4994502748625605,tp,2026-06-11
513000.SH,long,8729,8779,50,-0.5994502748625553,stop,2026-06-12
513000.SH,long,8790,8799,9,-0.49291350828081504,eod,2026-06-12
513000.SH,short,9029,9039,10,-0.016979444078862566,eod,2026-06-15
513000.SH,short,9097,9102,5,0.5005502751375932,tp,2026-06-16
513000.SH,short,9150,9160,10,-0.6005502751375311,stop,2026-06-16
513000.SH,short,9171,9198,27,0.5005502751375721,tp,2026-06-16
513000.SH,short,9209,9279,70,0.1453934977296623,eod,2026-06-16
513000.SH,short,9720,9730,10,-0.6005502751375504,stop,2026-06-18
513000.SH,short,9741,9759,18,0.25575584000531476,eod,2026-06-18
513000.SH,long,10019,10025,6,-0.5994502748625418,stop,2026-06-23
513000.SH,long,10125,10131,6,-0.5994502748625687,stop,2026-06-23
513000.SH,long,10142,10159,17,-0.599450274862545,stop,2026-06-23
513000.SH,long,10170,10188,18,-0.5994502748625641,stop,2026-06-23
513000.SH,long,10199,10239,40,-0.2612091855605572,eod,2026-06-23
513000.SH,long,10311,10317,6,-0.5994502748625663,stop,2026-06-24
513000.SH,long,10328,10340,12,0.4994502748625889,tp,2026-06-24
513000.SH,long,10351,10361,10,0.499450274862575,tp,2026-06-24
513000.SH,short,10399,10414,15,0.5005502751375871,tp,2026-06-24
513000.SH,short,10625,10669,44,-0.6005502751375492,stop,2026-06-25
513000.SH,short,10680,10719,39,0.054009305537734816,eod,2026-06-25
513000.SH,long,10841,10852,11,0.4994502748625844,tp,2026-06-26
513000.SH,short,10970,10972,2,-0.6005502751375584,stop,2026-06-29
513000.SH,long,11003,11025,22,-0.5994502748625613,stop,2026-06-29
513000.SH,long,11036,11081,45,-0.5994502748625675,stop,2026-06-29
513000.SH,long,11092,11140,48,0.4994502748625799,tp,2026-06-29
513000.SH,long,11418,11439,21,-0.2998300769582936,eod,2026-06-30
513000.SH,long,11478,11558,80,0.4994502748625639,tp,2026-07-01
513000.SH,long,11660,11676,16,0.4994502748625792,tp,2026-07-01
513000.SH,long,11802,11848,46,-0.5994502748625679,stop,2026-07-02
513000.SH,long,11859,11910,51,-0.5994502748625665,stop,2026-07-02
513000.SH,short,12040,12064,24,0.5005502751375854,tp,2026-07-03
513000.SH,short,12110,12159,49,-0.059309263911554874,eod,2026-07-03
513000.SH,long,12219,12241,22,-0.5994502748625461,stop,2026-07-06
513000.SH,short,12341,12367,26,-0.6005502751375436,stop,2026-07-06
513000.SH,short,12378,12399,21,-0.26189327485083297,eod,2026-07-06
513000.SH,short,12416,12421,5,0.500550275137578,tp,2026-07-07
513000.SH,long,12525,12535,10,-0.5994502748625469,stop,2026-07-07
513000.SH,long,12862,12875,13,-0.5994502748625488,stop,2026-07-08
513000.SH,long,12982,13059,77,0.4994502748625734,tp,2026-07-09
513000.SH,long,13297,13326,29,-0.5994502748625694,stop,2026-07-10
513000.SH,long,13337,13359,22,-0.3487670859464379,eod,2026-07-10
513000.SH,long,13496,13599,103,-0.22835625888853947,eod,2026-07-13
513000.SH,long,13695,13703,8,-0.599450274862565,stop,2026-07-14
513000.SH,long,13714,13720,6,0.49945027486258736,tp,2026-07-14
513000.SH,short,13741,13751,10,-0.6005502751375453,stop,2026-07-14
513000.SH,short,13764,13839,75,-0.10005002501251399,eod,2026-07-14
513000.SH,short,14059,14079,20,0.2781617509006475,eod,2026-07-15
513010.SH,short,977,1000,23,-0.6005502751375488,stop,2026-04-24
513010.SH,short,1011,1119,108,-0.10005002501250729,eod,2026-04-24
513010.SH,long,1492,1563,71,-0.5994502748625544,stop,2026-04-28
513010.SH,long,1574,1599,25,0.37127662583804893,eod,2026-04-28
513010.SH,short,2130,2149,19,0.5005502751375744,tp,2026-05-06
513010.SH,short,2189,2200,11,0.5005502751375834,tp,2026-05-06
513010.SH,short,2799,2800,1,0.5005502751375804,tp,2026-05-08
513010.SH,long,3162,3279,117,0.05027561407268191,eod,2026-05-12
513010.SH,short,3400,3449,49,0.5005502751375882,tp,2026-05-13
513010.SH,long,3535,3544,9,-0.5994502748625544,stop,2026-05-14
513010.SH,long,3556,3614,58,-0.5994502748625581,stop,2026-05-14
513010.SH,long,3625,3759,134,-0.39860488290981616,eod,2026-05-14
513010.SH,long,3911,3929,18,-0.5994502748625649,stop,2026-05-15
513010.SH,long,3940,3999,59,0.20886002130312448,eod,2026-05-15
513010.SH,long,4103,4121,18,0.4994502748625798,tp,2026-05-18
513010.SH,long,4222,4239,17,0.3727631452412582,eod,2026-05-18
513010.SH,long,4804,4875,71,-0.5994502748625652,stop,2026-05-21
513010.SH,long,4886,4932,46,-0.5994502748625572,stop,2026-05-21
513010.SH,long,4943,4959,16,-0.2590265376865537,eod,2026-05-21
513010.SH,short,5080,5199,119,-0.2571929606875586,eod,2026-05-22
513010.SH,long,5458,5465,7,0.4994502748625983,tp,2026-05-26
513010.SH,short,5480,5608,128,0.36409240168772916,revert,2026-05-26
513010.SH,long,5787,5838,51,-0.5994502748625505,stop,2026-05-27
513010.SH,long,5849,5919,70,-0.2560438530734484,eod,2026-05-27
513010.SH,long,6041,6066,25,0.49945027486259125,tp,2026-05-28
513010.SH,long,6205,6225,20,0.4994502748625787,tp,2026-05-29
513010.SH,short,6280,6310,30,0.5005502751375833,tp,2026-05-29
513010.SH,short,6459,6469,10,0.5005502751375873,tp,2026-06-01
513010.SH,long,6504,6518,14,0.49945027486258586,tp,2026-06-01
513010.SH,short,6682,6690,8,-0.600550275137548,stop,2026-06-02
513010.SH,short,6701,6708,7,-0.6005502751375426,stop,2026-06-02
513010.SH,short,6719,6739,20,0.5005502751375697,tp,2026-06-02
513010.SH,short,6760,6865,105,-0.6005502751375469,stop,2026-06-02
513010.SH,short,6876,6879,3,-0.10005002501249854,eod,2026-06-02
513010.SH,long,6949,7119,170,-0.09995002498750095,eod,2026-06-03
513010.SH,long,7509,7599,90,0.05638808138968026,eod,2026-06-05
513010.SH,short,7671,7707,36,0.5005502751375843,tp,2026-06-08
513010.SH,long,7756,7807,51,0.4994502748625799,tp,2026-06-08
513010.SH,short,7878,7885,7,0.5005502751375926,tp,2026-06-09
513010.SH,short,8003,8016,13,0.500550275137576,tp,2026-06-09
513010.SH,short,8027,8079,52,0.05883894328117254,eod,2026-06-09
513010.SH,long,8142,8186,44,0.49945027486259386,tp,2026-06-10
513010.SH,long,8204,8257,53,0.4994502748625918,tp,2026-06-10
513010.SH,long,8352,8358,6,-0.5994502748625476,stop,2026-06-11
513010.SH,long,8369,8385,16,-0.5994502748625447,stop,2026-06-11
513010.SH,long,8396,8440,44,0.49945027486258337,tp,2026-06-11
513010.SH,long,9193,9279,86,0.06435926773457024,eod,2026-06-16
513010.SH,long,9737,9759,22,0.23528504204274425,eod,2026-06-18
513010.SH,short,9964,9999,35,-0.26744141301419055,eod,2026-06-22
513010.SH,long,10088,10098,10,-0.5994502748625343,stop,2026-06-23
513010.SH,long,10109,10120,11,-0.5994502748625518,stop,2026-06-23
513010.SH,long,10131,10183,52,-0.5994502748625502,stop,2026-06-23
513010.SH,long,10194,10203,9,-0.5994502748625621,stop,2026-06-23
513010.SH,long,10214,10239,25,-0.0999500249875049,eod,2026-06-23
513010.SH,short,10380,10384,4,-0.6005502751375479,stop,2026-06-24
513010.SH,short,10395,10398,3,-0.6005502751375607,stop,2026-06-24
513010.SH,short,10413,10479,66,0.06989912613352671,eod,2026-06-24
513010.SH,long,10526,10545,19,-0.5994502748625546,stop,2026-06-25
513010.SH,long,10774,10798,24,-0.5994502748625531,stop,2026-06-26
513010.SH,long,10811,10832,21,-0.5994502748625653,stop,2026-06-26
513010.SH,long,10910,10959,49,0.26005015510264906,eod,2026-06-26
513010.SH,short,10996,10998,2,0.5005502751375731,tp,2026-06-29
513010.SH,short,11051,11199,148,-0.2738348340836859,eod,2026-06-29
513010.SH,short,11295,11322,27,0.5005502751375688,tp,2026-06-30
513010.SH,short,11376,11425,49,0.5005502751375978,tp,2026-06-30
513010.SH,long,11769,11795,26,-0.5994502748625605,stop,2026-07-02
513010.SH,long,11812,11824,12,-0.5994502748625605,stop,2026-07-02
513010.SH,long,11835,11845,10,-0.599450274862559,stop,2026-07-02
513010.SH,long,11856,11919,63,-0.44266031649697846,eod,2026-07-02
513010.SH,short,12191,12197,6,-0.6005502751375495,stop,2026-07-06
513010.SH,short,12208,12221,13,0.5005502751375757,tp,2026-07-06
513010.SH,short,12233,12236,3,0.5005502751375843,tp,2026-07-06
513010.SH,short,12420,12426,6,0.50055027513758,tp,2026-07-07
513010.SH,short,12442,12456,14,0.5005502751375899,tp,2026-07-07
513010.SH,long,12488,12519,31,-0.5994502748625518,stop,2026-07-07
513010.SH,long,12530,12551,21,0.4994502748625869,tp,2026-07-07
513010.SH,long,12562,12583,21,-0.5994502748625503,stop,2026-07-07
513010.SH,long,12594,12639,45,0.2392691599870731,eod,2026-07-07
513010.SH,short,12733,12747,14,-0.6005502751375549,stop,2026-07-08
513010.SH,short,12758,12778,20,-0.6005502751375354,stop,2026-07-08
513010.SH,short,12789,12811,22,-0.6005502751375507,stop,2026-07-08
513010.SH,short,12822,12843,21,-0.6005502751375523,stop,2026-07-08
513010.SH,short,12854,12874,20,0.5005502751375717,tp,2026-07-08
513010.SH,short,12909,12920,11,-0.6005502751375436,stop,2026-07-09
513010.SH,short,12931,12943,12,0.5005502751375772,tp,2026-07-09
513010.SH,long,12981,13019,38,-0.5994502748625449,stop,2026-07-09
513010.SH,long,13030,13046,16,0.4994502748625747,tp,2026-07-09
513010.SH,long,13063,13103,40,0.4994502748625789,tp,2026-07-09
513010.SH,short,13144,13148,4,0.500550275137576,tp,2026-07-10
513010.SH,short,13162,13176,14,-0.6005502751375482,stop,2026-07-10
513010.SH,short,13188,13265,77,0.5005502751375772,tp,2026-07-10
513010.SH,short,13377,13382,5,0.5005502751375833,tp,2026-07-13
513010.SH,long,13439,13459,20,-0.599450274862556,stop,2026-07-13
513010.SH,long,13470,13505,35,-0.5994502748625545,stop,2026-07-13
513010.SH,long,13523,13550,27,-0.599450274862567,stop,2026-07-13
513010.SH,long,13561,13586,25,0.4994502748625715,tp,2026-07-13
513010.SH,long,13597,13599,2,-0.09995002498749271,eod,2026-07-13
513010.SH,short,13635,13641,6,-0.6005502751375519,stop,2026-07-14
513010.SH,short,13652,13656,4,0.500550275137559,tp,2026-07-14
513010.SH,long,13686,13720,34,0.4994502748625628,tp,2026-07-14
513010.SH,short,13731,13737,6,0.5005502751375759,tp,2026-07-14
513010.SH,short,13750,13810,60,-0.6005502751375383,stop,2026-07-14
513010.SH,short,13821,13839,18,-0.1000500250124887,eod,2026-07-14
513010.SH,short,13867,13883,16,0.5005502751375791,tp,2026-07-15
513010.SH,short,13902,13942,40,-0.6005502751375268,stop,2026-07-15
513010.SH,short,13993,14031,38,0.5005502751375717,tp,2026-07-15
513010.SH,short,14138,14202,64,0.5005502751375976,tp,2026-07-16
513010.SH,long,14290,14319,29,0.3765208016023823,eod,2026-07-16
513030.SH,short,616,639,23,-0.154600460993439,eod,2026-04-22
513030.SH,long,748,817,69,0.4994502748625696,tp,2026-04-23
513030.SH,short,2097,2106,9,0.5005502751375737,tp,2026-05-06
513030.SH,short,2253,2319,66,0.17093007792472784,eod,2026-05-06
513030.SH,long,3929,3999,70,-0.15616839863690765,eod,2026-05-15
513030.SH,long,4211,4239,28,0.01580901322225271,eod,2026-05-18
513030.SH,long,7102,7119,17,-0.044756627211258865,eod,2026-06-03
513030.SH,short,12615,12639,24,-0.20814943108702755,eod,2026-07-07
513030.SH,long,12687,12771,84,-0.599450274862556,stop,2026-07-08
513030.SH,long,12785,12823,38,-0.5994502748625503,stop,2026-07-08
513030.SH,long,12834,12879,45,-0.21070396065823957,eod,2026-07-08
513040.SH,short,223,289,66,0.4882794041857385,revert,2026-04-20
513040.SH,short,1240,1310,70,-0.6005502751375491,stop,2026-04-24
513040.SH,short,1321,1359,38,0.34130822024769464,eod,2026-04-24
513040.SH,long,1735,1839,104,-0.09995002498750721,eod,2026-04-28
513040.SH,short,2343,2354,11,0.5005502751375855,tp,2026-05-06
513040.SH,short,3038,3039,1,-0.10005002501249849,eod,2026-05-08
513040.SH,long,3402,3519,117,-0.3649368949477621,eod,2026-05-12
513040.SH,short,3640,3697,57,0.500550275137593,tp,2026-05-13
513040.SH,long,3771,3782,11,-0.5994502748625502,stop,2026-05-14
513040.SH,long,3793,3840,47,-0.5994502748625518,stop,2026-05-14
513040.SH,long,3852,3862,10,-0.5994502748625502,stop,2026-05-14
513040.SH,long,3873,3903,30,0.4994502748625817,tp,2026-05-14
513040.SH,long,3914,3993,79,-0.5994502748625486,stop,2026-05-14
513040.SH,long,4122,4154,32,-0.5994502748625562,stop,2026-05-15
513040.SH,long,4165,4239,74,-0.008717102635878781,eod,2026-05-15
513040.SH,long,5013,5043,30,-0.5994502748625451,stop,2026-05-21
513040.SH,long,5055,5109,54,-0.5994502748625613,stop,2026-05-21
513040.SH,long,5120,5172,52,-0.5994502748625661,stop,2026-05-21
513040.SH,long,5183,5199,16,-0.19582339348560165,eod,2026-05-21
513040.SH,short,5718,5726,8,-0.6005502751375567,stop,2026-05-26
513040.SH,short,5737,5848,111,0.5005502751375838,tp,2026-05-26
513040.SH,long,5986,6036,50,-0.5994502748625765,stop,2026-05-27
513040.SH,long,6048,6159,111,-0.09995002498751074,eod,2026-05-27
513040.SH,long,6198,6234,36,-0.5994502748625644,stop,2026-05-28
513040.SH,long,6245,6281,36,-0.5994502748625662,stop,2026-05-28
513040.SH,long,6292,6306,14,0.4994502748625783,tp,2026-05-28
513040.SH,short,6509,6512,3,-0.6005502751375459,stop,2026-05-29
513040.SH,short,6523,6553,30,0.5005502751375792,tp,2026-05-29
513040.SH,short,6564,6639,75,0.19995012491260228,eod,2026-05-29
513040.SH,short,6650,6663,13,0.5005502751375914,tp,2026-06-01
513040.SH,short,6766,6789,23,0.5005502751375667,tp,2026-06-01
513040.SH,short,6879,6880,1,-0.6005502751375406,stop,2026-06-01
513040.SH,short,6913,6921,8,-0.6005502751375448,stop,2026-06-02
513040.SH,short,6932,6937,5,-0.6005502751375521,stop,2026-06-02
513040.SH,short,6948,6971,23,0.5005502751375971,tp,2026-06-02
513040.SH,short,7000,7017,17,-0.6005502751375488,stop,2026-06-02
513040.SH,short,7028,7060,32,-0.6005502751375394,stop,2026-06-02
513040.SH,short,7071,7113,42,0.5005502751375885,tp,2026-06-02
513040.SH,long,7132,7143,11,-0.5994502748625579,stop,2026-06-03
513040.SH,long,7160,7174,14,-0.5994502748625596,stop,2026-06-03
513040.SH,long,7185,7221,36,-0.599450274862576,stop,2026-06-03
513040.SH,long,7232,7247,15,0.49945027486258625,tp,2026-06-03
513040.SH,long,7290,7359,69,0.09198090676085939,eod,2026-06-03
513040.SH,long,7383,7599,216,-0.09995002498748085,eod,2026-06-04
513040.SH,long,7653,7835,182,0.3946046778590935,revert,2026-06-05
513040.SH,long,7994,8009,15,-0.5994502748625662,stop,2026-06-08
513040.SH,long,8020,8049,29,0.49945027486259164,tp,2026-06-08
513040.SH,short,8117,8125,8,0.5005502751375823,tp,2026-06-09
513040.SH,long,8385,8396,11,0.4994502748625857,tp,2026-06-10
513040.SH,long,8592,8596,4,-0.5994502748625575,stop,2026-06-11
513040.SH,long,8607,8625,18,-0.5994502748625541,stop,2026-06-11
513040.SH,long,8636,8680,44,0.4994502748625797,tp,2026-06-11
513040.SH,long,8775,8799,24,0.31630018324172254,eod,2026-06-11
513040.SH,long,9092,9105,13,-0.5994502748625531,stop,2026-06-15
513040.SH,long,9116,9270,154,0.4994502748625857,tp,2026-06-15
513040.SH,long,9286,9299,13,0.49945027486258864,tp,2026-06-16
513040.SH,long,9336,9491,155,-0.5994502748625496,stop,2026-06-16
513040.SH,long,9502,9519,17,0.005876299138576596,eod,2026-06-16
513040.SH,long,9599,9637,38,0.4319991229092789,revert,2026-06-17
513040.SH,long,9808,9922,114,-0.5994502748625522,stop,2026-06-18
513040.SH,long,9935,9999,64,-0.09995002498750616,eod,2026-06-18
513040.SH,short,10198,10237,39,-0.6005502751375614,stop,2026-06-22
513040.SH,long,10324,10335,11,-0.5994502748625704,stop,2026-06-23
513040.SH,long,10346,10430,84,-0.59945027486256,stop,2026-06-23
513040.SH,long,10441,10479,38,-0.2142521416637061,eod,2026-06-23
513040.SH,long,10512,10615,103,0.2453266454330607,revert,2026-06-24
513040.SH,short,10626,10636,10,-0.6005502751375504,stop,2026-06-24
513040.SH,short,10647,10668,21,0.5005502751375777,tp,2026-06-24
513040.SH,long,10727,10738,11,-0.5994502748625532,stop,2026-06-25
513040.SH,long,10760,10796,36,0.36961542730398866,revert,2026-06-25
513040.SH,short,10820,10866,46,0.500550275137576,tp,2026-06-25
513040.SH,long,11151,11199,48,0.14106336457827967,eod,2026-06-26
513040.SH,short,11235,11248,13,-0.6005502751375369,stop,2026-06-29
513040.SH,short,11259,11267,8,0.5005502751375828,tp,2026-06-29
513040.SH,short,11281,11315,34,-0.6005502751375436,stop,2026-06-29
513040.SH,short,11326,11349,23,0.5005502751375791,tp,2026-06-29
513040.SH,short,11362,11383,21,0.5005502751375775,tp,2026-06-29
513040.SH,long,11496,11549,53,0.49945027486257054,tp,2026-06-30
513040.SH,short,11623,11679,56,0.13328342492926137,eod,2026-06-30
513040.SH,long,11984,12009,25,-0.5994502748625696,stop,2026-07-02
513040.SH,long,12020,12048,28,0.4994502748625811,tp,2026-07-02
513040.SH,long,12064,12159,95,-0.09995002498749879,eod,2026-07-02
513040.SH,long,12226,12235,9,-0.5994502748625541,stop,2026-07-03
513040.SH,long,12246,12263,17,0.4994502748625729,tp,2026-07-03
513040.SH,short,12425,12433,8,-0.6005502751375468,stop,2026-07-06
513040.SH,short,12444,12454,10,-0.6005502751375523,stop,2026-07-06
513040.SH,short,12465,12472,7,-0.6005502751375523,stop,2026-07-06
513040.SH,short,12485,12489,4,-0.6005502751375553,stop,2026-07-06
513040.SH,short,12501,12503,2,0.5005502751375764,tp,2026-07-06
513040.SH,short,12660,12662,2,0.5005502751375732,tp,2026-07-07
513040.SH,short,12680,12687,7,-0.6005502751375372,stop,2026-07-07
513040.SH,long,12708,12751,43,-0.5994502748625494,stop,2026-07-07
513040.SH,long,12762,12806,44,-0.5994502748625513,stop,2026-07-07
513040.SH,long,12817,12830,13,-0.5994502748625578,stop,2026-07-07
513040.SH,long,12841,12879,38,0.009830249710317988,eod,2026-07-07
513040.SH,short,12910,12917,7,0.5005502751375843,tp,2026-07-08
513040.SH,short,12971,12983,12,-0.6005502751375372,stop,2026-07-08
513040.SH,short,12994,13002,8,-0.6005502751375432,stop,2026-07-08
513040.SH,short,13013,13017,4,-0.6005502751375553,stop,2026-07-08
513040.SH,short,13028,13042,14,-0.6005502751375553,stop,2026-07-08
513040.SH,short,13053,13061,8,-0.6005502751375563,stop,2026-07-08
513040.SH,short,13072,13080,8,-0.6005502751375537,stop,2026-07-08
513040.SH,short,13091,13114,23,0.5005502751375858,tp,2026-07-08
513040.SH,short,13126,13128,2,0.5005502751375778,tp,2026-07-09
513040.SH,short,13149,13160,11,-0.6005502751375397,stop,2026-07-09
513040.SH,long,13206,13217,11,-0.5994502748625584,stop,2026-07-09
513040.SH,long,13228,13240,12,-0.5994502748625442,stop,2026-07-09
513040.SH,long,13251,13256,5,-0.5994502748625639,stop,2026-07-09
513040.SH,long,13267,13359,92,0.32068176438098445,eod,2026-07-09
513040.SH,short,13381,13386,5,-0.6005502751375486,stop,2026-07-10
513040.SH,short,13398,13402,4,-0.6005502751375593,stop,2026-07-10
513040.SH,short,13413,13439,26,-0.6005502751375489,stop,2026-07-10
513040.SH,short,13457,13470,13,-0.6005502751375519,stop,2026-07-10
513040.SH,long,13660,13674,14,-0.5994502748625576,stop,2026-07-13
513040.SH,long,13685,13699,14,-0.5994502748625559,stop,2026-07-13
513040.SH,long,13710,13756,46,0.49945027486257576,tp,2026-07-13
513040.SH,long,13767,13791,24,-0.5994502748625622,stop,2026-07-13
513040.SH,long,13802,13839,37,-0.09995002498749024,eod,2026-07-13
513040.SH,short,13876,13883,7,-0.6005502751375448,stop,2026-07-14
513040.SH,short,13894,13898,4,0.500550275137578,tp,2026-07-14
513040.SH,long,13943,13960,17,0.49945027486258503,tp,2026-07-14
513040.SH,short,14017,14048,31,-0.6005502751375459,stop,2026-07-14
513040.SH,short,14059,14079,20,0.006894472877478684,eod,2026-07-14
513040.SH,short,14103,14106,3,-0.6005502751375413,stop,2026-07-15
513040.SH,short,14153,14176,23,-0.6005502751375572,stop,2026-07-15
513040.SH,short,14187,14201,14,0.5005502751375769,tp,2026-07-15
513040.SH,short,14212,14221,9,-0.6005502751375418,stop,2026-07-15
513040.SH,short,14232,14319,87,0.004112357947973064,eod,2026-07-15
513040.SH,short,14380,14390,10,-0.6005502751375663,stop,2026-07-16
513040.SH,short,14405,14430,25,-0.6005502751375627,stop,2026-07-16
513040.SH,short,14450,14502,52,0.5005502751375909,tp,2026-07-16
513040.SH,long,14533,14540,7,0.4994502748625874,tp,2026-07-16
513060.SH,long,218,383,165,0.4994502748625844,tp,2026-04-21
513060.SH,long,683,738,55,-0.5994502748625735,stop,2026-04-23
513060.SH,long,749,851,102,-0.5994502748625649,stop,2026-04-23
513060.SH,long,862,879,17,-0.09995002498748229,eod,2026-04-23
513060.SH,long,903,924,21,0.42676377101431245,revert,2026-04-24
513060.SH,short,940,943,3,-0.6005502751375523,stop,2026-04-24
513060.SH,short,954,995,41,-0.6005502751375411,stop,2026-04-24
513060.SH,short,1006,1039,33,0.5005502751375978,tp,2026-04-24
513060.SH,short,1050,1119,69,-0.27174822402624293,eod,2026-04-24
513060.SH,short,1367,1380,13,0.4089332801994424,revert,2026-04-28
513060.SH,long,1420,1489,69,-0.5994502748625518,stop,2026-04-28
513060.SH,long,1500,1538,38,-0.5994502748625621,stop,2026-04-28
513060.SH,long,1549,1560,11,-0.5994502748625488,stop,2026-04-28
513060.SH,long,1571,1599,28,-0.09995002498748057,eod,2026-04-28
513060.SH,short,2935,2982,47,-0.6005502751375341,stop,2026-05-11
513060.SH,short,2993,3039,46,0.2493393293505559,eod,2026-05-11
513060.SH,long,3536,3545,9,-0.5994502748625669,stop,2026-05-14
513060.SH,long,3556,3577,21,-0.5994502748625653,stop,2026-05-14
513060.SH,long,3588,3614,26,-0.5994502748625639,stop,2026-05-14
513060.SH,long,3625,3685,60,0.4994502748625605,tp,2026-05-14
513060.SH,long,3696,3759,63,-0.4619067277955171,eod,2026-05-14
513060.SH,long,3814,3856,42,0.49945027486258925,tp,2026-05-15
513060.SH,long,3900,3932,32,-0.5994502748625563,stop,2026-05-15
513060.SH,long,3943,3982,39,0.4994502748625846,tp,2026-05-15
513060.SH,long,4041,4055,14,0.49945027486257354,tp,2026-05-18
513060.SH,long,4106,4122,16,0.4994502748625724,tp,2026-05-18
513060.SH,long,4185,4239,54,0.09033578448871647,eod,2026-05-18
513060.SH,long,4270,4328,58,-0.5994502748625709,stop,2026-05-19
513060.SH,long,4339,4447,108,0.49945027486256854,tp,2026-05-19
513060.SH,short,4733,4735,2,0.5005502751375794,tp,2026-05-21
513060.SH,long,4935,4959,24,0.08961363720418687,eod,2026-05-21
513060.SH,long,5020,5039,19,0.4994502748625724,tp,2026-05-22
513060.SH,short,5480,5483,3,-0.6005502751375571,stop,2026-05-26
513060.SH,short,5495,5514,19,0.5005502751375744,tp,2026-05-26
513060.SH,long,5771,5834,63,0.4994502748625799,tp,2026-05-27
513060.SH,long,5959,5972,13,-0.5994502748625615,stop,2026-05-28
513060.SH,long,5989,6040,51,-0.5994502748625531,stop,2026-05-28
513060.SH,long,6051,6080,29,0.4994502748625841,tp,2026-05-28
513060.SH,long,6097,6159,62,-0.49716692349648106,eod,2026-05-28
513060.SH,long,6176,6262,86,0.4994502748625841,tp,2026-05-29
513060.SH,short,6273,6278,5,-0.6005502751375328,stop,2026-05-29
513060.SH,short,6290,6299,9,-0.600550275137542,stop,2026-05-29
513060.SH,short,6310,6316,6,-0.6005502751375567,stop,2026-05-29
513060.SH,short,6327,6333,6,0.5005502751375907,tp,2026-05-29
513060.SH,short,6344,6399,55,-0.294042370022205,eod,2026-05-29
513060.SH,long,6414,6486,72,-0.5994502748625532,stop,2026-06-01
513060.SH,long,6497,6504,7,-0.5994502748625646,stop,2026-06-01
513060.SH,long,6515,6533,18,-0.5994502748625498,stop,2026-06-01
513060.SH,long,6544,6560,16,-0.5994502748625414,stop,2026-06-01
513060.SH,long,6571,6639,68,0.2918148768753023,eod,2026-06-01
513060.SH,long,6651,6653,2,0.499450274862569,tp,2026-06-02
513060.SH,short,6695,6761,66,-0.6005502751375582,stop,2026-06-02
513060.SH,short,6772,6836,64,0.5005502751375831,tp,2026-06-02
513060.SH,long,6909,6943,34,-0.5994502748625505,stop,2026-06-03
513060.SH,long,6955,7081,126,-0.5994502748625644,stop,2026-06-03
513060.SH,long,7092,7119,27,-0.09995002498749345,eod,2026-06-03
513060.SH,long,7182,7272,90,-0.599450274862561,stop,2026-06-04
513060.SH,long,7283,7324,41,-0.5994502748625636,stop,2026-06-04
513060.SH,long,7337,7359,22,0.31200894398163204,eod,2026-06-04
513060.SH,long,7403,7419,16,-0.599450274862561,stop,2026-06-05
513060.SH,long,7430,7440,10,0.49945027486258703,tp,2026-06-05
513060.SH,long,7451,7457,6,-0.5994502748625566,stop,2026-06-05
513060.SH,long,7468,7510,42,-0.5994502748625636,stop,2026-06-05
513060.SH,long,7521,7552,31,-0.599450274862555,stop,2026-06-05
513060.SH,long,7563,7599,36,0.10774238660296316,eod,2026-06-05
513060.SH,long,7719,7751,32,-0.5994502748625576,stop,2026-06-08
513060.SH,long,7762,7797,35,0.499450274862582,tp,2026-06-08
513060.SH,long,7809,7839,30,-0.31386876155069826,eod,2026-06-08
513060.SH,short,7877,7880,3,0.5005502751375885,tp,2026-06-09
513060.SH,short,7891,7903,12,0.5005502751375885,tp,2026-06-09
513060.SH,long,8100,8142,42,0.4994502748625829,tp,2026-06-10
513060.SH,short,8193,8196,3,-0.6005502751375448,stop,2026-06-10
513060.SH,short,8241,8246,5,0.5005502751375885,tp,2026-06-10
513060.SH,short,8257,8302,45,-0.6005502751375448,stop,2026-06-10
513060.SH,short,8313,8319,6,-0.10005002501248762,eod,2026-06-10
513060.SH,long,8356,8372,16,-0.5994502748625596,stop,2026-06-11
513060.SH,long,8383,8440,57,0.4994502748625829,tp,2026-06-11
513060.SH,short,8587,8597,10,0.5005502751375795,tp,2026-06-12
513060.SH,short,8638,8643,5,-0.6005502751375471,stop,2026-06-12
513060.SH,short,8654,8675,21,-0.6005502751375413,stop,2026-06-12
513060.SH,short,8686,8742,56,-0.6005502751375413,stop,2026-06-12
513060.SH,short,8753,8761,8,-0.6005502751375474,stop,2026-06-12
513060.SH,short,8772,8786,14,0.5005502751375741,tp,2026-06-12
513060.SH,short,8797,8799,2,-0.10005002501248964,eod,2026-06-12
513060.SH,long,8863,8888,25,0.49945027486258525,tp,2026-06-15
513060.SH,long,9067,9264,197,-0.5994502748625604,stop,2026-06-16
513060.SH,long,9354,9379,25,-0.5994502748625494,stop,2026-06-17
513060.SH,long,9399,9400,1,0.4994502748625764,tp,2026-06-17
513060.SH,long,9412,9519,107,-0.09995002498749186,eod,2026-06-17
513060.SH,short,9536,9539,3,0.5005502751375752,tp,2026-06-18
513060.SH,short,9557,9564,7,-0.6005502751375448,stop,2026-06-18
513060.SH,short,9575,9581,6,0.5005502751375692,tp,2026-06-18
513060.SH,short,9613,9632,19,0.5005502751375795,tp,2026-06-18
513060.SH,long,9771,9781,10,0.49945027486258803,tp,2026-06-22
513060.SH,short,9894,9907,13,-0.6005502751375463,stop,2026-06-22
513060.SH,short,9918,9950,32,-0.6005502751375463,stop,2026-06-22
513060.SH,short,9961,9968,7,-0.6005502751375424,stop,2026-06-22
513060.SH,short,9979,9999,20,-0.3162488371615507,eod,2026-06-22
513060.SH,short,10018,10023,5,0.5005502751375831,tp,2026-06-23
513060.SH,long,10097,10129,32,-0.5994502748625559,stop,2026-06-23
513060.SH,long,10140,10169,29,-0.5994502748625467,stop,2026-06-23
513060.SH,long,10180,10239,59,0.3353443104156073,eod,2026-06-23
513060.SH,short,10260,10262,2,-0.6005502751375474,stop,2026-06-24
513060.SH,short,10327,10330,3,0.5005502751375741,tp,2026-06-24
513060.SH,long,10491,10505,14,0.3297276093136303,revert,2026-06-25
513060.SH,long,10516,10533,17,0.4994502748625778,tp,2026-06-25
513060.SH,short,10568,10574,6,-0.6005502751375471,stop,2026-06-25
513060.SH,short,10585,10587,2,-0.6005502751375396,stop,2026-06-25
513060.SH,short,10598,10600,2,0.5005502751375831,tp,2026-06-25
513060.SH,short,10613,10621,8,0.5005502751375831,tp,2026-06-25
513060.SH,short,10739,10745,6,0.5005502751375831,tp,2026-06-26
513060.SH,long,10762,10768,6,0.49945027486258337,tp,2026-06-26
513060.SH,long,10779,10799,20,-0.5994502748625632,stop,2026-06-26
513060.SH,long,10810,10833,23,-0.5994502748625661,stop,2026-06-26
513060.SH,long,10844,10847,3,0.4994502748625792,tp,2026-06-26
513060.SH,long,10858,10959,101,-0.315251856830195,eod,2026-06-26
513060.SH,long,10975,10978,3,0.499450274862582,tp,2026-06-29
513060.SH,short,10989,10993,4,-0.6005502751375474,stop,2026-06-29
513060.SH,short,11004,11006,2,-0.6005502751375459,stop,2026-06-29
513060.SH,short,11017,11026,9,0.5005502751375711,tp,2026-06-29
513060.SH,short,11037,11042,5,-0.600550275137552,stop,2026-06-29
513060.SH,short,11053,11057,4,0.5005502751375843,tp,2026-06-29
513060.SH,short,11068,11082,14,-0.6005502751375597,stop,2026-06-29
513060.SH,short,11093,11101,8,0.5005502751375766,tp,2026-06-29
513060.SH,short,11112,11137,25,0.5005502751375857,tp,2026-06-29
513060.SH,short,11148,11170,22,-0.6005502751375502,stop,2026-06-29
513060.SH,short,11181,11199,18,-0.10005002501249434,eod,2026-06-29
513060.SH,long,11222,11233,11,-0.599450274862554,stop,2026-06-30
513060.SH,long,11254,11266,12,-0.5994502748625636,stop,2026-06-30
513060.SH,long,11277,11293,16,0.4994502748625844,tp,2026-06-30
513060.SH,long,11316,11338,22,0.4994502748625844,tp,2026-06-30
513060.SH,long,11411,11439,28,-0.0999500249874856,eod,2026-06-30
513060.SH,short,11507,11561,54,-0.6005502751375519,stop,2026-07-01
513060.SH,short,11572,11574,2,0.5005502751375738,tp,2026-07-01
513060.SH,short,11585,11600,15,-0.6005502751375502,stop,2026-07-01
513060.SH,short,11611,11642,31,-0.6005502751375502,stop,2026-07-01
513060.SH,short,11653,11658,5,0.5005502751375766,tp,2026-07-01
513060.SH,short,11669,11679,10,-0.3014585763706773,eod,2026-07-01
513060.SH,long,11702,11711,9,-0.5994502748625515,stop,2026-07-02
513060.SH,long,11725,11730,5,0.49945027486258525,tp,2026-07-02
513060.SH,long,11751,11777,26,0.4994502748625841,tp,2026-07-02
513060.SH,long,11794,11809,15,0.4994502748625841,tp,2026-07-02
513060.SH,long,11915,11919,4,0.09945127236782175,eod,2026-07-02
513060.SH,short,12104,12120,16,-0.6005502751375427,stop,2026-07-03
513060.SH,short,12131,12159,28,-0.10005002501251127,eod,2026-07-03
513060.SH,short,12170,12174,4,0.5005502751375722,tp,2026-07-06
513060.SH,short,12187,12190,3,-0.600550275137542,stop,2026-07-06
513060.SH,short,12201,12215,14,-0.6005502751375579,stop,2026-07-06
513060.SH,short,12226,12239,13,0.5005502751375677,tp,2026-07-06
513060.SH,long,12274,12285,11,-0.599450274862542,stop,2026-07-06
513060.SH,long,12298,12303,5,0.4994502748625869,tp,2026-07-06
513060.SH,long,12335,12371,36,0.4994502748625857,tp,2026-07-06
513060.SH,long,12384,12399,15,0.08608358762891037,eod,2026-07-06
513060.SH,short,12432,12442,10,-0.6005502751375488,stop,2026-07-07
513060.SH,long,12521,12534,13,-0.5994502748625434,stop,2026-07-07
513060.SH,long,12546,12559,13,-0.5994502748625709,stop,2026-07-07
513060.SH,long,12570,12589,19,-0.5994502748625482,stop,2026-07-07
513060.SH,long,12600,12639,39,-0.291696761983677,eod,2026-07-07
513060.SH,long,12676,12700,24,-0.5994502748625465,stop,2026-07-08
513060.SH,long,12711,12722,11,0.4994502748625812,tp,2026-07-08
513060.SH,long,12733,12749,16,-0.5994502748625532,stop,2026-07-08
513060.SH,long,12760,12774,14,0.4994502748626039,tp,2026-07-08
513060.SH,long,12787,12875,88,-0.5994502748625596,stop,2026-07-08
513060.SH,short,12897,12905,8,-0.6005502751375605,stop,2026-07-09
513060.SH,long,12989,13001,12,0.4994502748625622,tp,2026-07-09
513060.SH,long,13020,13052,32,0.4994502748626039,tp,2026-07-09
513060.SH,long,13065,13119,54,0.2857644536805083,eod,2026-07-09
513060.SH,short,13135,13136,1,-0.6005502751375551,stop,2026-07-10
513060.SH,short,13147,13149,2,-0.6005502751375605,stop,2026-07-10
513060.SH,short,13160,13168,8,0.500550275137588,tp,2026-07-10
513060.SH,short,13179,13181,2,-0.6005502751375501,stop,2026-07-10
513060.SH,short,13192,13224,32,-0.6005502751375488,stop,2026-07-10
513060.SH,short,13235,13240,5,0.5005502751375709,tp,2026-07-10
513060.SH,short,13251,13359,108,-0.47565996882116945,eod,2026-07-10
513060.SH,long,13417,13448,31,-0.5994502748625434,stop,2026-07-13
513060.SH,long,13459,13491,32,0.499450274862591,tp,2026-07-13
513060.SH,long,13502,13578,76,0.499450274862591,tp,2026-07-13
513060.SH,long,13619,13621,2,-0.5994502748625596,stop,2026-07-14
513060.SH,short,13634,13636,2,-0.6005502751375448,stop,2026-07-14
513060.SH,short,13647,13651,4,0.5005502751375868,tp,2026-07-14
513060.SH,short,13662,13691,29,0.5005502751375757,tp,2026-07-14
513060.SH,short,13784,13839,55,-0.10005002501247554,eod,2026-07-14
513060.SH,short,13852,13857,5,0.5005502751375855,tp,2026-07-15
513060.SH,short,13868,13873,5,0.5005502751375701,tp,2026-07-15
513060.SH,short,13884,13891,7,0.5005502751375795,tp,2026-07-15
513060.SH,short,13903,13916,13,-0.6005502751375428,stop,2026-07-15
513060.SH,short,13927,13934,7,-0.6005502751375511,stop,2026-07-15
513060.SH,short,13945,13961,16,-0.6005502751375363,stop,2026-07-15
513060.SH,short,13972,13980,8,0.5005502751375633,tp,2026-07-15
513060.SH,short,13995,14001,6,0.5005502751376008,tp,2026-07-15
513060.SH,long,14090,14091,1,-0.5994502748625546,stop,2026-07-16
513060.SH,short,14136,14146,10,-0.6005502751375396,stop,2026-07-16
513060.SH,short,14215,14252,37,0.500550275137582,tp,2026-07-16
513060.SH,long,14283,14295,12,-0.5994502748625609,stop,2026-07-16
513060.SH,long,14307,14319,12,-0.09995002498747942,eod,2026-07-16
513080.SH,short,622,639,17,0.28771995294825325,eod,2026-04-22
513080.SH,long,753,821,68,0.49945027486258214,tp,2026-04-23
513080.SH,short,2538,2559,21,-0.21035311043950733,eod,2026-05-07
513080.SH,long,3943,3987,44,0.4994502748625732,tp,2026-05-15
513080.SH,short,8995,9003,8,-0.60055027513755,stop,2026-06-15
513080.SH,short,9049,9050,1,0.5005502751375812,tp,2026-06-16
513080.SH,long,9349,9519,170,-0.21095008051529154,eod,2026-06-17
513080.SH,long,10121,10177,56,-0.5994502748625581,stop,2026-06-23
513080.SH,long,10188,10239,51,0.13143399348386803,eod,2026-06-23
513080.SH,long,12802,12879,77,0.013508294120979404,eod,2026-07-08
513090.SH,short,495,497,2,-0.6005502751375378,stop,2026-04-22
513090.SH,short,1062,1119,57,0.06485944784584773,eod,2026-04-24
513090.SH,short,1384,1389,5,0.5005502751375703,tp,2026-04-28
513090.SH,long,1529,1599,70,0.0639997288008176,eod,2026-04-28
513090.SH,short,1821,1839,18,-0.15383833776102723,eod,2026-04-29
513090.SH,short,1854,1867,13,0.3761130036477053,revert,2026-04-30
513090.SH,long,1889,1960,71,-0.599450274862566,stop,2026-04-30
513090.SH,long,1971,2079,108,-0.3696585832353776,eod,2026-04-30
513090.SH,short,2113,2115,2,-0.6005502751375504,stop,2026-05-06
513090.SH,short,2126,2135,9,0.5005502751375823,tp,2026-05-06
513090.SH,short,2833,2923,90,0.22250652716263578,revert,2026-05-11
513090.SH,short,2985,2991,6,-0.6005502751375559,stop,2026-05-11
513090.SH,short,3002,3039,37,-0.04677698082673908,eod,2026-05-11
513090.SH,short,3135,3140,5,0.5005502751375843,tp,2026-05-12
513090.SH,long,3233,3279,46,0.16730532540045182,eod,2026-05-12
513090.SH,long,3616,3743,127,-0.5994502748625559,stop,2026-05-14
513090.SH,long,3754,3759,5,-0.09995002498748955,eod,2026-05-14
513090.SH,long,3900,3922,22,-0.5994502748625503,stop,2026-05-15
513090.SH,long,3933,3987,54,0.49945027486258164,tp,2026-05-15
513090.SH,long,4182,4239,57,-0.09995002498749699,eod,2026-05-18
513090.SH,long,4315,4374,59,0.4994502748625883,tp,2026-05-19
513090.SH,short,4423,4479,56,-0.10005002501250301,eod,2026-05-19
513090.SH,short,4728,4742,14,-0.6005502751375491,stop,2026-05-21
513090.SH,short,4757,4784,27,0.5005502751375854,tp,2026-05-21
513090.SH,long,4836,4850,14,-0.5994502748625503,stop,2026-05-21
513090.SH,long,4861,4889,28,-0.5994502748625672,stop,2026-05-21
513090.SH,long,4900,4924,24,-0.599450274862556,stop,2026-05-21
513090.SH,long,4935,4959,24,-0.3779134361589275,eod,2026-05-21
513090.SH,long,5262,5422,160,0.46477609132121717,revert,2026-05-25
513090.SH,short,5465,5471,6,0.5005502751375851,tp,2026-05-26
513090.SH,long,5622,5656,34,0.49945027486259047,tp,2026-05-26
513090.SH,long,5786,5837,51,0.499450274862574,tp,2026-05-27
513090.SH,long,5967,5974,7,-0.5994502748625561,stop,2026-05-28
513090.SH,long,5985,6001,16,-0.5994502748625531,stop,2026-05-28
513090.SH,long,6012,6057,45,-0.599450274862567,stop,2026-05-28
513090.SH,short,6171,6173,2,-0.6005502751375611,stop,2026-05-29
513090.SH,long,6209,6327,118,0.49945027486257954,tp,2026-05-29
513090.SH,short,6765,6776,11,-0.6005502751375471,stop,2026-06-02
513090.SH,short,6787,6807,20,0.5005502751375894,tp,2026-06-02
513090.SH,short,6978,6984,6,0.5005502751375785,tp,2026-06-03
513090.SH,long,7208,7359,151,-0.1566791845417281,eod,2026-06-04
513090.SH,long,7536,7568,32,-0.5994502748625541,stop,2026-06-05
513090.SH,long,7579,7599,20,0.014811663668458217,eod,2026-06-05
513090.SH,short,7677,7714,37,0.5005502751375809,tp,2026-06-08
513090.SH,long,7762,7807,45,0.4994502748625755,tp,2026-06-08
513090.SH,short,8196,8213,17,0.5005502751375851,tp,2026-06-10
513090.SH,short,8228,8242,14,-0.6005502751375463,stop,2026-06-10
513090.SH,short,8256,8304,48,-0.6005502751375443,stop,2026-06-10
513090.SH,short,8315,8319,4,-0.15731549985518045,eod,2026-06-10
513090.SH,long,8357,8362,5,-0.5994502748625521,stop,2026-06-11
513090.SH,long,8373,8381,8,-0.5994502748625551,stop,2026-06-11
513090.SH,long,8392,8427,35,-0.5994502748625532,stop,2026-06-11
513090.SH,long,8438,8440,2,0.4994502748625775,tp,2026-06-11
513090.SH,long,8451,8559,108,0.30780528103294935,eod,2026-06-11
513090.SH,short,8575,8604,29,-0.6005502751375579,stop,2026-06-12
513090.SH,short,8638,8642,4,-0.6005502751375495,stop,2026-06-12
513090.SH,short,8653,8670,17,0.5005502751375795,tp,2026-06-12
513090.SH,short,8681,8695,14,-0.6005502751375503,stop,2026-06-12
513090.SH,short,8706,8731,25,0.5005502751375869,tp,2026-06-12
513090.SH,short,8760,8783,23,0.5005502751375795,tp,2026-06-12
513090.SH,short,8808,8810,2,-0.6005502751375436,stop,2026-06-15
513090.SH,short,8825,8830,5,0.5005502751375843,tp,2026-06-15
513090.SH,long,8842,8863,21,-0.5994502748625559,stop,2026-06-15
513090.SH,long,8874,9039,165,-0.04532998672887813,eod,2026-06-15
513090.SH,short,9239,9279,40,0.33164830393634454,eod,2026-06-16
513090.SH,long,9360,9402,42,0.499450274862584,tp,2026-06-17
513090.SH,long,9471,9518,47,0.4994502748625826,tp,2026-06-17
513090.SH,long,9580,9599,19,-0.5994502748625702,stop,2026-06-18
513090.SH,long,9610,9616,6,-0.5994502748625531,stop,2026-06-18
513090.SH,long,9627,9735,108,-0.5994502748625704,stop,2026-06-18
513090.SH,long,9746,9759,13,0.12555798850011005,eod,2026-06-18
513090.SH,short,9832,9834,2,-0.6005502751375392,stop,2026-06-22
513090.SH,short,9845,9848,3,-0.6005502751375436,stop,2026-06-22
513090.SH,short,9859,9868,9,-0.6005502751375471,stop,2026-06-22
513090.SH,short,9879,9893,14,-0.6005502751375404,stop,2026-06-22
513090.SH,short,9904,9906,2,-0.6005502751375374,stop,2026-06-22
513090.SH,short,9917,9933,16,-0.6005502751375463,stop,2026-06-22
513090.SH,short,9944,9950,6,-0.600550275137539,stop,2026-06-22
513090.SH,short,9961,9988,27,-0.6005502751375372,stop,2026-06-22
513090.SH,short,9999,10000,1,0.5005502751375784,tp,2026-06-22
513090.SH,long,10033,10043,10,-0.5994502748625622,stop,2026-06-23
513090.SH,long,10054,10080,26,0.49945027486258337,tp,2026-06-23
513090.SH,long,10091,10104,13,-0.5994502748625576,stop,2026-06-23
513090.SH,long,10115,10127,12,0.4994502748625803,tp,2026-06-23
513090.SH,long,10138,10170,32,-0.5994502748625532,stop,2026-06-23
513090.SH,long,10181,10199,18,-0.5994502748625467,stop,2026-06-23
513090.SH,long,10210,10239,29,0.3365329896493697,eod,2026-06-23
513090.SH,long,10262,10269,7,-0.5994502748625522,stop,2026-06-24
513090.SH,long,10280,10293,13,-0.5994502748625588,stop,2026-06-24
513090.SH,long,10304,10328,24,0.49945027486258553,tp,2026-06-24
513090.SH,long,10339,10479,140,0.1767814153865104,eod,2026-06-24
513090.SH,long,10490,10492,2,-0.5994502748625494,stop,2026-06-25
513090.SH,short,10516,10522,6,0.500550275137575,tp,2026-06-25
513090.SH,short,10533,10534,1,-0.600550275137538,stop,2026-06-25
513090.SH,short,10547,10549,2,-0.6005502751375361,stop,2026-06-25
513090.SH,short,10564,10571,7,-0.600550275137555,stop,2026-06-25
513090.SH,short,10582,10587,5,-0.600550275137558,stop,2026-06-25
513090.SH,long,10731,10741,10,0.49945027486258137,tp,2026-06-26
513090.SH,long,10762,10788,26,-0.5994502748625636,stop,2026-06-26
513090.SH,long,10799,10886,87,-0.5994502748625427,stop,2026-06-26
513090.SH,long,10897,10905,8,-0.5994502748625521,stop,2026-06-26
513090.SH,long,10916,10956,40,-0.5994502748625629,stop,2026-06-26
513090.SH,short,10986,10992,6,0.5005502751375873,tp,2026-06-29
513090.SH,long,11251,11321,70,-0.5994502748625589,stop,2026-06-30
513090.SH,long,11332,11439,107,0.4080163308176481,eod,2026-06-30
513090.SH,short,11479,11484,5,-0.600550275137548,stop,2026-07-01
513090.SH,short,11495,11499,4,-0.6005502751375523,stop,2026-07-01
513090.SH,short,11510,11524,14,0.5005502751375748,tp,2026-07-01
513090.SH,short,11538,11568,30,-0.6005502751375361,stop,2026-07-01
513090.SH,short,11579,11608,29,0.5005502751375737,tp,2026-07-01
513090.SH,long,11902,11919,17,-0.3218268711285605,eod,2026-07-02
513090.SH,short,12031,12040,9,0.5005502751375787,tp,2026-07-03
513090.SH,short,12096,12135,39,0.5005502751375825,tp,2026-07-03
513090.SH,long,12173,12218,45,-0.5994502748625669,stop,2026-07-06
513090.SH,long,12256,12345,89,0.49945027486257676,tp,2026-07-06
513090.SH,long,12568,12639,71,-0.15496106572263757,eod,2026-07-07
513090.SH,short,13095,13119,24,-0.04567737426561188,eod,2026-07-09
513090.SH,short,13215,13269,54,0.500550275137584,tp,2026-07-10
513090.SH,long,13348,13359,11,-0.04509003049269361,eod,2026-07-10
513090.SH,long,13455,13504,49,-0.5994502748625494,stop,2026-07-13
513090.SH,long,13515,13599,84,-0.21157019255734258,eod,2026-07-13
513090.SH,short,13636,13681,45,0.5005502751375873,tp,2026-07-14
513090.SH,short,13781,13839,58,-0.4917215455128211,eod,2026-07-14
513090.SH,short,13872,13877,5,0.5005502751375854,tp,2026-07-15
513090.SH,short,13904,13911,7,-0.6005502751375499,stop,2026-07-15
513090.SH,short,13922,13995,73,-0.600550275137548,stop,2026-07-15
513090.SH,short,14006,14030,24,0.5005502751375799,tp,2026-07-15
513090.SH,short,14041,14079,38,-0.47901181526403713,eod,2026-07-15
513090.SH,short,14241,14262,21,0.5005502751375843,tp,2026-07-16
513100.SH,short,2781,2799,18,-0.14854811126492526,eod,2026-05-08
513100.SH,short,3475,3519,44,0.04322294735155973,eod,2026-05-13
513100.SH,long,3923,3928,5,-0.5994502748625482,stop,2026-05-15
513100.SH,long,3939,3990,51,0.49945027486256854,tp,2026-05-15
513100.SH,short,4679,4719,40,-0.44168842100228667,eod,2026-05-20
513100.SH,short,5390,5397,7,-0.6005502751375505,stop,2026-05-25
513100.SH,short,5408,5419,11,0.500550275137571,tp,2026-05-25
513100.SH,long,5648,5651,3,-0.5994502748625703,stop,2026-05-26
513100.SH,long,5668,5679,11,0.03740109780125712,eod,2026-05-26
513100.SH,long,6040,6043,3,-0.5994502748625377,stop,2026-05-28
513100.SH,short,6294,6320,26,0.500550275137576,tp,2026-05-29
513100.SH,short,6516,6526,10,-0.6005502751375521,stop,2026-06-01
513100.SH,short,6537,6612,75,-0.6005502751375338,stop,2026-06-01
513100.SH,short,6623,6639,16,-0.015470346072913452,eod,2026-06-01
513100.SH,short,6702,6703,1,0.5005502751375672,tp,2026-06-02
513100.SH,short,6783,6820,37,0.5005502751375734,tp,2026-06-02
513100.SH,long,7005,7082,77,-0.5994502748625539,stop,2026-06-03
513100.SH,long,7093,7101,8,0.49945027486258364,tp,2026-06-03
513100.SH,short,7386,7431,45,0.5005502751375792,tp,2026-06-05
513100.SH,long,7594,7599,5,-0.054623323546940356,eod,2026-06-05
513100.SH,short,7630,7640,10,0.5005502751375709,tp,2026-06-08
513100.SH,long,7753,7831,78,-0.5994502748625427,stop,2026-06-08
513100.SH,short,7984,8009,25,-0.6005502751375473,stop,2026-06-09
513100.SH,short,8020,8034,14,-0.600550275137544,stop,2026-06-09
513100.SH,short,8045,8067,22,-0.6005502751375611,stop,2026-06-09
513100.SH,short,8078,8079,1,-0.10005002501251542,eod,2026-06-09
513100.SH,long,8376,8483,107,0.3279892657193548,revert,2026-06-11
513100.SH,short,8541,8559,18,-0.19412901939690835,eod,2026-06-11
513100.SH,long,8728,8740,12,-0.5994502748625563,stop,2026-06-12
513100.SH,long,8751,8770,19,-0.5994502748625539,stop,2026-06-12
513100.SH,long,8781,8799,18,-0.09995002498747535,eod,2026-06-12
513100.SH,short,9039,9040,1,-0.10005002501248085,revert,2026-06-15
513100.SH,short,9447,9519,72,-0.143992101406257,eod,2026-06-17
513100.SH,long,10129,10201,72,-0.5994502748625609,stop,2026-06-23
513100.SH,long,10212,10233,21,-0.5994502748625593,stop,2026-06-23
513100.SH,short,10399,10479,80,0.08269767014954338,eod,2026-06-24
513100.SH,short,10874,10908,34,0.5005502751375832,tp,2026-06-26
513100.SH,long,11874,11910,36,-0.5994502748625696,stop,2026-07-02
513100.SH,short,13751,13839,88,-0.14620034775337787,eod,2026-07-14
513120.SH,long,223,280,57,0.49945027486257354,tp,2026-04-21
513120.SH,long,683,731,48,-0.5994502748625654,stop,2026-04-23
513120.SH,long,742,836,94,-0.5994502748625449,stop,2026-04-23
513120.SH,long,847,879,32,-0.26199390167040576,eod,2026-04-23
513120.SH,long,902,923,21,0.4808642190532715,revert,2026-04-24
513120.SH,short,937,940,3,-0.6005502751375436,stop,2026-04-24
513120.SH,short,951,995,44,-0.6005502751375634,stop,2026-04-24
513120.SH,short,1006,1038,32,0.5005502751375812,tp,2026-04-24
513120.SH,short,1049,1093,44,-0.6005502751375424,stop,2026-04-24
513120.SH,short,1104,1119,15,0.1421275153706041,eod,2026-04-24
513120.SH,short,1367,1380,13,0.37435779501126654,revert,2026-04-28
513120.SH,long,1419,1498,79,-0.5994502748625559,stop,2026-04-28
513120.SH,long,1509,1541,32,-0.5994502748625449,stop,2026-04-28
513120.SH,long,1552,1574,22,-0.5994502748625531,stop,2026-04-28
513120.SH,long,1585,1599,14,-0.09995002498751147,eod,2026-04-28
513120.SH,short,1892,1899,7,-0.600550275137547,stop,2026-04-30
513120.SH,long,2371,2531,160,0.38657619242327945,revert,2026-05-07
513120.SH,short,2916,2933,17,-0.6005502751375549,stop,2026-05-11
513120.SH,short,2944,2957,13,-0.6005502751375383,stop,2026-05-11
513120.SH,short,2968,2978,10,-0.6005502751375482,stop,2026-05-11
513120.SH,short,2989,2998,9,0.5005502751375875,tp,2026-05-11
513120.SH,short,3009,3039,30,0.06284672034961475,eod,2026-05-11
513120.SH,long,3155,3160,5,0.4994502748625865,tp,2026-05-12
513120.SH,long,3240,3279,39,0.14651391409560371,eod,2026-05-12
513120.SH,long,3534,3542,8,-0.5994502748625745,stop,2026-05-14
513120.SH,long,3553,3577,24,-0.5994502748625503,stop,2026-05-14
513120.SH,long,3588,3625,37,-0.5994502748625518,stop,2026-05-14
513120.SH,long,3636,3747,111,-0.5994502748625735,stop,2026-05-14
513120.SH,long,3758,3759,1,-0.1854808896921108,eod,2026-05-14
513120.SH,long,3813,3846,33,0.49945027486259064,tp,2026-05-15
513120.SH,long,3910,3939,29,-0.5994502748625576,stop,2026-05-15
513120.SH,long,3950,3982,32,0.49945027486258736,tp,2026-05-15
513120.SH,long,4270,4327,57,-0.5994502748625652,stop,2026-05-19
513120.SH,long,4338,4450,112,0.4994502748625718,tp,2026-05-19
513120.SH,short,4731,4744,13,0.5005502751375821,tp,2026-05-21
513120.SH,long,4982,5045,63,0.4994502748625795,tp,2026-05-22
513120.SH,short,5480,5483,3,-0.6005502751375441,stop,2026-05-26
513120.SH,short,5494,5514,20,0.500550275137571,tp,2026-05-26
513120.SH,long,5759,5811,52,-0.5994502748625562,stop,2026-05-27
513120.SH,long,5926,5938,12,0.4994502748625778,tp,2026-05-28
513120.SH,long,5958,5972,14,-0.5994502748625593,stop,2026-05-28
513120.SH,long,5983,6006,23,-0.5994502748625687,stop,2026-05-28
513120.SH,long,6017,6042,25,-0.5994502748625674,stop,2026-05-28
513120.SH,long,6053,6080,27,0.4994502748625613,tp,2026-05-28
513120.SH,long,6091,6143,52,-0.5994502748625723,stop,2026-05-28
513120.SH,long,6154,6159,5,0.0873040518166554,eod,2026-05-28
513120.SH,long,6173,6198,25,-0.5994502748625548,stop,2026-05-29
513120.SH,long,6209,6260,51,0.4994502748625809,tp,2026-05-29
513120.SH,short,6271,6280,9,-0.600550275137544,stop,2026-05-29
513120.SH,short,6291,6300,9,-0.600550275137544,stop,2026-05-29
513120.SH,short,6311,6316,5,-0.6005502751375544,stop,2026-05-29
513120.SH,short,6327,6333,6,0.5005502751375885,tp,2026-05-29
513120.SH,short,6344,6399,55,-0.28024813486849465,eod,2026-05-29
513120.SH,long,6414,6486,72,-0.5994502748625545,stop,2026-06-01
513120.SH,long,6497,6520,23,-0.5994502748625378,stop,2026-06-01
513120.SH,long,6531,6559,28,-0.5994502748625656,stop,2026-06-01
513120.SH,long,6570,6609,39,0.4994502748625963,tp,2026-06-01
513120.SH,long,6620,6639,19,-0.1909336770594542,eod,2026-06-01
513120.SH,long,6651,6665,14,0.49945027486258153,tp,2026-06-02
513120.SH,short,6697,6702,5,0.5005502751375778,tp,2026-06-02
513120.SH,short,6724,6756,32,0.5005502751375885,tp,2026-06-02
513120.SH,short,6775,6819,44,0.5005502751375736,tp,2026-06-02
513120.SH,long,7052,7076,24,-0.599450274862576,stop,2026-06-03
513120.SH,long,7087,7119,32,-0.1960077653480925,eod,2026-06-03
513120.SH,long,7145,7150,5,0.4994502748626039,tp,2026-06-04
513120.SH,long,7183,7249,66,-0.5994502748625615,stop,2026-06-04
513120.SH,long,7260,7323,63,-0.5994502748625498,stop,2026-06-04
513120.SH,long,7336,7359,23,0.3873672919637895,eod,2026-06-04
513120.SH,long,7390,7412,22,-0.5994502748625596,stop,2026-06-05
513120.SH,long,7423,7472,49,-0.5994502748625646,stop,2026-06-05
513120.SH,long,7483,7513,30,-0.5994502748625781,stop,2026-06-05
513120.SH,long,7524,7570,46,-0.5994502748625665,stop,2026-06-05
513120.SH,long,7581,7599,18,0.2918148768753023,eod,2026-06-05
513120.SH,long,7719,7747,28,-0.5994502748625583,stop,2026-06-08
513120.SH,long,7758,7806,48,0.49945027486257165,tp,2026-06-08
513120.SH,long,7817,7839,22,0.0014713455455155067,eod,2026-06-08
513120.SH,short,7868,7870,2,0.500550275137575,tp,2026-06-09
513120.SH,short,7882,7891,9,-0.6005502751375575,stop,2026-06-09
513120.SH,long,7925,7943,18,0.499450274862571,tp,2026-06-09
513120.SH,short,8045,8079,34,0.10381973063926088,eod,2026-06-09
513120.SH,long,8100,8160,60,0.4994502748625844,tp,2026-06-10
513120.SH,short,8189,8194,5,-0.6005502751375491,stop,2026-06-10
513120.SH,short,8237,8243,6,-0.6005502751375341,stop,2026-06-10
513120.SH,short,8256,8280,24,-0.6005502751375341,stop,2026-06-10
513120.SH,short,8291,8319,28,0.10156135469548669,eod,2026-06-10
513120.SH,long,8357,8367,10,-0.5994502748625566,stop,2026-06-11
513120.SH,long,8378,8389,11,-0.5994502748625558,stop,2026-06-11
513120.SH,long,8400,8427,27,-0.5994502748625629,stop,2026-06-11
513120.SH,long,8438,8440,2,0.4994502748625831,tp,2026-06-11
513120.SH,short,8585,8587,2,-0.6005502751375448,stop,2026-06-12
513120.SH,short,8638,8643,5,-0.6005502751375535,stop,2026-06-12
513120.SH,short,8654,8674,20,-0.6005502751375591,stop,2026-06-12
513120.SH,short,8685,8725,40,-0.6005502751375433,stop,2026-06-12
513120.SH,short,8736,8761,25,-0.6005502751375555,stop,2026-06-12
513120.SH,short,8772,8799,27,0.0971914528693069,eod,2026-06-12
513120.SH,long,8867,8888,21,0.4994502748625911,tp,2026-06-15
513120.SH,long,9068,9159,91,-0.5994502748625661,stop,2026-06-16
513120.SH,long,9183,9279,96,-0.20106343589338121,eod,2026-06-16
513120.SH,long,9352,9370,18,-0.5994502748625592,stop,2026-06-17
513120.SH,long,9381,9393,12,0.4994502748625696,tp,2026-06-17
513120.SH,long,9409,9471,62,-0.5994502748625583,stop,2026-06-17
513120.SH,long,9482,9519,37,-0.2024116147054554,eod,2026-06-17
513120.SH,short,9536,9541,5,0.500550275137583,tp,2026-06-18
513120.SH,short,9553,9554,1,-0.6005502751375341,stop,2026-06-18
513120.SH,short,9565,9570,5,-0.6005502751375542,stop,2026-06-18
513120.SH,short,9581,9594,13,0.5005502751375792,tp,2026-06-18
513120.SH,short,9610,9614,4,-0.6005502751375627,stop,2026-06-18
513120.SH,short,9625,9652,27,0.5005502751375792,tp,2026-06-18
513120.SH,short,9884,9901,17,-0.6005502751375414,stop,2026-06-22
513120.SH,short,9912,9924,12,0.5005502751375784,tp,2026-06-22
513120.SH,short,9935,9948,13,-0.6005502751375491,stop,2026-06-22
513120.SH,short,9959,9966,7,-0.6005502751375419,stop,2026-06-22
513120.SH,short,9977,9997,20,-0.6005502751375382,stop,2026-06-22
513120.SH,short,10008,10010,2,0.5005502751375946,tp,2026-06-23
513120.SH,short,10021,10023,2,0.5005502751375869,tp,2026-06-23
513120.SH,long,10097,10109,12,-0.5994502748625582,stop,2026-06-23
513120.SH,long,10120,10145,25,-0.5994502748625642,stop,2026-06-23
513120.SH,long,10156,10169,13,-0.5994502748625514,stop,2026-06-23
513120.SH,long,10180,10200,20,-0.5994502748625523,stop,2026-06-23
513120.SH,long,10211,10239,28,0.2046232981070584,eod,2026-06-23
513120.SH,short,10251,10260,9,-0.6005502751375357,stop,2026-06-24
513120.SH,short,10326,10334,8,-0.600550275137547,stop,2026-06-24
513120.SH,long,10493,10505,12,0.49528363921316904,revert,2026-06-25
513120.SH,short,10565,10571,6,-0.6005502751375483,stop,2026-06-25
513120.SH,short,10582,10586,4,-0.6005502751375567,stop,2026-06-25
513120.SH,short,10597,10600,3,0.5005502751375994,tp,2026-06-25
513120.SH,short,10611,10624,13,0.5005502751375869,tp,2026-06-25
513120.SH,short,10739,10741,2,-0.6005502751375433,stop,2026-06-26
513120.SH,long,10777,10782,5,-0.5994502748625582,stop,2026-06-26
513120.SH,long,10793,10803,10,-0.5994502748625499,stop,2026-06-26
513120.SH,long,10814,10830,16,-0.5994502748625784,stop,2026-06-26
513120.SH,long,10841,10846,5,0.49945027486256716,tp,2026-06-26
513120.SH,long,10857,10959,102,-0.29738095379186646,eod,2026-06-26
513120.SH,long,10975,10978,3,0.4994502748625929,tp,2026-06-29
513120.SH,short,10989,10992,3,-0.60055027513754,stop,2026-06-29
513120.SH,short,11003,11006,3,-0.6005502751375476,stop,2026-06-29
513120.SH,short,11017,11027,10,0.5005502751375904,tp,2026-06-29
513120.SH,short,11038,11042,4,-0.6005502751375394,stop,2026-06-29
513120.SH,short,11053,11081,28,-0.600550275137554,stop,2026-06-29
513120.SH,short,11092,11096,4,0.5005502751375707,tp,2026-06-29
513120.SH,short,11107,11170,63,-0.6005502751375275,stop,2026-06-29
513120.SH,short,11181,11199,18,-0.28422674998952835,eod,2026-06-29
513120.SH,long,11217,11221,4,-0.5994502748625594,stop,2026-06-30
513120.SH,long,11232,11236,4,-0.5994502748625437,stop,2026-06-30
513120.SH,long,11252,11261,9,-0.5994502748625437,stop,2026-06-30
513120.SH,long,11272,11292,20,0.4994502748625994,tp,2026-06-30
513120.SH,long,11317,11336,19,0.4994502748625595,tp,2026-06-30
513120.SH,long,11400,11417,17,-0.5994502748625595,stop,2026-06-30
513120.SH,long,11428,11439,11,-0.09995002498750657,eod,2026-06-30
513120.SH,short,11506,11514,8,-0.600550275137538,stop,2026-07-01
513120.SH,short,11531,11544,13,-0.6005502751375408,stop,2026-07-01
513120.SH,short,11555,11561,6,-0.6005502751375574,stop,2026-07-01
513120.SH,short,11572,11575,3,0.5005502751375707,tp,2026-07-01
513120.SH,short,11586,11598,12,-0.6005502751375468,stop,2026-07-01
513120.SH,short,11609,11614,5,0.5005502751375772,tp,2026-07-01
513120.SH,short,11625,11636,11,-0.6005502751375611,stop,2026-07-01
513120.SH,short,11647,11649,2,-0.6005502751375539,stop,2026-07-01
513120.SH,short,11660,11666,6,0.5005502751375701,tp,2026-07-01
513120.SH,short,11677,11679,2,-0.009461744446879715,eod,2026-07-01
513120.SH,long,11702,11704,2,-0.5994502748625804,stop,2026-07-02
513120.SH,long,11715,11716,1,0.4994502748625689,tp,2026-07-02
513120.SH,long,11751,11763,12,0.49945027486258997,tp,2026-07-02
513120.SH,long,11790,11810,20,0.4994502748625894,tp,2026-07-02
513120.SH,long,11887,11901,14,-0.5994502748625653,stop,2026-07-02
513120.SH,long,11912,11919,7,0.0808645451030297,eod,2026-07-02
513120.SH,long,11933,11936,3,0.49945027486257826,tp,2026-07-03
513120.SH,long,11995,12016,21,0.49945027486257715,tp,2026-07-03
513120.SH,short,12103,12114,11,-0.6005502751375529,stop,2026-07-03
513120.SH,short,12125,12159,34,-0.18634317158579375,eod,2026-07-03
513120.SH,short,12170,12174,4,0.5005502751375963,tp,2026-07-06
513120.SH,short,12186,12187,1,-0.6005502751375377,stop,2026-07-06
513120.SH,short,12198,12201,3,-0.6005502751375519,stop,2026-07-06
513120.SH,short,12212,12215,3,-0.6005502751375436,stop,2026-07-06
513120.SH,short,12226,12236,10,0.500550275137571,tp,2026-07-06
513120.SH,short,12247,12250,3,0.5005502751375784,tp,2026-07-06
513120.SH,long,12263,12275,12,-0.5994502748625532,stop,2026-07-06
513120.SH,long,12286,12290,4,0.4994502748625891,tp,2026-07-06
513120.SH,long,12308,12337,29,-0.5994502748625589,stop,2026-07-06
513120.SH,long,12348,12391,43,-0.5994502748625488,stop,2026-07-06
513120.SH,short,12421,12422,1,0.5005502751375733,tp,2026-07-07
513120.SH,short,12433,12440,7,-0.6005502751375333,stop,2026-07-07
513120.SH,long,12468,12499,31,0.49945027486258087,tp,2026-07-07
513120.SH,long,12511,12526,15,-0.599450274862562,stop,2026-07-07
513120.SH,long,12537,12549,12,0.4994502748625956,tp,2026-07-07
513120.SH,long,12560,12568,8,-0.5994502748625591,stop,2026-07-07
513120.SH,long,12579,12595,16,-0.5994502748625546,stop,2026-07-07
513120.SH,long,12606,12639,33,-0.09995002498748476,eod,2026-07-07
513120.SH,long,12668,12671,3,0.4994502748625923,tp,2026-07-08
513120.SH,long,12682,12685,3,-0.5994502748625606,stop,2026-07-08
513120.SH,long,12696,12700,4,-0.5994502748625561,stop,2026-07-08
513120.SH,long,12711,12722,11,0.49945027486257876,tp,2026-07-08
513120.SH,long,12733,12738,5,-0.5994502748625531,stop,2026-07-08
513120.SH,long,12749,12772,23,0.4994502748625806,tp,2026-07-08
513120.SH,long,12783,12861,78,-0.5994502748625652,stop,2026-07-08
513120.SH,long,12872,12879,7,-0.45295373514654846,eod,2026-07-08
513120.SH,short,12897,12903,6,-0.600550275137531,stop,2026-07-09
513120.SH,short,12914,12932,18,0.5005502751375985,tp,2026-07-09
513120.SH,long,12977,13000,23,0.4994502748625817,tp,2026-07-09
513120.SH,long,13019,13030,11,-0.5994502748625608,stop,2026-07-09
513120.SH,long,13041,13047,6,0.49945027486257826,tp,2026-07-09
513120.SH,long,13068,13092,24,0.4994502748625806,tp,2026-07-09
513120.SH,short,13135,13136,1,-0.6005502751375392,stop,2026-07-10
513120.SH,short,13147,13149,2,-0.6005502751375384,stop,2026-07-10
513120.SH,short,13160,13166,6,0.5005502751375811,tp,2026-07-10
513120.SH,short,13177,13181,4,-0.6005502751375509,stop,2026-07-10
513120.SH,short,13192,13204,12,-0.600550275137563,stop,2026-07-10
513120.SH,short,13215,13240,25,0.5005502751375893,tp,2026-07-10
513120.SH,short,13251,13330,79,-0.6005502751375559,stop,2026-07-10
513120.SH,short,13341,13359,18,-0.5242027793557779,eod,2026-07-10
513120.SH,long,13371,13372,1,0.4994502748625686,tp,2026-07-13
513120.SH,long,13401,13418,17,-0.5994502748625663,stop,2026-07-13
513120.SH,long,13429,13435,6,-0.5994502748625502,stop,2026-07-13
513120.SH,long,13446,13454,8,-0.5994502748625576,stop,2026-07-13
513120.SH,long,13465,13491,26,0.49945027486257193,tp,2026-07-13
513120.SH,long,13502,13516,14,0.49945027486259014,tp,2026-07-13
513120.SH,long,13527,13536,9,0.49945027486259064,tp,2026-07-13
513120.SH,long,13547,13578,31,0.49945027486257365,tp,2026-07-13
513120.SH,long,13618,13620,2,-0.5994502748625546,stop,2026-07-14
513120.SH,short,13635,13638,3,-0.6005502751375564,stop,2026-07-14
513120.SH,short,13649,13655,6,-0.6005502751375564,stop,2026-07-14
513120.SH,short,13670,13686,16,0.5005502751375699,tp,2026-07-14
513120.SH,short,13804,13839,35,-0.10005002501248803,eod,2026-07-14
513120.SH,short,13852,13856,4,0.5005502751375822,tp,2026-07-15
513120.SH,short,13867,13873,6,0.5005502751375998,tp,2026-07-15
513120.SH,short,13884,13891,7,0.5005502751375998,tp,2026-07-15
513120.SH,short,13902,13918,16,-0.6005502751375611,stop,2026-07-15
513120.SH,short,13929,13934,5,-0.6005502751375349,stop,2026-07-15
513120.SH,short,13945,13963,18,-0.600550275137547,stop,2026-07-15
513120.SH,short,13974,13979,5,0.5005502751375859,tp,2026-07-15
513120.SH,long,14027,14065,38,0.49945027486258703,tp,2026-07-15
513120.SH,long,14089,14090,1,-0.599450274862556,stop,2026-07-16
513120.SH,long,14106,14134,28,0.499450274862586,tp,2026-07-16
513120.SH,short,14145,14147,2,-0.6005502751375507,stop,2026-07-16
513120.SH,short,14174,14189,15,0.500550275137578,tp,2026-07-16
513120.SH,long,14263,14282,19,-0.5994502748625545,stop,2026-07-16
513120.SH,long,14293,14319,26,0.06641142376356171,eod,2026-07-16
513180.SH,short,977,1000,23,-0.600550275137539,stop,2026-04-24
513180.SH,short,1011,1119,108,-0.10005002501248247,eod,2026-04-24
513180.SH,long,1493,1565,72,-0.5994502748625641,stop,2026-04-28
513180.SH,long,1576,1599,23,0.38500167392032264,eod,2026-04-28
513180.SH,short,2130,2149,19,0.5005502751375904,tp,2026-05-06
513180.SH,short,2799,2800,1,0.5005502751375623,tp,2026-05-08
513180.SH,long,3162,3279,117,-0.09995002498750728,eod,2026-05-12
513180.SH,short,3400,3448,48,0.5005502751375692,tp,2026-05-13
513180.SH,long,3536,3560,24,-0.5994502748625505,stop,2026-05-14
513180.SH,long,3574,3615,41,-0.5994502748625492,stop,2026-05-14
513180.SH,long,3626,3640,14,0.4994502748625918,tp,2026-05-14
513180.SH,long,3651,3754,103,-0.5994502748625701,stop,2026-05-14
513180.SH,long,3888,3922,34,-0.5994502748625625,stop,2026-05-15
513180.SH,long,3933,3987,54,0.49945027486258925,tp,2026-05-15
513180.SH,long,3998,3999,1,-0.09995002498750477,eod,2026-05-15
513180.SH,long,4101,4121,20,0.4994502748625587,tp,2026-05-18
513180.SH,long,4827,4885,58,-0.5994502748625683,stop,2026-05-21
513180.SH,long,4896,4935,39,-0.5994502748625601,stop,2026-05-21
513180.SH,long,4946,4959,13,-0.26398951591526104,eod,2026-05-21
513180.SH,short,5093,5199,106,0.061662495221768324,eod,2026-05-22
513180.SH,short,5479,5490,11,-0.6005502751375436,stop,2026-05-26
513180.SH,short,5501,5534,33,0.5005502751375843,tp,2026-05-26
513180.SH,short,5550,5588,38,0.500550275137576,tp,2026-05-26
513180.SH,long,5789,5841,52,-0.5994502748625531,stop,2026-05-27
513180.SH,long,5852,5919,67,-0.09995002498748094,eod,2026-05-27
513180.SH,long,6040,6066,26,0.49945027486259075,tp,2026-05-28
513180.SH,long,6179,6271,92,0.22335110761772456,revert,2026-05-29
513180.SH,short,6456,6469,13,0.5005502751375863,tp,2026-06-01
513180.SH,long,6504,6519,15,0.49945027486258414,tp,2026-06-01
513180.SH,short,6683,6690,7,-0.6005502751375488,stop,2026-06-02
513180.SH,short,6701,6716,15,-0.6005502751375431,stop,2026-06-02
513180.SH,short,6727,6736,9,0.5005502751375772,tp,2026-06-02
513180.SH,short,6760,6792,32,-0.6005502751375476,stop,2026-06-02
513180.SH,short,6803,6879,76,-0.2538135427160457,eod,2026-06-02
513180.SH,long,6996,7008,12,0.4994502748625675,tp,2026-06-03
513180.SH,long,7032,7119,87,0.2127261877668582,eod,2026-06-03
513180.SH,long,7534,7599,65,0.061179087875431346,eod,2026-06-05
513180.SH,short,7677,7706,29,0.5005502751375843,tp,2026-06-08
513180.SH,long,7756,7839,83,0.23249606477961046,eod,2026-06-08
513180.SH,short,8026,8079,53,0.22707432147447654,eod,2026-06-09
513180.SH,long,8146,8177,31,0.4994502748625747,tp,2026-06-10
513180.SH,long,8212,8256,44,0.49945027486257254,tp,2026-06-10
513180.SH,long,8354,8358,4,-0.5994502748625447,stop,2026-06-11
513180.SH,long,8369,8381,12,-0.5994502748625489,stop,2026-06-11
513180.SH,long,8392,8440,48,0.4994502748625837,tp,2026-06-11
513180.SH,long,8519,8550,31,0.4994502748625636,tp,2026-06-11
513180.SH,long,9183,9279,96,-0.09995002498748397,eod,2026-06-16
513180.SH,short,9962,9999,37,-0.27233926774056605,eod,2026-06-22
513180.SH,long,10092,10102,10,-0.5994502748625382,stop,2026-06-23
513180.SH,long,10113,10122,9,-0.5994502748625562,stop,2026-06-23
513180.SH,long,10133,10179,46,-0.5994502748625486,stop,2026-06-23
513180.SH,long,10190,10205,15,-0.5994502748625669,stop,2026-06-23
513180.SH,long,10216,10239,23,0.07908232263798112,eod,2026-06-23
513180.SH,short,10378,10384,6,-0.6005502751375569,stop,2026-06-24
513180.SH,short,10395,10399,4,-0.6005502751375392,stop,2026-06-24
513180.SH,short,10413,10479,66,0.2499501499001273,eod,2026-06-24
513180.SH,long,10520,10545,25,-0.5994502748625394,stop,2026-06-25
513180.SH,long,10773,10797,24,-0.599450274862572,stop,2026-06-26
513180.SH,long,10808,10855,47,0.49945027486258925,tp,2026-06-26
513180.SH,long,10929,10959,30,0.4560799377676763,eod,2026-06-26
513180.SH,short,11066,11124,58,-0.6005502751375531,stop,2026-06-29
513180.SH,short,11138,11199,61,-0.2788001143428794,eod,2026-06-29
513180.SH,long,11227,11265,38,0.4994502748625712,tp,2026-06-30
513180.SH,short,11312,11321,9,0.5005502751375787,tp,2026-06-30
513180.SH,short,11384,11403,19,0.5005502751375696,tp,2026-06-30
513180.SH,short,11706,11709,3,0.5005502751375766,tp,2026-07-02
513180.SH,long,11770,11793,23,-0.5994502748625652,stop,2026-07-02
513180.SH,long,11814,11829,15,-0.5994502748625712,stop,2026-07-02
513180.SH,long,11840,11912,72,-0.5994502748625502,stop,2026-07-02
513180.SH,short,12185,12197,12,-0.600550275137531,stop,2026-07-06
513180.SH,short,12208,12223,15,0.5005502751375741,tp,2026-07-06
513180.SH,short,12285,12290,5,0.5005502751375741,tp,2026-07-06
513180.SH,short,12442,12456,14,0.50055027513758,tp,2026-07-07
513180.SH,long,12486,12519,33,-0.5994502748625621,stop,2026-07-07
513180.SH,long,12530,12557,27,0.4994502748625668,tp,2026-07-07
513180.SH,long,12568,12639,71,-0.09995002498750921,eod,2026-07-07
513180.SH,short,12733,12742,9,-0.6005502751375636,stop,2026-07-08
513180.SH,short,12753,12758,5,-0.6005502751375388,stop,2026-07-08
513180.SH,short,12769,12780,11,-0.6005502751375514,stop,2026-07-08
513180.SH,short,12791,12799,8,-0.6005502751375622,stop,2026-07-08
513180.SH,short,12810,12833,23,-0.6005502751375377,stop,2026-07-08
513180.SH,short,12844,12866,22,0.5005502751375899,tp,2026-07-08
513180.SH,short,12877,12879,2,0.06678339169585223,eod,2026-07-08
513180.SH,short,12909,12920,11,-0.6005502751375442,stop,2026-07-09
513180.SH,short,12931,12944,13,0.5005502751375843,tp,2026-07-09
513180.SH,long,12976,13019,43,-0.5994502748625545,stop,2026-07-09
513180.SH,long,13030,13047,17,0.49945027486257365,tp,2026-07-09
513180.SH,long,13062,13119,57,0.4003841151210703,eod,2026-07-09
513180.SH,short,13144,13148,4,0.500550275137593,tp,2026-07-10
513180.SH,short,13164,13177,13,-0.6005502751375383,stop,2026-07-10
513180.SH,short,13196,13265,69,0.5005502751375854,tp,2026-07-10
513180.SH,long,13440,13452,12,-0.599450274862566,stop,2026-07-13
513180.SH,long,13463,13480,17,-0.5994502748625645,stop,2026-07-13
513180.SH,long,13491,13501,10,-0.5994502748625532,stop,2026-07-13
513180.SH,long,13512,13515,3,0.49945027486257365,tp,2026-07-13
513180.SH,long,13526,13528,2,-0.5994502748625589,stop,2026-07-13
513180.SH,long,13539,13549,10,-0.5994502748625645,stop,2026-07-13
513180.SH,long,13560,13565,5,-0.5994502748625447,stop,2026-07-13
513180.SH,long,13576,13599,23,-0.09995002498747992,eod,2026-07-13
513180.SH,short,13637,13643,6,-0.6005502751375495,stop,2026-07-14
513180.SH,short,13654,13658,4,0.5005502751375843,tp,2026-07-14
513180.SH,long,13685,13704,19,-0.599450274862559,stop,2026-07-14
513180.SH,long,13715,13720,5,0.49945027486259724,tp,2026-07-14
513180.SH,short,13731,13781,50,-0.6005502751375388,stop,2026-07-14
513180.SH,short,13793,13816,23,-0.6005502751375544,stop,2026-07-14
513180.SH,short,13827,13839,12,0.06790307905631168,eod,2026-07-14
513180.SH,short,13866,13870,4,-0.600550275137567,stop,2026-07-15
513180.SH,short,13901,13942,41,-0.6005502751375531,stop,2026-07-15
513180.SH,short,13954,13966,12,0.5005502751375888,tp,2026-07-15
513180.SH,short,14016,14030,14,0.50055027513758,tp,2026-07-15
513180.SH,short,14150,14201,51,0.5005502751375885,tp,2026-07-16
513180.SH,long,14291,14319,28,0.22705504858046527,eod,2026-07-16
513300.SH,long,3925,3941,16,-0.599450274862578,stop,2026-05-15
513300.SH,long,3952,3999,47,0.09647162262361735,eod,2026-05-15
513300.SH,short,4683,4719,36,-0.5396111229267231,eod,2026-05-20
513300.SH,short,5406,5413,7,-0.6005502751375539,stop,2026-05-25
513300.SH,short,5424,5437,13,-0.6005502751375523,stop,2026-05-25
513300.SH,long,5651,5679,28,0.4994502748625716,tp,2026-05-26
513300.SH,long,6032,6040,8,-0.5994502748625544,stop,2026-05-28
513300.SH,long,6055,6072,17,0.4994502748625744,tp,2026-05-28
513300.SH,short,6272,6399,127,-0.2454914344204293,eod,2026-05-29
513300.SH,short,6424,6433,9,0.5005502751375762,tp,2026-06-01
513300.SH,short,6568,6602,34,-0.6005502751375352,stop,2026-06-01
513300.SH,short,6613,6639,26,0.0046571402856242835,eod,2026-06-01
513300.SH,short,6701,6702,1,-0.6005502751375341,stop,2026-06-02
513300.SH,long,6717,6722,5,0.49945027486259164,tp,2026-06-02
513300.SH,long,7034,7080,46,-0.5994502748625666,stop,2026-06-03
513300.SH,long,7091,7101,10,0.49945027486258353,tp,2026-06-03
513300.SH,short,7384,7386,2,-0.6005502751375427,stop,2026-06-05
513300.SH,short,7397,7435,38,0.5005502751375799,tp,2026-06-05
513300.SH,short,7964,7987,23,-0.6005502751375572,stop,2026-06-09
513300.SH,short,7998,8055,57,-0.600550275137541,stop,2026-06-09
513300.SH,short,8066,8079,13,-0.13731735562493472,eod,2026-06-09
513300.SH,long,8372,8424,52,-0.5994502748625572,stop,2026-06-11
513300.SH,long,8435,8476,41,0.49945027486257937,tp,2026-06-11
513300.SH,short,8558,8559,1,-0.13880343191338282,eod,2026-06-11
513300.SH,long,8719,8731,12,-0.5994502748625518,stop,2026-06-12
513300.SH,long,8742,8781,39,-0.5994502748625649,stop,2026-06-12
513300.SH,long,8792,8799,7,-0.09995002498751193,eod,2026-06-12
513300.SH,short,9033,9039,6,-0.06339676612381098,eod,2026-06-15
513300.SH,short,9501,9519,18,0.008596917851106835,eod,2026-06-17
513300.SH,long,9623,9651,28,0.49945027486257393,tp,2026-06-18
513300.SH,long,10129,10202,73,-0.5994502748625512,stop,2026-06-23
513300.SH,long,10213,10239,26,-0.21261925428263354,eod,2026-06-23
513300.SH,long,10336,10358,22,0.4994502748625858,tp,2026-06-24
513300.SH,long,10804,10853,49,0.49945027486258553,tp,2026-06-26
513300.SH,long,11903,11919,16,-0.1750910930394001,eod,2026-07-02
513300.SH,short,11957,12159,202,-0.17511567932448102,eod,2026-07-03
513300.SH,short,12388,12399,11,0.16101567922562984,eod,2026-07-06
513300.SH,short,13750,13839,89,-0.2508031123995669,eod,2026-07-14
513310.SH,short,553,625,72,-0.6005502751375553,stop,2026-04-21
513310.SH,short,636,639,3,-0.17766701908719507,eod,2026-04-21
513310.SH,short,770,773,3,-0.6005502751375422,stop,2026-04-22
513310.SH,short,784,873,89,0.5005502751375879,tp,2026-04-22
513310.SH,long,896,950,54,-0.5994502748625591,stop,2026-04-23
513310.SH,long,961,968,7,0.49945027486257854,tp,2026-04-23
513310.SH,long,979,981,2,-0.5994502748625531,stop,2026-04-23
513310.SH,long,992,1000,8,0.4994502748625809,tp,2026-04-23
513310.SH,long,1023,1033,10,0.4994502748625778,tp,2026-04-23
513310.SH,long,1073,1097,24,0.49945027486257765,tp,2026-04-23
513310.SH,short,1208,1218,10,0.5005502751375798,tp,2026-04-24
513310.SH,short,1241,1327,86,0.5005502751375804,tp,2026-04-24
513310.SH,short,1379,1380,1,-0.6005502751375492,stop,2026-04-27
513310.SH,short,1391,1396,5,0.5005502751375852,tp,2026-04-27
513310.SH,short,1407,1416,9,-0.6005502751375452,stop,2026-04-27
513310.SH,short,1427,1501,74,-0.6005502751375658,stop,2026-04-27
513310.SH,short,1512,1517,5,0.500550275137576,tp,2026-04-27
513310.SH,short,1528,1540,12,-0.6005502751375366,stop,2026-04-27
513310.SH,short,1551,1589,38,-0.6005502751375517,stop,2026-04-27
513310.SH,short,1620,1626,6,-0.6005502751375487,stop,2026-04-28
513310.SH,long,1666,1679,13,-0.5994502748625539,stop,2026-04-28
513310.SH,long,1690,1692,2,-0.5994502748625444,stop,2026-04-28
513310.SH,long,1703,1728,25,-0.5994502748625614,stop,2026-04-28
513310.SH,long,1739,1741,2,0.4994502748625857,tp,2026-04-28
513310.SH,long,1752,1796,44,-0.5994502748625548,stop,2026-04-28
513310.SH,long,1807,1821,14,-0.5994502748625549,stop,2026-04-28
513310.SH,long,1832,1836,4,0.49945027486257054,tp,2026-04-28
513310.SH,long,1905,1913,8,-0.5994502748625653,stop,2026-04-29
513310.SH,short,2094,2096,2,0.5005502751375666,tp,2026-04-30
513310.SH,short,2109,2131,22,0.5005502751375707,tp,2026-04-30
513310.SH,long,2227,2244,17,0.4994502748625864,tp,2026-04-30
513310.SH,long,2284,2319,35,-0.2394427640729121,eod,2026-04-30
513310.SH,short,2572,2573,1,-0.6005502751375466,stop,2026-05-07
513310.SH,short,2584,2611,27,0.5005502751375716,tp,2026-05-07
513310.SH,long,2623,2628,5,0.49945027486257815,tp,2026-05-07
513310.SH,short,2692,2697,5,-0.6005502751375424,stop,2026-05-07
513310.SH,short,2708,2773,65,-0.6005502751375524,stop,2026-05-07
513310.SH,short,2784,2799,15,-0.13965439693139362,eod,2026-05-07
513310.SH,short,2929,2933,4,-0.6005502751375587,stop,2026-05-08
513310.SH,short,2944,2945,1,-0.6005502751375577,stop,2026-05-08
513310.SH,short,2956,2964,8,-0.6005502751375413,stop,2026-05-08
513310.SH,short,2975,3019,44,0.5005502751375902,tp,2026-05-08
513310.SH,short,3036,3039,3,-0.4137203737003608,eod,2026-05-08
513310.SH,short,3160,3249,89,0.5005502751375873,tp,2026-05-11
513310.SH,short,3260,3279,19,-0.31371075078626665,eod,2026-05-11
513310.SH,short,3342,3343,1,-0.6005502751375551,stop,2026-05-12
513310.SH,short,3354,3355,1,-0.6005502751375642,stop,2026-05-12
513310.SH,short,3366,3373,7,0.5005502751375742,tp,2026-05-12
513310.SH,long,3389,3393,4,-0.599450274862552,stop,2026-05-12
513310.SH,long,3404,3405,1,-0.5994502748625582,stop,2026-05-12
513310.SH,long,3416,3423,7,0.4994502748625975,tp,2026-05-12
513310.SH,long,3434,3440,6,-0.5994502748625621,stop,2026-05-12
513310.SH,long,3451,3452,1,0.4994502748625874,tp,2026-05-12
513310.SH,long,3463,3491,28,-0.5994502748625652,stop,2026-05-12
513310.SH,long,3502,3506,4,0.49945027486257476,tp,2026-05-12
513310.SH,long,3517,3518,1,-0.5994502748625576,stop,2026-05-12
513310.SH,long,3599,3600,1,-0.5994502748625435,stop,2026-05-13
513310.SH,long,3611,3625,14,0.4994502748625902,tp,2026-05-13
513310.SH,short,3640,3641,1,-0.6005502751375396,stop,2026-05-13
513310.SH,short,3652,3653,1,0.5005502751375808,tp,2026-05-13
513310.SH,short,3664,3666,2,0.5005502751375749,tp,2026-05-13
513310.SH,short,3677,3681,4,-0.6005502751375397,stop,2026-05-13
513310.SH,short,3692,3723,31,-0.6005502751375495,stop,2026-05-13
513310.SH,short,3734,3735,1,-0.6005502751375424,stop,2026-05-13
513310.SH,short,3746,3758,12,-0.6005502751375459,stop,2026-05-13
513310.SH,short,3821,3822,1,0.5005502751375838,tp,2026-05-14
513310.SH,long,3833,3834,1,-0.5994502748625556,stop,2026-05-14
513310.SH,long,4061,4062,1,0.4994502748625864,tp,2026-05-15
513310.SH,short,4073,4074,1,-0.6005502751375458,stop,2026-05-15
513310.SH,short,4085,4087,2,0.5005502751375726,tp,2026-05-15
513310.SH,short,4098,4107,9,0.5005502751375841,tp,2026-05-15
513310.SH,long,4118,4239,121,-0.1664503078798407,eod,2026-05-15
513310.SH,long,4304,4305,1,-0.5994502748625608,stop,2026-05-18
513310.SH,long,4316,4320,4,-0.5994502748625631,stop,2026-05-18
513310.SH,long,4331,4333,2,-0.5994502748625538,stop,2026-05-18
513310.SH,long,4344,4350,6,-0.5994502748625616,stop,2026-05-18
513310.SH,long,4361,4479,118,-0.5915495679225381,eod,2026-05-18
513310.SH,long,4547,4548,1,0.4994502748625758,tp,2026-05-19
513310.SH,long,4564,4567,3,-0.5994502748625619,stop,2026-05-19
513310.SH,long,4578,4580,2,0.4994502748625692,tp,2026-05-19
513310.SH,long,4592,4594,2,0.4994502748625923,tp,2026-05-19
513310.SH,short,4613,4619,6,-0.6005502751375502,stop,2026-05-19
513310.SH,short,4630,4631,1,-0.6005502751375349,stop,2026-05-19
513310.SH,short,4642,4643,1,0.5005502751375932,tp,2026-05-19
513310.SH,short,4654,4657,3,0.5005502751375764,tp,2026-05-19
513310.SH,short,4668,4669,1,-0.6005502751375404,stop,2026-05-19
513310.SH,short,4680,4684,4,0.5005502751375953,tp,2026-05-19
513310.SH,short,4695,4699,4,0.5005502751375835,tp,2026-05-19
513310.SH,short,4710,4712,2,0.5005502751375783,tp,2026-05-19
513310.SH,long,4813,4832,19,-0.5994502748625538,stop,2026-05-20
513310.SH,long,4959,4960,1,-0.09995002498748973,revert,2026-05-20
513310.SH,long,5036,5051,15,0.4994502748625695,tp,2026-05-21
513310.SH,long,5068,5080,12,0.4994502748625767,tp,2026-05-21
513310.SH,long,5150,5168,18,-0.599450274862551,stop,2026-05-21
513310.SH,long,5179,5191,12,-0.5994502748625634,stop,2026-05-21
513310.SH,long,5301,5320,19,0.4994502748625806,tp,2026-05-22
513310.SH,short,5530,5533,3,0.5005502751375818,tp,2026-05-25
513310.SH,short,5544,5552,8,-0.6005502751375464,stop,2026-05-25
513310.SH,short,5563,5679,116,-0.05036436153219365,eod,2026-05-25
513310.SH,short,5750,5751,1,-0.6005502751375535,stop,2026-05-26
513310.SH,long,5798,5919,121,0.09542165032216485,eod,2026-05-26
513310.SH,short,5982,5984,2,0.5005502751375821,tp,2026-05-27
513310.SH,long,5999,6003,4,0.49945027486258053,tp,2026-05-27
513310.SH,short,6222,6223,1,0.5005502751375837,tp,2026-05-28
513310.SH,long,6235,6238,3,-0.599450274862551,stop,2026-05-28
513310.SH,long,6249,6253,4,-0.5994502748625629,stop,2026-05-28
513310.SH,long,6264,6272,8,-0.5994502748625501,stop,2026-05-28
513310.SH,long,6283,6399,116,0.21373382057939416,eod,2026-05-28
513310.SH,short,6464,6465,1,-0.6005502751375548,stop,2026-05-29
513310.SH,long,6493,6497,4,0.4994502748625696,tp,2026-05-29
513310.SH,long,6508,6639,131,-0.20010045102761428,eod,2026-05-29
513310.SH,long,6709,6711,2,-0.5994502748625631,stop,2026-06-01
513310.SH,long,6722,6723,1,-0.5994502748625469,stop,2026-06-01
513310.SH,long,6734,6735,1,-0.5994502748625576,stop,2026-06-01
513310.SH,long,6746,6748,2,0.4994502748625827,tp,2026-06-01
513310.SH,short,6760,6762,2,0.5005502751375882,tp,2026-06-01
513310.SH,long,6784,6786,2,-0.5994502748625525,stop,2026-06-01
513310.SH,long,6797,6834,37,-0.5994502748625447,stop,2026-06-01
513310.SH,long,6845,6879,34,-0.236588835006328,eod,2026-06-01
513310.SH,short,6946,6948,2,0.5005502751375812,tp,2026-06-02
513310.SH,short,7034,7037,3,-0.6005502751375593,stop,2026-06-02
513310.SH,short,7048,7050,2,-0.6005502751375357,stop,2026-06-02
513310.SH,short,7061,7065,4,0.5005502751375784,tp,2026-06-02
513310.SH,short,7076,7085,9,0.5005502751375805,tp,2026-06-02
513310.SH,long,7427,7430,3,0.49945027486259586,tp,2026-06-04
513310.SH,long,7484,7511,27,-0.5994502748625513,stop,2026-06-04
513310.SH,long,7522,7554,32,-0.5994502748625609,stop,2026-06-04
513310.SH,long,7565,7573,8,0.49945027486257615,tp,2026-06-04
513310.SH,long,7584,7599,15,-0.3002174155154241,eod,2026-06-04
513310.SH,long,7670,7673,3,-0.5994502748625543,stop,2026-06-05
513310.SH,long,7684,7691,7,0.49945027486257426,tp,2026-06-05
513310.SH,long,7720,7734,14,-0.5994502748625714,stop,2026-06-05
513310.SH,long,7745,7773,28,-0.599450274862564,stop,2026-06-05
513310.SH,long,7784,7801,17,-0.5994502748625598,stop,2026-06-05
513310.SH,long,7812,7817,5,0.4994502748625681,tp,2026-06-05
513310.SH,long,7828,7839,11,0.042560745304963836,eod,2026-06-05
513310.SH,short,7909,7921,12,0.5005502751375788,tp,2026-06-08
513310.SH,long,7941,7960,19,-0.5994502748625554,stop,2026-06-08
513310.SH,long,7971,7975,4,0.4994502748625812,tp,2026-06-08
513310.SH,long,7986,7992,6,-0.5994502748625679,stop,2026-06-08
513310.SH,long,8003,8010,7,0.4994502748625791,tp,2026-06-08
513310.SH,long,8021,8034,13,-0.5994502748625632,stop,2026-06-08
513310.SH,long,8045,8046,1,0.49945027486257626,tp,2026-06-08
513310.SH,long,8057,8065,8,0.49945027486257426,tp,2026-06-08
513310.SH,long,8076,8079,3,0.10964382390150884,eod,2026-06-08
513310.SH,short,8179,8186,7,-0.6005502751375528,stop,2026-06-09
513310.SH,short,8197,8200,3,-0.6005502751375569,stop,2026-06-09
513310.SH,short,8211,8221,10,-0.6005502751375531,stop,2026-06-09
513310.SH,short,8232,8319,87,-0.4302411622477693,eod,2026-06-09
513310.SH,short,8396,8403,7,0.5005502751375871,tp,2026-06-10
513310.SH,long,8440,8441,1,-0.5994502748625572,stop,2026-06-10
513310.SH,long,8452,8458,6,-0.5994502748625676,stop,2026-06-10
513310.SH,long,8470,8487,17,-0.5994502748625475,stop,2026-06-10
513310.SH,long,8498,8502,4,0.49945027486258503,tp,2026-06-10
513310.SH,short,8520,8522,2,-0.6005502751375414,stop,2026-06-10
513310.SH,short,8533,8536,3,0.5005502751375757,tp,2026-06-10
513310.SH,short,8651,8659,8,0.5005502751375828,tp,2026-06-11
513310.SH,long,8904,8917,13,0.49945027486256516,tp,2026-06-12
513310.SH,long,8957,8967,10,-0.5994502748625703,stop,2026-06-12
513310.SH,long,8978,8982,4,0.49945027486258553,tp,2026-06-12
513310.SH,long,8993,8995,2,-0.5994502748625609,stop,2026-06-12
513310.SH,long,9006,9015,9,-0.5994502748625621,stop,2026-06-12
513310.SH,long,9026,9039,13,-0.1353504679269126,eod,2026-06-12
513310.SH,long,9112,9113,1,-0.5994502748625574,stop,2026-06-15
513310.SH,short,9261,9279,18,0.08346673336668699,eod,2026-06-15
513310.SH,long,9441,9445,4,0.4994502748625922,tp,2026-06-16
513310.SH,long,9514,9519,5,-0.08317983026279102,eod,2026-06-16
513310.SH,long,9630,9640,10,0.49945027486257815,tp,2026-06-17
513310.SH,short,9671,9672,1,-0.600550275137551,stop,2026-06-17
513310.SH,short,9683,9684,1,-0.600550275137549,stop,2026-06-17
513310.SH,short,9695,9704,9,-0.6005502751375461,stop,2026-06-17
513310.SH,short,9715,9759,44,0.013112176243192062,eod,2026-06-17
513310.SH,short,9889,9976,87,0.5005502751375848,tp,2026-06-18
513310.SH,long,9996,9999,3,-0.05276801146025449,eod,2026-06-18
513310.SH,short,10068,10075,7,0.5005502751375762,tp,2026-06-22
513310.SH,long,10313,10324,11,0.49945027486258026,tp,2026-06-23
513310.SH,long,10349,10355,6,-0.5994502748625629,stop,2026-06-23
513310.SH,long,10366,10368,2,-0.5994502748625568,stop,2026-06-23
513310.SH,long,10379,10383,4,0.4994502748625801,tp,2026-06-23
513310.SH,long,10394,10398,4,-0.5994502748625559,stop,2026-06-23
513310.SH,long,10409,10411,2,-0.5994502748625585,stop,2026-06-23
513310.SH,long,10422,10425,3,0.49945027486258786,tp,2026-06-23
513310.SH,long,10436,10445,9,-0.5994502748625662,stop,2026-06-23
513310.SH,long,10456,10479,23,-0.09995002498750469,eod,2026-06-23
513310.SH,long,10548,10554,6,-0.5994502748625569,stop,2026-06-24
513310.SH,long,10565,10568,3,-0.5994502748625664,stop,2026-06-24
513310.SH,long,10585,10597,12,0.4994502748625775,tp,2026-06-24
513310.SH,short,10608,10618,10,-0.600550275137545,stop,2026-06-24
513310.SH,short,10629,10642,13,0.5005502751375802,tp,2026-06-24
513310.SH,short,10673,10719,46,-0.19533803074787756,eod,2026-06-24
513310.SH,long,10790,10794,4,0.4994502748625793,tp,2026-06-25
513310.SH,short,10832,10834,2,-0.6005502751375384,stop,2026-06-25
513310.SH,short,10845,10862,17,-0.6005502751375483,stop,2026-06-25
513310.SH,short,10873,10886,13,0.5005502751375726,tp,2026-06-25
513310.SH,short,10898,10903,5,-0.6005502751375402,stop,2026-06-25
513310.SH,short,10914,10933,19,0.500550275137579,tp,2026-06-25
513310.SH,short,10946,10959,13,0.1103389106353218,eod,2026-06-25
513310.SH,long,11043,11045,2,-0.5994502748625629,stop,2026-06-26
513310.SH,long,11056,11061,5,-0.5994502748625533,stop,2026-06-26
513310.SH,long,11072,11078,6,0.4994502748625815,tp,2026-06-26
513310.SH,short,11090,11093,3,-0.6005502751375349,stop,2026-06-26
513310.SH,short,11104,11106,2,-0.6005502751375414,stop,2026-06-26
513310.SH,short,11117,11119,2,0.5005502751375804,tp,2026-06-26
513310.SH,short,11130,11139,9,0.5005502751375761,tp,2026-06-26
513310.SH,short,11150,11199,49,0.05442536082858643,eod,2026-06-26
513310.SH,short,11276,11280,4,-0.6005502751375547,stop,2026-06-29
513310.SH,short,11291,11292,1,-0.6005502751375508,stop,2026-06-29
513310.SH,short,11304,11315,11,0.500550275137581,tp,2026-06-29
513310.SH,short,11335,11345,10,-0.6005502751375459,stop,2026-06-29
513310.SH,short,11356,11362,6,-0.6005502751375476,stop,2026-06-29
513310.SH,short,11373,11376,3,-0.6005502751375478,stop,2026-06-29
513310.SH,short,11387,11389,2,-0.6005502751375519,stop,2026-06-29
513310.SH,short,11400,11408,8,0.5005502751375731,tp,2026-06-29
513310.SH,short,11419,11439,20,0.2791742893723145,eod,2026-06-29
513310.SH,short,11525,11528,3,-0.6005502751375511,stop,2026-06-30
513310.SH,short,11539,11560,21,-0.600550275137553,stop,2026-06-30
513310.SH,short,11571,11604,33,0.5005502751375721,tp,2026-06-30
513310.SH,long,11647,11657,10,-0.5994502748625716,stop,2026-06-30
513310.SH,long,11668,11679,11,-0.21932275087249686,eod,2026-06-30
513310.SH,long,11746,11751,5,-0.5994502748625502,stop,2026-07-01
513310.SH,long,11804,11812,8,-0.5994502748625626,stop,2026-07-01
513310.SH,long,11825,11837,12,-0.5994502748625599,stop,2026-07-01
513310.SH,long,11848,11850,2,-0.5994502748625636,stop,2026-07-01
513310.SH,long,11861,11870,9,-0.5994502748625575,stop,2026-07-01
513310.SH,long,11881,11896,15,-0.5994502748625704,stop,2026-07-01
513310.SH,long,11907,11919,12,-0.30018139249831155,eod,2026-07-01
513310.SH,short,11986,12000,14,0.3942318403547048,revert,2026-07-02
513310.SH,long,12037,12041,4,-0.5994502748625636,stop,2026-07-02
513310.SH,long,12052,12059,7,-0.5994502748625734,stop,2026-07-02
513310.SH,long,12070,12073,3,-0.5994502748625553,stop,2026-07-02
513310.SH,long,12084,12104,20,-0.5994502748625631,stop,2026-07-02
513310.SH,long,12115,12140,25,-0.5994502748625585,stop,2026-07-02
513310.SH,long,12151,12159,8,0.38761332898008893,eod,2026-07-02
513310.SH,short,12231,12235,4,-0.6005502751375473,stop,2026-07-03
513310.SH,short,12246,12261,15,0.5005502751375983,tp,2026-07-03
513310.SH,short,12280,12300,20,0.5005502751375825,tp,2026-07-03
513310.SH,short,12311,12326,15,0.5005502751375703,tp,2026-07-03
513310.SH,long,12389,12399,10,0.07963823285286101,eod,2026-07-03
513310.SH,long,12479,12482,3,0.4994502748625716,tp,2026-07-06
513310.SH,short,12493,12494,1,-0.6005502751375547,stop,2026-07-06
513310.SH,short,12505,12514,9,-0.6005502751375562,stop,2026-07-06
513310.SH,short,12525,12526,1,-0.6005502751375403,stop,2026-07-06
513310.SH,short,12537,12539,2,0.5005502751375792,tp,2026-07-06
513310.SH,short,12550,12558,8,-0.6005502751375368,stop,2026-07-06
513310.SH,short,12569,12573,4,-0.6005502751375448,stop,2026-07-06
513310.SH,short,12584,12591,7,0.5005502751375843,tp,2026-07-06
513310.SH,short,12610,12619,9,0.5005502751375843,tp,2026-07-06
513310.SH,short,12703,12704,1,-0.6005502751375461,stop,2026-07-07
513310.SH,long,12751,12760,9,-0.5994502748625579,stop,2026-07-07
513310.SH,long,12771,12774,3,-0.5994502748625707,stop,2026-07-07
513310.SH,long,12787,12789,2,0.499450274862571,tp,2026-07-07
513310.SH,long,12827,12865,38,-0.5994502748625685,stop,2026-07-07
513310.SH,long,12876,12879,3,-0.09995002498750442,eod,2026-07-07
513310.SH,short,12986,12993,7,-0.6005502751375529,stop,2026-07-08
513310.SH,long,13027,13031,4,-0.599450274862555,stop,2026-07-08
513310.SH,long,13044,13056,12,0.4994502748625903,tp,2026-07-08
513310.SH,long,13067,13092,25,-0.5994502748625532,stop,2026-07-08
513310.SH,long,13103,13107,4,-0.5994502748625391,stop,2026-07-08
513310.SH,long,13118,13119,1,-0.08281451041201268,eod,2026-07-08
513310.SH,long,13195,13199,4,-0.5994502748625645,stop,2026-07-09
513310.SH,long,13210,13218,8,0.4994502748625798,tp,2026-07-09
513310.SH,long,13229,13235,6,0.4994502748625729,tp,2026-07-09
513310.SH,short,13250,13257,7,0.5005502751375792,tp,2026-07-09
513310.SH,short,13288,13292,4,-0.6005502751375467,stop,2026-07-09
513310.SH,short,13303,13343,40,-0.600550275137542,stop,2026-07-09
513310.SH,short,13354,13359,5,0.20824969138807317,eod,2026-07-09
513310.SH,long,13518,13539,21,-0.5994502748625596,stop,2026-07-10
513310.SH,long,13550,13552,2,-0.5994502748625629,stop,2026-07-10
513310.SH,long,13563,13570,7,-0.5994502748625629,stop,2026-07-10
513310.SH,long,13581,13594,13,-0.5994502748625664,stop,2026-07-10
513310.SH,long,13666,13671,5,0.49945027486257887,tp,2026-07-13
513310.SH,long,13693,13697,4,-0.5994502748625632,stop,2026-07-13
513310.SH,long,13709,13713,4,-0.5994502748625576,stop,2026-07-13
513310.SH,long,13724,13731,7,0.4994502748625783,tp,2026-07-13
513310.SH,long,13742,13747,5,-0.5994502748625508,stop,2026-07-13
513310.SH,long,13759,13760,1,0.4994502748625727,tp,2026-07-13
513310.SH,long,13771,13775,4,-0.599450274862563,stop,2026-07-13
513310.SH,long,13786,13792,6,-0.5994502748625544,stop,2026-07-13
513310.SH,long,13803,13806,3,0.4994502748625764,tp,2026-07-13
513310.SH,long,13817,13821,4,-0.5994502748625752,stop,2026-07-13
513310.SH,long,13832,13839,7,-0.3846669468970422,eod,2026-07-13
513310.SH,long,13904,13907,3,-0.5994502748625469,stop,2026-07-14
513310.SH,long,13918,13924,6,-0.5994502748625534,stop,2026-07-14
513310.SH,long,13935,13937,2,-0.5994502748625432,stop,2026-07-14
513310.SH,long,13948,13949,1,-0.5994502748625525,stop,2026-07-14
513310.SH,short,13960,13961,1,0.5005502751375707,tp,2026-07-14
513310.SH,short,13972,13973,1,0.5005502751375904,tp,2026-07-14
513310.SH,short,13984,13986,2,-0.6005502751375285,stop,2026-07-14
513310.SH,short,13997,13998,1,0.5005502751375962,tp,2026-07-14
513310.SH,short,14009,14010,1,0.5005502751375812,tp,2026-07-14
513310.SH,short,14021,14041,20,0.5005502751375761,tp,2026-07-14
513310.SH,short,14052,14076,24,0.5005502751375771,tp,2026-07-14
513310.SH,long,14149,14151,2,0.4994502748625824,tp,2026-07-15
513310.SH,long,14204,14207,3,-0.5994502748625582,stop,2026-07-15
513310.SH,long,14266,14294,28,-0.599450274862552,stop,2026-07-15
513310.SH,long,14305,14308,3,-0.5994502748625513,stop,2026-07-15
513310.SH,long,14319,14320,1,-0.09995002498749374,revert,2026-07-15
513310.SH,short,14399,14413,14,0.5005502751375929,tp,2026-07-16
513310.SH,long,14476,14481,5,0.49945027486258026,tp,2026-07-16
513310.SH,long,14494,14498,4,-0.5994502748625579,stop,2026-07-16
513310.SH,long,14509,14512,3,-0.5994502748625529,stop,2026-07-16
513310.SH,long,14523,14524,1,-0.5994502748625544,stop,2026-07-16
513310.SH,long,14535,14540,5,0.49945027486257715,tp,2026-07-16
513310.SH,long,14551,14559,8,-0.13872357436650593,eod,2026-07-16
513500.SH,long,6041,6123,82,0.457483494203487,revert,2026-05-28
513500.SH,short,6422,6434,12,0.5005502751375749,tp,2026-06-01
513500.SH,short,6630,6639,9,-0.1763748820654986,eod,2026-06-01
513500.SH,long,6691,6694,3,-0.5994502748625532,stop,2026-06-02
513500.SH,long,6705,6721,16,-0.5994502748625525,stop,2026-06-02
513500.SH,long,6732,6773,41,0.4994502748625619,tp,2026-06-02
513500.SH,long,6829,6879,50,0.05332968345134545,eod,2026-06-02
513500.SH,long,7083,7119,36,0.16952987860598293,eod,2026-06-03
513500.SH,long,8381,8405,24,0.4994502748625936,tp,2026-06-11
513500.SH,short,8489,8559,70,-0.14013815077343938,eod,2026-06-11
513500.SH,long,8736,8799,63,-0.29816440985854775,eod,2026-06-12
513500.SH,long,10194,10205,11,-0.5994502748625565,stop,2026-06-23
513500.SH,long,10225,10239,14,-0.020125774108544527,eod,2026-06-23
513500.SH,short,10457,10479,22,-0.10005002501250834,eod,2026-06-24
513500.SH,long,10810,10837,27,0.4994502748625956,tp,2026-06-26
513500.SH,short,13752,13839,87,-0.139475015175945,eod,2026-07-14
513520.SH,long,743,820,77,0.4994502748625615,tp,2026-04-23
513520.SH,short,2302,2319,17,-0.2427782332230747,eod,2026-05-06
513520.SH,short,2748,2799,51,0.08506333610635036,eod,2026-05-08
513520.SH,long,3654,3683,29,-0.5994502748625588,stop,2026-05-14
513520.SH,long,3694,3759,65,-0.2877320738127004,eod,2026-05-14
513520.SH,long,3890,3921,31,-0.5994502748625499,stop,2026-05-15
513520.SH,long,3932,3970,38,0.4994502748625812,tp,2026-05-15
513520.SH,short,4711,4719,8,-0.0017199169329047213,eod,2026-05-20
513520.SH,long,4950,4959,9,0.04490263326530305,eod,2026-05-21
513520.SH,long,5802,5919,117,-0.19080955202252,eod,2026-05-27
513520.SH,long,6040,6064,24,0.4994502748625891,tp,2026-05-28
513520.SH,short,6283,6374,91,-0.600550275137537,stop,2026-05-29
513520.SH,short,6390,6399,9,-0.1444402910989799,eod,2026-05-29
513520.SH,short,6490,6498,8,-0.6005502751375411,stop,2026-06-01
513520.SH,short,6509,6537,28,0.5005502751375626,tp,2026-06-01
513520.SH,short,6565,6599,34,-0.600550275137538,stop,2026-06-01
513520.SH,short,6610,6636,26,0.5005502751375673,tp,2026-06-01
513520.SH,long,6744,6761,17,0.4994502748625806,tp,2026-06-02
513520.SH,short,6778,6785,7,-0.6005502751375484,stop,2026-06-02
513520.SH,short,6796,6815,19,0.500550275137592,tp,2026-06-02
513520.SH,short,6871,6879,8,-0.3593765794814395,eod,2026-06-02
513520.SH,short,6950,7029,79,0.5005502751375888,tp,2026-06-03
513520.SH,long,7072,7087,15,-0.5994502748625603,stop,2026-06-03
513520.SH,long,7098,7108,10,0.49945027486256943,tp,2026-06-03
513520.SH,short,7345,7359,14,-0.22783732291676606,eod,2026-06-04
513520.SH,short,7415,7531,116,0.5005502751375766,tp,2026-06-05
513520.SH,long,7575,7599,24,-0.09995002498748265,eod,2026-06-05
513520.SH,short,7627,7654,27,0.500550275137582,tp,2026-06-08
513520.SH,short,7676,7754,78,0.5005502751375873,tp,2026-06-08
513520.SH,long,7766,7786,20,0.4994502748625996,tp,2026-06-08
513520.SH,short,7835,7839,4,-0.05522241640298544,eod,2026-06-08
513520.SH,short,7876,7893,17,0.5005502751375767,tp,2026-06-09
513520.SH,short,7936,7960,24,-0.6005502751375491,stop,2026-06-09
513520.SH,short,7971,7973,2,0.5005502751375744,tp,2026-06-09
513520.SH,short,7984,7991,7,0.5005502751375911,tp,2026-06-09
513520.SH,short,8002,8010,8,-0.6005502751375466,stop,2026-06-09
513520.SH,short,8021,8068,47,-0.600550275137568,stop,2026-06-09
513520.SH,short,8079,8080,1,0.5005502751375711,tp,2026-06-09
513520.SH,long,8116,8129,13,0.4994502748625878,tp,2026-06-10
513520.SH,long,8200,8210,10,-0.5994502748625636,stop,2026-06-10
513520.SH,long,8221,8239,18,-0.5994502748625704,stop,2026-06-10
513520.SH,long,8250,8279,29,0.49945027486257393,tp,2026-06-10
513520.SH,long,8290,8319,29,-0.27723494064857207,eod,2026-06-10
513520.SH,long,8343,8348,5,-0.5994502748625531,stop,2026-06-11
513520.SH,long,8361,8373,12,-0.599450274862557,stop,2026-06-11
513520.SH,long,8384,8440,56,0.4994502748626015,tp,2026-06-11
513520.SH,short,8547,8559,12,-0.3225934888297748,eod,2026-06-11
513520.SH,long,8727,8729,2,-0.599450274862565,stop,2026-06-12
513520.SH,long,8740,8752,12,0.4994502748625668,tp,2026-06-12
513520.SH,long,8763,8781,18,-0.5994502748625716,stop,2026-06-12
513520.SH,long,8793,8799,6,-0.14351742576161297,eod,2026-06-12
513520.SH,short,8930,8942,12,0.5005502751375894,tp,2026-06-15
513520.SH,short,8980,9011,31,-0.6005502751375442,stop,2026-06-15
513520.SH,short,9022,9031,9,-0.6005502751375412,stop,2026-06-15
513520.SH,short,9098,9100,2,-0.6005502751375441,stop,2026-06-16
513520.SH,short,9158,9160,2,-0.6005502751375466,stop,2026-06-16
513520.SH,short,9171,9189,18,0.5005502751375647,tp,2026-06-16
513520.SH,long,9418,9519,101,-0.18113657515003023,eod,2026-06-17
513520.SH,short,9674,9693,19,0.5005502751375878,tp,2026-06-18
513520.SH,short,9730,9759,29,0.17636036953388756,eod,2026-06-18
513520.SH,long,10019,10072,53,-0.5994502748625559,stop,2026-06-23
513520.SH,long,10091,10119,28,-0.5994502748625498,stop,2026-06-23
513520.SH,long,10130,10151,21,-0.5994502748625538,stop,2026-06-23
513520.SH,long,10162,10180,18,-0.5994502748625448,stop,2026-06-23
513520.SH,long,10191,10212,21,0.4994502748625698,tp,2026-06-23
513520.SH,long,10223,10239,16,-0.09995002498750985,eod,2026-06-23
513520.SH,short,10272,10278,6,0.500550275137592,tp,2026-06-24
513520.SH,long,10317,10328,11,-0.5994502748625664,stop,2026-06-24
513520.SH,short,10617,10652,35,-0.6005502751375374,stop,2026-06-25
513520.SH,short,10663,10669,6,-0.6005502751375369,stop,2026-06-25
513520.SH,short,10680,10691,11,-0.6005502751375547,stop,2026-06-25
513520.SH,short,10702,10719,17,-0.022901624222498116,eod,2026-06-25
513520.SH,short,10935,10943,8,0.5005502751375863,tp,2026-06-26
513520.SH,short,11132,11163,31,-0.6005502751375511,stop,2026-06-29
513520.SH,short,11174,11183,9,0.5005502751375729,tp,2026-06-29
513520.SH,short,11196,11199,3,-0.10005002501248458,eod,2026-06-29
513520.SH,short,11334,11366,32,0.5005502751375976,tp,2026-06-30
513520.SH,long,11431,11439,8,0.13875977184644062,eod,2026-06-30
513520.SH,long,11508,11513,5,-0.5994502748625654,stop,2026-07-01
513520.SH,long,11524,11538,14,0.4994502748625686,tp,2026-07-01
513520.SH,long,11614,11634,20,-0.5994502748625585,stop,2026-07-01
513520.SH,long,11645,11660,15,-0.59945027486256,stop,2026-07-01
513520.SH,long,11671,11679,8,-0.14023230320322244,eod,2026-07-01
513520.SH,long,11834,11862,28,-0.5994502748625588,stop,2026-07-02
513520.SH,long,11873,11910,37,-0.5994502748625603,stop,2026-07-02
513520.SH,short,12149,12159,10,-0.1820656333902329,eod,2026-07-03
513520.SH,long,12209,12280,71,0.49945027486257765,tp,2026-07-06
513520.SH,short,12363,12365,2,-0.6005502751375311,stop,2026-07-06
513520.SH,short,12376,12389,13,-0.6005502751375313,stop,2026-07-06
513520.SH,short,12410,12452,42,0.3504821150346176,revert,2026-07-07
513520.SH,long,12522,12529,7,-0.5994502748625616,stop,2026-07-07
513520.SH,long,12540,12557,17,0.49945027486257937,tp,2026-07-07
513520.SH,long,12834,12860,26,-0.5994502748625489,stop,2026-07-08
513520.SH,long,12871,12879,8,-0.18515262624551798,eod,2026-07-08
513520.SH,long,12911,12925,14,0.49945027486258337,tp,2026-07-09
513520.SH,long,12971,12987,16,-0.5994502748625502,stop,2026-07-09
513520.SH,long,13005,13012,7,0.4994502748625798,tp,2026-07-09
513520.SH,long,13023,13085,62,0.4994502748625803,tp,2026-07-09
513520.SH,long,13304,13359,55,-0.43989064591480886,eod,2026-07-10
513520.SH,long,13480,13599,119,-0.4500159031303318,eod,2026-07-13
513520.SH,long,13698,13706,8,-0.5994502748625486,stop,2026-07-14
513520.SH,long,13717,13720,3,0.4994502748625733,tp,2026-07-14
513520.SH,short,13742,13750,8,-0.6005502751375297,stop,2026-07-14
513520.SH,short,13790,13810,20,-0.6005502751375572,stop,2026-07-14
513520.SH,short,13821,13839,18,-0.1000500250125049,eod,2026-07-14
513520.SH,short,13960,14046,86,-0.600550275137546,stop,2026-07-15
513520.SH,short,14057,14065,8,-0.6005502751375479,stop,2026-07-15
513520.SH,short,14076,14079,3,-0.18531412213772713,eod,2026-07-15
513550.SH,long,4911,4959,48,-0.5435559307379817,eod,2026-05-21
513550.SH,short,6690,6745,55,0.34326286260934585,revert,2026-06-02
513550.SH,short,6865,6879,14,0.07571828056259389,eod,2026-06-02
513550.SH,long,8369,8440,71,0.18119458094593555,revert,2026-06-11
513550.SH,short,9906,9999,93,-0.2894540931771262,eod,2026-06-22
513550.SH,long,10098,10186,88,-0.5994502748625613,stop,2026-06-23
513550.SH,long,10197,10239,42,-0.09995002498748048,eod,2026-06-23
513550.SH,long,10787,10866,79,0.2968724178129373,revert,2026-06-26
513550.SH,short,11021,11199,178,-0.19780398011502348,eod,2026-06-29
513550.SH,short,12214,12341,127,0.47358923014517595,revert,2026-07-06
513550.SH,long,12531,12639,108,0.2820769347639818,eod,2026-07-07
513550.SH,short,12764,12780,16,-0.6005502751375515,stop,2026-07-08
513550.SH,short,12791,12802,11,-0.6005502751375712,stop,2026-07-08
513550.SH,long,13003,13032,29,-0.599450274862569,stop,2026-07-09
513550.SH,long,13043,13119,76,0.18014357307327641,eod,2026-07-09
513550.SH,short,13200,13271,71,0.5005502751375801,tp,2026-07-10
513550.SH,long,13459,13536,77,0.49945027486258814,tp,2026-07-13
513550.SH,short,13777,13839,62,-0.19196926286835586,eod,2026-07-14
513550.SH,short,13942,14069,127,-0.6005502751375487,stop,2026-07-15
513660.SH,long,3629,3759,130,-0.2281914241851995,eod,2026-05-14
513660.SH,long,3925,3999,74,0.09593242594389699,eod,2026-05-15
513660.SH,long,4889,4959,70,-0.5994502748625611,stop,2026-05-21
513660.SH,short,6690,6784,94,-0.6005502751375448,stop,2026-06-02
513660.SH,short,6795,6879,84,-0.3622636465580462,eod,2026-06-02
513660.SH,long,8362,8399,37,-0.5994502748625424,stop,2026-06-11
513660.SH,long,8422,8440,18,0.4994502748625861,tp,2026-06-11
513660.SH,long,9264,9279,15,-0.03057499028261021,eod,2026-06-16
513660.SH,long,9370,9519,149,-0.030284718170877696,eod,2026-06-17
513660.SH,short,9873,9964,91,-0.6005502751375417,stop,2026-06-22
513660.SH,short,9997,9999,2,-0.029257910426222066,eod,2026-06-22
513660.SH,long,10099,10186,87,-0.5994502748625666,stop,2026-06-23
513660.SH,long,10197,10239,42,-0.24441864389567863,eod,2026-06-23
513660.SH,long,10799,10854,55,0.3460323409723723,revert,2026-06-26
513660.SH,short,11021,11199,178,-0.10005002501248061,eod,2026-06-29
513660.SH,long,11254,11372,118,0.3447089511624268,revert,2026-06-30
513660.SH,short,12233,12241,8,0.5005502751375788,tp,2026-07-06
513660.SH,long,12530,12639,109,0.043481489693064916,eod,2026-07-07
513660.SH,short,12764,12780,16,-0.6005502751375377,stop,2026-07-08
513660.SH,short,12791,12820,29,-0.6005502751375508,stop,2026-07-08
513660.SH,short,12831,12879,48,0.10820250624618384,eod,2026-07-08
513660.SH,long,13005,13119,114,0.10992402958187317,eod,2026-07-09
513660.SH,short,13239,13264,25,0.5005502751375794,tp,2026-07-10
513660.SH,long,13463,13518,55,0.49945027486259186,tp,2026-07-13
513660.SH,short,13734,13807,73,-0.6005502751375303,stop,2026-07-14
513660.SH,short,13818,13839,21,-0.031110596620627748,eod,2026-07-14
518660.SH,long,3914,3999,85,-0.05819888091685298,eod,2026-05-15
518660.SH,short,6790,6879,89,-0.33407777214856016,eod,2026-06-02
518660.SH,long,7757,7780,23,0.4994502748625894,tp,2026-06-08
518660.SH,long,8381,8399,18,-0.5994502748625604,stop,2026-06-11
518660.SH,short,11408,11414,6,-0.6005502751375452,stop,2026-06-30
518660.SH,short,11425,11439,14,-0.13582559685846024,eod,2026-06-30
518660.SH,long,12305,12399,94,0.015594793396745472,eod,2026-07-06
518800.SH,long,3914,3999,85,-0.04008781587432833,eod,2026-05-15
518800.SH,short,6761,6879,118,-0.5483808679583917,eod,2026-06-02
518800.SH,long,7755,7802,47,0.4994502748625759,tp,2026-06-08
518800.SH,long,8381,8472,91,0.28285192465191417,revert,2026-06-11
518800.SH,short,11408,11414,6,-0.6005502751375513,stop,2026-06-30
518800.SH,short,11425,11439,14,-0.13426446617405044,eod,2026-06-30
518850.SH,long,3914,3999,85,-0.048118516232178464,eod,2026-05-15
518850.SH,long,7757,7780,23,0.49945027486258886,tp,2026-06-08
518850.SH,long,8381,8399,18,-0.5994502748625601,stop,2026-06-11
518850.SH,short,11408,11414,6,-0.6005502751375272,stop,2026-06-30
518850.SH,short,11425,11439,14,-0.14742905709152243,eod,2026-06-30
518880.SH,long,1764,1839,75,0.07486220862805536,eod,2026-04-28
518880.SH,long,4155,4239,84,-0.016229052873502115,eod,2026-05-15
518880.SH,short,7091,7119,28,-0.05751760520157838,eod,2026-06-02
518880.SH,long,7996,8041,45,0.4994502748625689,tp,2026-06-08
518880.SH,long,8621,8638,17,-0.5994502748625593,stop,2026-06-11
518880.SH,long,8676,8711,35,0.4994502748625629,tp,2026-06-11
518880.SH,short,11648,11654,6,-0.6005502751375377,stop,2026-06-30
518880.SH,short,11665,11679,14,-0.15982552365398545,eod,2026-06-30
000001.SZ,long,7607,7712,105,0.12743628185907235,revert,2026-06-04
000001.SZ,long,9284,9399,115,-0.24020539459023593,revert,2026-06-15
000001.SZ,long,9849,9881,32,-0.33551997235581654,revert,2026-06-17
000001.SZ,long,9961,10122,161,-0.33939387042720254,revert,2026-06-18
000001.SZ,long,10415,10604,189,-0.6491754122938355,stop,2026-06-23
000001.SZ,long,10643,10845,202,-0.6491754122938687,stop,2026-06-24
000001.SZ,long,11102,11327,225,-0.6360500372987654,revert,2026-06-26
000001.SZ,long,12122,12291,169,0.4491754122938649,tp,2026-07-02
000001.SZ,long,12389,12532,143,-0.05241519865066693,revert,2026-07-03
000088.SZ,long,4221,4338,117,-0.5897932091223097,revert,2026-05-15
000088.SZ,long,4522,4579,57,0.4491754122938453,tp,2026-05-18
000088.SZ,long,5264,5302,38,-0.37132209948238387,revert,2026-05-21
000088.SZ,long,6132,6266,134,-0.14992503748124808,revert,2026-05-27
000088.SZ,long,6388,6507,119,0.44917541229384306,tp,2026-05-28
000088.SZ,long,8010,8194,184,-0.6154265524580586,revert,2026-06-08
000088.SZ,long,8307,8435,128,-0.14992503748125727,revert,2026-06-09
000088.SZ,long,10640,10845,205,-0.6491754122938513,stop,2026-06-24
000088.SZ,long,12863,13014,151,0.44917541229384006,tp,2026-07-07
000509.SZ,long,29,241,212,-0.14992503748125047,revert,2026-04-17
000509.SZ,long,252,482,230,0.4491754122938614,tp,2026-04-20
000509.SZ,long,494,723,229,0.13134277931458457,revert,2026-04-21
000509.SZ,long,988,1205,217,-0.6491754122938453,stop,2026-04-23
000509.SZ,long,1226,1446,220,0.44917541229386304,tp,2026-04-24
000509.SZ,long,1457,1687,230,0.44917541229386426,tp,2026-04-27
000509.SZ,long,1742,1928,186,0.4491754122938629,tp,2026-04-28
000509.SZ,long,2175,2410,235,0.44917541229386115,tp,2026-04-30
000509.SZ,long,2899,3133,234,0.44917541229386476,tp,2026-05-08
000509.SZ,long,3259,3374,115,0.10285996242384537,revert,2026-05-11
000509.SZ,long,3480,3615,135,-0.649175412293838,stop,2026-05-12
000509.SZ,long,3866,4097,231,-0.6491754122938479,stop,2026-05-14
000509.SZ,long,4115,4338,223,0.44917541229385693,tp,2026-05-15
000509.SZ,long,4658,4820,162,0.4491754122938664,tp,2026-05-19
000509.SZ,long,4831,5061,230,0.44917541229386815,tp,2026-05-20
000509.SZ,long,5076,5302,226,-0.6491754122938496,stop,2026-05-21
000509.SZ,long,6152,6266,114,0.4491754122938655,tp,2026-05-27
000509.SZ,long,6512,6748,236,-0.6491754122938457,stop,2026-05-29
000509.SZ,long,6790,6989,199,-0.6491754122938492,stop,2026-06-01
000509.SZ,long,7010,7230,220,0.4491754122938711,tp,2026-06-02
000509.SZ,long,7244,7471,227,-0.6491754122938362,stop,2026-06-03
000509.SZ,long,7482,7712,230,-0.6491754122938362,stop,2026-06-04
000509.SZ,long,7723,7953,230,0.4491754122938552,tp,2026-06-05
000509.SZ,long,7964,8194,230,-0.6491754122938542,stop,2026-06-08
000509.SZ,long,8440,8676,236,-0.6491754122938403,stop,2026-06-10
000509.SZ,long,8687,8917,230,0.4491754122938522,tp,2026-06-11
000509.SZ,long,8928,9158,230,-0.6393861892583232,revert,2026-06-12
000509.SZ,long,9291,9399,108,0.4491754122938509,tp,2026-06-15
000509.SZ,long,9688,9881,193,-0.6491754122938693,stop,2026-06-17
000509.SZ,long,9893,10122,229,0.4491754122938638,tp,2026-06-18
000509.SZ,long,10153,10363,210,-0.6491754122938416,stop,2026-06-22
000509.SZ,long,10466,10604,138,0.3395361142957765,revert,2026-06-23
000509.SZ,long,10615,10845,230,-0.6491754122938448,stop,2026-06-24
000509.SZ,long,10881,11086,205,-0.6491754122938528,stop,2026-06-25
000509.SZ,long,11117,11327,210,-0.4197901049475292,revert,2026-06-26
000509.SZ,long,11342,11568,226,-0.6491754122938597,stop,2026-06-29
000509.SZ,long,11628,11809,181,0.4491754122938589,tp,2026-06-30
000509.SZ,long,11859,12050,191,-0.6491754122938403,stop,2026-07-01
000509.SZ,long,12219,12292,73,-0.6491754122938491,stop,2026-07-02
000509.SZ,long,12344,12532,188,-0.6491754122938453,stop,2026-07-03
000509.SZ,long,12582,12773,191,-0.6491754122938507,stop,2026-07-06
000509.SZ,long,12806,13014,208,-0.6491754122938543,stop,2026-07-07
000509.SZ,long,13025,13255,230,-0.6491754122938622,stop,2026-07-08
000509.SZ,long,13275,13496,221,-0.6491754122938622,stop,2026-07-09
000509.SZ,long,13705,13737,32,-0.6491754122938427,stop,2026-07-10
000509.SZ,long,13748,13978,230,-0.6491754122938503,stop,2026-07-13
000509.SZ,long,13989,14219,230,0.4491754122938473,tp,2026-07-14
000509.SZ,long,14230,14460,230,-0.6491754122938587,stop,2026-07-15
000566.SZ,long,19,241,222,0.44917541229385133,tp,2026-04-17
000566.SZ,long,498,723,225,-0.6491754122938497,stop,2026-04-21
000566.SZ,long,977,1205,228,-0.6491754122938544,stop,2026-04-23
000566.SZ,long,1227,1446,219,-0.14992503748125663,revert,2026-04-24
000566.SZ,long,1457,1687,230,0.44917541229384883,tp,2026-04-27
000566.SZ,long,1718,1928,210,-0.6491754122938391,stop,2026-04-28
000566.SZ,long,2716,2892,176,0.2551462605411394,revert,2026-05-07
000566.SZ,long,3032,3133,101,0.4467885579122881,revert,2026-05-08
000566.SZ,long,3427,3615,188,-0.6491754122938286,stop,2026-05-12
000566.SZ,long,3631,3856,225,0.44917541229384195,tp,2026-05-13
000566.SZ,long,3873,4097,224,-0.6491754122938465,stop,2026-05-14
000566.SZ,long,4124,4338,214,-0.6491754122938626,stop,2026-05-15
000566.SZ,long,4651,4820,169,0.2909141455762186,revert,2026-05-19
000566.SZ,long,4832,5061,229,-0.6037890145836384,revert,2026-05-20
000566.SZ,long,5216,5302,86,-0.6491754122938572,stop,2026-05-21
000566.SZ,long,5376,5543,167,0.4491754122938597,tp,2026-05-22
000566.SZ,long,5555,5784,229,-0.3854204972985017,revert,2026-05-25
000566.SZ,long,5808,6025,217,0.33128014306099335,revert,2026-05-26
000566.SZ,long,6036,6266,230,-0.649175412293839,stop,2026-05-27
000566.SZ,long,6388,6507,119,0.44917541229386304,tp,2026-05-28
000566.SZ,long,6634,6748,114,-0.39227958836115423,revert,2026-05-29
000566.SZ,long,6998,7230,232,0.33833938776335,revert,2026-06-02
000566.SZ,long,7494,7712,218,-0.6491754122938542,stop,2026-06-04
000566.SZ,long,7723,7953,230,-0.6491754122938416,stop,2026-06-05
000566.SZ,long,8017,8194,177,-0.6491754122938479,stop,2026-06-08
000566.SZ,long,8205,8435,230,0.4491754122938677,tp,2026-06-09
000566.SZ,long,8476,8676,200,-0.6491754122938528,stop,2026-06-10
000566.SZ,long,8688,8917,229,0.44917541229385693,tp,2026-06-11
000566.SZ,long,8932,9158,226,0.44917541229385693,tp,2026-06-12
000566.SZ,long,9174,9399,225,-0.6491754122938527,stop,2026-06-15
000566.SZ,long,9645,9881,236,-0.6491754122938378,stop,2026-06-17
000566.SZ,long,10033,10122,89,-0.6491754122938409,stop,2026-06-18
000566.SZ,long,10134,10363,229,0.4491754122938724,tp,2026-06-22
000566.SZ,long,10850,11086,236,-0.6491754122938651,stop,2026-06-25
000566.SZ,long,11097,11327,230,-0.6491754122938633,stop,2026-06-26
000566.SZ,long,11339,11568,229,0.4491754122938638,tp,2026-06-29
000566.SZ,long,11582,11809,227,0.4491754122938618,tp,2026-06-30
000566.SZ,long,12299,12532,233,-0.6491754122938357,stop,2026-07-03
000566.SZ,long,12548,12774,226,-0.3220803391407646,revert,2026-07-06
000566.SZ,long,13054,13255,201,-0.6491754122938472,stop,2026-07-08
000566.SZ,long,13299,13496,197,-0.6491754122938411,stop,2026-07-09
000566.SZ,long,13742,13978,236,-0.6491754122938543,stop,2026-07-13
000566.SZ,long,13995,14219,224,-0.6491754122938489,stop,2026-07-14
000635.SZ,long,13,241,228,-0.5174713256868659,revert,2026-04-17
000635.SZ,long,487,723,236,0.44917541229388097,tp,2026-04-21
000635.SZ,long,975,1205,230,-0.6491754122938463,stop,2026-04-23
000635.SZ,long,1226,1446,220,0.4491754122938541,tp,2026-04-24
000635.SZ,long,1463,1687,224,0.4491754122938541,tp,2026-04-27
000635.SZ,long,1846,1928,82,0.44917541229386965,tp,2026-04-28
000635.SZ,long,2252,2410,158,0.3377432163039618,revert,2026-04-30
000635.SZ,long,2424,2651,227,0.44917541229387914,tp,2026-05-06
000635.SZ,long,2775,2892,117,0.21989005497254052,revert,2026-05-07
000635.SZ,long,3199,3374,175,0.44917541229387303,tp,2026-05-11
000635.SZ,long,3434,3615,181,-0.27319673496583186,revert,2026-05-12
000635.SZ,long,4141,4338,197,-0.6491754122938419,stop,2026-05-15
000635.SZ,long,4354,4579,225,0.44917541229387137,tp,2026-05-18
000635.SZ,long,4641,4820,179,-0.6491754122938399,stop,2026-05-19
000635.SZ,long,4832,5061,229,-0.14992503748125166,revert,2026-05-20
000635.SZ,long,5086,5302,216,-0.6491754122938428,stop,2026-05-21
000635.SZ,long,5570,5784,214,-0.6491754122938459,stop,2026-05-25
000635.SZ,long,5805,6025,220,0.4491754122938724,tp,2026-05-26
000635.SZ,long,6036,6266,230,-0.6491754122938491,stop,2026-05-27
000635.SZ,long,6363,6507,144,0.44917541229386226,tp,2026-05-28
000635.SZ,long,6594,6748,154,-0.6491754122938526,stop,2026-05-29
000635.SZ,long,6996,7230,234,-0.6491754122938597,stop,2026-06-02
000635.SZ,long,7294,7471,177,0.4491754122938626,tp,2026-06-03
000635.SZ,long,7493,7712,219,-0.5815536036016554,revert,2026-06-04
000635.SZ,long,7723,7953,230,-0.6491754122938543,stop,2026-06-05
000635.SZ,long,8016,8194,178,-0.6491754122938543,stop,2026-06-08
000635.SZ,long,8205,8435,230,0.4491754122938731,tp,2026-06-09
000635.SZ,long,8447,8676,229,-0.6491754122938431,stop,2026-06-10
000635.SZ,long,8687,8917,230,0.4491754122938736,tp,2026-06-11
000635.SZ,long,8928,9158,230,0.13949546965647008,revert,2026-06-12
000635.SZ,long,9207,9399,192,-0.6491754122938471,stop,2026-06-15
000635.SZ,long,9411,9640,229,0.4491754122938529,tp,2026-06-16
000635.SZ,long,9651,9881,230,-0.6491754122938526,stop,2026-06-17
000635.SZ,long,9989,10122,133,-0.4548107625576335,revert,2026-06-18
000635.SZ,long,10134,10363,229,0.44917541229385566,tp,2026-06-22
000635.SZ,long,10448,10604,156,-0.6491754122938431,stop,2026-06-23
000635.SZ,long,10629,10845,216,-0.6491754122938368,stop,2026-06-24
000635.SZ,long,10866,11086,220,-0.6491754122938423,stop,2026-06-25
000635.SZ,long,11110,11327,217,0.449175412293866,tp,2026-06-26
000635.SZ,long,11339,11568,229,0.4491754122938589,tp,2026-06-29
000635.SZ,long,11628,11809,181,-0.31496648370028946,revert,2026-06-30
000635.SZ,long,12117,12291,174,0.44917541229385793,tp,2026-07-02
000635.SZ,long,12348,12532,184,-0.6315170389081827,revert,2026-07-03
000635.SZ,long,12579,12773,194,-0.6491754122938482,stop,2026-07-06
000635.SZ,long,12804,13014,210,0.4491754122938521,tp,2026-07-07
000635.SZ,long,13029,13255,226,-0.6491754122938502,stop,2026-07-08
000635.SZ,long,13319,13496,177,0.018456201915925317,revert,2026-07-09
000635.SZ,long,13761,13978,217,-0.6491754122938457,stop,2026-07-13
000635.SZ,long,13991,14219,228,0.44917541229385627,tp,2026-07-14
000719.SZ,long,266,482,216,-0.22074069348303402,revert,2026-04-20
000719.SZ,long,1476,1687,211,-0.6491754122938473,stop,2026-04-27
000719.SZ,long,1713,1928,215,0.44917541229385616,tp,2026-04-28
000719.SZ,long,2002,2169,167,0.21663177221963112,revert,2026-04-29
000719.SZ,long,2181,2410,229,-0.6491754122938526,stop,2026-04-30
000719.SZ,long,2964,3133,169,0.4491754122938606,tp,2026-05-08
000719.SZ,long,3535,3615,80,0.4491754122938666,tp,2026-05-12
000719.SZ,long,3684,3856,172,0.44917541229386504,tp,2026-05-13
000719.SZ,long,3878,4097,219,-0.6491754122938598,stop,2026-05-14
000719.SZ,long,4265,4339,74,0.4491754122938507,tp,2026-05-15
000719.SZ,long,4351,4579,228,0.06745538696544283,revert,2026-05-18
000719.SZ,long,4862,5061,199,0.4491754122938516,tp,2026-05-20
000719.SZ,long,5114,5302,188,-0.6491754122938531,stop,2026-05-21
000719.SZ,long,5560,5784,224,-0.6491754122938416,stop,2026-05-25
000719.SZ,long,5875,6025,150,0.44917541229386104,tp,2026-05-26
000719.SZ,long,6057,6266,209,-0.45691988748129375,revert,2026-05-27
000719.SZ,long,6287,6507,220,0.44917541229385577,tp,2026-05-28
000719.SZ,long,6770,6989,219,0.4491754122938564,tp,2026-06-01
000719.SZ,long,7062,7230,168,-0.6491754122938463,stop,2026-06-02
000719.SZ,long,7492,7712,220,-0.6491754122938418,stop,2026-06-04
000719.SZ,long,7971,8194,223,-0.6491754122938425,stop,2026-06-08
000719.SZ,long,8685,8917,232,0.4491754122938512,tp,2026-06-11
000719.SZ,long,9187,9399,212,0.013763609998291619,revert,2026-06-15
000719.SZ,long,9417,9640,223,0.4491754122938496,tp,2026-06-16
000719.SZ,long,9762,9881,119,-0.40017585192366645,revert,2026-06-17
000719.SZ,long,10049,10122,73,-0.4018596252756863,revert,2026-06-18
000719.SZ,long,10133,10363,230,0.44917541229385616,tp,2026-06-22
000719.SZ,long,10458,10604,146,0.27972244514578276,revert,2026-06-23
000719.SZ,long,10656,10845,189,-0.49602581724734307,revert,2026-06-24
000719.SZ,long,11124,11327,203,-0.4140786749482436,revert,2026-06-26
000719.SZ,long,11348,11568,220,0.44917541229386804,tp,2026-06-29
000719.SZ,long,12083,12291,208,0.44917541229386704,tp,2026-07-02
000719.SZ,long,12376,12532,156,0.4491754122938689,tp,2026-07-03
000719.SZ,long,13091,13255,164,-0.23355156592557094,revert,2026-07-08
000719.SZ,long,13293,13496,203,-0.6491754122938564,stop,2026-07-09
000719.SZ,long,13507,13737,230,0.44917541229387337,tp,2026-07-10
000719.SZ,long,13903,13978,75,-0.41199872504690804,revert,2026-07-13
000719.SZ,long,14019,14219,200,0.44917541229386804,tp,2026-07-14
000795.SZ,long,1459,1687,228,0.18143583075720995,revert,2026-04-27
000795.SZ,long,1736,1928,192,-0.14992503748124705,revert,2026-04-28
000795.SZ,long,3484,3615,131,-0.14992503748126293,revert,2026-05-12
000795.SZ,long,3963,4097,134,-0.47236876717722026,revert,2026-05-14
000795.SZ,long,4276,4338,62,-0.64917541229384,stop,2026-05-15
000795.SZ,long,4639,4820,181,0.07049455404749497,revert,2026-05-19
000795.SZ,long,4883,5061,178,0.4491754122938634,tp,2026-05-20
000795.SZ,long,5217,5302,85,-0.6491754122938471,stop,2026-05-21
000795.SZ,long,5364,5543,179,0.4491754122938481,tp,2026-05-22
000795.SZ,long,5570,5784,214,0.18327877218232205,revert,2026-05-25
000795.SZ,long,5863,6025,162,0.18327877218232205,revert,2026-05-26
000795.SZ,long,6061,6266,205,-0.6491754122938403,stop,2026-05-27
000795.SZ,long,6531,6748,217,-0.6491754122938435,stop,2026-05-29
000795.SZ,long,7017,7230,213,0.44917541229386587,tp,2026-06-02
000795.SZ,long,7481,7712,231,0.44917541229384716,tp,2026-06-04
000795.SZ,long,8054,8194,140,-0.2603786602273908,revert,2026-06-08
000795.SZ,long,8215,8435,220,0.4491754122938601,tp,2026-06-09
000795.SZ,long,8446,8676,230,0.4491754122938632,tp,2026-06-10
000795.SZ,long,8703,8917,214,0.17638239703679015,revert,2026-06-11
000795.SZ,long,8929,9158,229,0.44917541229385904,tp,2026-06-12
000795.SZ,long,9232,9399,167,-0.6491754122938462,stop,2026-06-15
000795.SZ,long,9652,9881,229,-0.6491754122938381,stop,2026-06-17
000795.SZ,long,10130,10363,233,0.44917541229385455,tp,2026-06-22
000795.SZ,long,10380,10604,224,-0.6491754122938492,stop,2026-06-23
000795.SZ,long,10615,10845,230,-0.6491754122938598,stop,2026-06-24
000795.SZ,long,10903,11086,183,0.44917541229386077,tp,2026-06-25
000795.SZ,long,11107,11327,220,-0.6491754122938427,stop,2026-06-26
000795.SZ,long,11350,11568,218,0.4491754122938664,tp,2026-06-29
000795.SZ,long,12251,12291,40,0.15984768732488927,revert,2026-07-02
000795.SZ,long,12313,12532,219,0.44917541229385194,tp,2026-07-03
000795.SZ,long,12543,12773,230,-0.6491754122938491,stop,2026-07-06
000795.SZ,long,12789,13014,225,-0.6491754122938465,stop,2026-07-07
000795.SZ,long,13025,13255,230,-0.6491754122938458,stop,2026-07-08
000795.SZ,long,13272,13496,224,-0.6491754122938486,stop,2026-07-09
000795.SZ,long,13747,13978,231,-0.6491754122938422,stop,2026-07-13
000795.SZ,long,14224,14460,236,0.21672150460876094,revert,2026-07-15
000933.SZ,long,796,964,168,0.4491754122938546,tp,2026-04-22
000933.SZ,long,975,1205,230,-0.6491754122938358,stop,2026-04-23
000933.SZ,long,1237,1447,210,0.4336343055786929,revert,2026-04-24
000933.SZ,long,1482,1687,205,-0.6491754122938433,stop,2026-04-27
000933.SZ,long,1710,1928,218,0.4491754122938572,tp,2026-04-28
000933.SZ,long,2249,2410,161,0.44917541229386304,tp,2026-04-30
000933.SZ,long,2423,2651,228,0.4491754122938574,tp,2026-05-06
000933.SZ,long,2676,2892,216,-0.6491754122938416,stop,2026-05-07
000933.SZ,long,2936,3133,197,0.4491754122938455,tp,2026-05-08
000933.SZ,long,3258,3374,116,0.4491754122938625,tp,2026-05-11
000933.SZ,long,3502,3615,113,0.00881911985186569,revert,2026-05-12
000933.SZ,long,3659,3856,197,0.44917541229386,tp,2026-05-13
000933.SZ,long,3880,4097,217,-0.6491754122938416,stop,2026-05-14
000933.SZ,long,4108,4338,230,-0.6491754122938441,stop,2026-05-15
000933.SZ,long,4460,4579,119,0.44917541229386104,tp,2026-05-18
000933.SZ,long,4633,4820,187,0.4491754122938587,tp,2026-05-19
000933.SZ,long,4876,5061,185,0.44917541229387015,tp,2026-05-20
000933.SZ,long,5090,5302,212,-0.5429066378584807,revert,2026-05-21
000933.SZ,long,5559,5784,225,-0.6491754122938515,stop,2026-05-25
000933.SZ,long,5796,6025,229,0.4491754122938625,tp,2026-05-26
000933.SZ,long,6037,6266,229,-0.649175412293838,stop,2026-05-27
000933.SZ,long,6289,6507,218,0.44917541229387015,tp,2026-05-28
000933.SZ,long,6665,6748,83,-0.21791964079247578,revert,2026-05-29
000933.SZ,long,6764,6989,225,0.4491754122938593,tp,2026-06-01
000933.SZ,long,7004,7230,226,-0.28010766455103375,revert,2026-06-02
000933.SZ,long,7255,7471,216,0.17874538701683976,revert,2026-06-03
000933.SZ,long,7483,7712,229,-0.6491754122938476,stop,2026-06-04
000933.SZ,long,7840,7953,113,-0.6491754122938436,stop,2026-06-05
000933.SZ,long,8092,8194,102,0.14947548714399522,revert,2026-06-08
000933.SZ,long,8209,8435,226,-0.6491754122938505,stop,2026-06-09
000933.SZ,long,8503,8676,173,0.4491754122938625,tp,2026-06-10
000933.SZ,long,9157,9158,1,0.44917541229384966,tp,2026-06-12
000933.SZ,long,9175,9399,224,-0.6491754122938479,stop,2026-06-15
000933.SZ,long,9410,9640,230,-0.6491754122938385,stop,2026-06-16
000933.SZ,long,9765,9881,116,-0.6491754122938606,stop,2026-06-17
000933.SZ,long,9920,10122,202,-0.6491754122938491,stop,2026-06-18
000933.SZ,long,10145,10363,218,0.4491754122938667,tp,2026-06-22
000933.SZ,long,10374,10604,230,-0.6491754122938587,stop,2026-06-23
000933.SZ,long,10866,11086,220,0.4491754122938686,tp,2026-06-25
000933.SZ,long,11105,11327,222,-0.6491754122938612,stop,2026-06-26
000933.SZ,long,11338,11568,230,0.44917541229386726,tp,2026-06-29
000933.SZ,long,11584,11809,225,-0.6491754122938376,stop,2026-06-30
000933.SZ,long,12055,12291,236,0.44917541229386215,tp,2026-07-02
000933.SZ,long,12332,12532,200,0.4491754122938664,tp,2026-07-03
000933.SZ,long,12635,12773,138,-0.6491754122938317,stop,2026-07-06
000933.SZ,long,12829,13014,185,0.4491754122938692,tp,2026-07-07
000933.SZ,long,13168,13255,87,-0.6491754122938612,stop,2026-07-08
000933.SZ,long,13293,13496,203,0.44917541229386726,tp,2026-07-09
000933.SZ,long,13860,13978,118,0.44917541229386804,tp,2026-07-13
000933.SZ,long,14242,14460,218,0.4491754122938598,tp,2026-07-15
001202.SZ,long,975,1205,230,-0.6491754122938377,stop,2026-04-23
001202.SZ,long,1224,1446,222,0.44917541229384844,tp,2026-04-24
001202.SZ,long,1458,1687,229,0.4491754122938594,tp,2026-04-27
001202.SZ,long,1770,1928,158,0.02923179558547981,revert,2026-04-28
001202.SZ,long,2601,2651,50,0.44917541229384916,tp,2026-05-06
001202.SZ,long,3963,4097,134,-0.2683009414083699,revert,2026-05-14
001202.SZ,long,4412,4579,167,0.4491754122938749,tp,2026-05-18
001202.SZ,long,4673,4820,147,0.449175412293855,tp,2026-05-19
001202.SZ,long,5177,5302,125,-0.6491754122938439,stop,2026-05-21
001202.SZ,long,5556,5784,228,-0.6491754122938665,stop,2026-05-25
001202.SZ,long,5817,6025,208,0.28883863153170186,revert,2026-05-26
001202.SZ,long,6036,6266,230,0.10366245448704071,revert,2026-05-27
001202.SZ,long,6350,6507,157,0.4491754122938546,tp,2026-05-28
001202.SZ,long,6600,6748,148,-0.6491754122938399,stop,2026-05-29
001202.SZ,long,7000,7230,230,-0.649175412293856,stop,2026-06-02
001202.SZ,long,7279,7471,192,0.4491754122938501,tp,2026-06-03
001202.SZ,long,7490,7712,222,-0.6491754122938477,stop,2026-06-04
001202.SZ,long,7723,7953,230,0.44917541229386104,tp,2026-06-05
001202.SZ,long,8019,8194,175,-0.649175412293851,stop,2026-06-08
001202.SZ,long,8306,8435,129,-0.2182219423803675,revert,2026-06-09
001202.SZ,long,8475,8676,201,0.19847019965246118,revert,2026-06-10
001202.SZ,long,8687,8917,230,0.44917541229385516,tp,2026-06-11
001202.SZ,long,8938,9158,220,0.44917541229387414,tp,2026-06-12
001202.SZ,long,9212,9399,187,-0.4932884314376348,revert,2026-06-15
001202.SZ,long,9734,9881,147,-0.641797327937009,revert,2026-06-17
001202.SZ,long,10127,10363,236,0.4491754122938691,tp,2026-06-22
001202.SZ,long,10609,10845,236,-0.6491754122938455,stop,2026-06-24
001202.SZ,long,10876,11086,210,-0.6491754122938526,stop,2026-06-25
001202.SZ,long,11099,11327,228,0.44917541229385755,tp,2026-06-26
001202.SZ,long,11338,11568,230,0.4491754122938572,tp,2026-06-29
001202.SZ,long,11630,11809,179,0.4430969370548625,revert,2026-06-30
001202.SZ,long,11825,12050,225,0.4491754122938691,tp,2026-07-01
001202.SZ,long,12801,13014,213,-0.6491754122938526,stop,2026-07-07
001202.SZ,long,13312,13496,184,-0.6491754122938599,stop,2026-07-09
001202.SZ,long,13927,13978,51,-0.07725394944448742,revert,2026-07-13
001279.SZ,long,757,964,207,0.44917541229385827,tp,2026-04-22
001279.SZ,long,1705,1928,223,-0.6491754122938459,stop,2026-04-28
001279.SZ,long,2792,2892,100,0.2422847496055734,revert,2026-05-07
001279.SZ,long,3379,3615,236,-0.649175412293832,stop,2026-05-12
001279.SZ,long,3941,4097,156,0.37188599060445454,revert,2026-05-14
001279.SZ,long,4310,4338,28,-0.6491754122938191,stop,2026-05-15
001279.SZ,long,4661,4820,159,0.4491754122938316,tp,2026-05-19
001279.SZ,long,4844,5061,217,0.38003165136133277,revert,2026-05-20
001279.SZ,long,5232,5302,70,0.3802523517002533,revert,2026-05-21
001279.SZ,long,5318,5543,225,-0.6491754122938398,stop,2026-05-22
001279.SZ,long,5554,5784,230,-0.6491754122938487,stop,2026-05-25
001279.SZ,long,5818,6025,207,-0.6491754122938451,stop,2026-05-26
001279.SZ,long,6199,6266,67,0.4491754122938518,tp,2026-05-27
001279.SZ,long,6522,6748,226,0.049575611794501734,revert,2026-05-29
001279.SZ,long,7003,7230,227,-0.6491754122938471,stop,2026-06-02
001279.SZ,long,7244,7471,227,0.15674720463827083,revert,2026-06-03
001279.SZ,long,7488,7712,224,-0.22280830387726014,revert,2026-06-04
001279.SZ,long,8034,8194,160,-0.6491754122938459,stop,2026-06-08
001279.SZ,long,8479,8676,197,-0.6491754122938505,stop,2026-06-10
001279.SZ,long,8687,8917,230,0.4491754122938586,tp,2026-06-11
001279.SZ,long,9212,9399,187,0.44917541229386526,tp,2026-06-15
001279.SZ,long,9645,9881,236,0.44917541229385843,tp,2026-06-17
001279.SZ,long,9893,10122,229,-0.4896795458603354,revert,2026-06-18
001279.SZ,long,10151,10363,212,0.4491754122938558,tp,2026-06-22
001279.SZ,long,10618,10845,227,-0.6491754122938507,stop,2026-06-24
001279.SZ,long,10864,11086,222,0.4491754122938635,tp,2026-06-25
001279.SZ,long,11107,11327,220,-0.6491754122938617,stop,2026-06-26
001279.SZ,long,11341,11568,227,0.4491754122938677,tp,2026-06-29
001279.SZ,long,12125,12291,166,-0.6491754122938423,stop,2026-07-02
001279.SZ,long,12327,12532,205,0.17217197852687674,revert,2026-07-03
001279.SZ,long,12598,12773,175,0.44917541229385377,tp,2026-07-06
001279.SZ,long,12802,13014,212,-0.6491754122938416,stop,2026-07-07
001279.SZ,long,13294,13496,202,-0.2994011976047784,revert,2026-07-09
001279.SZ,long,13807,13978,171,-0.6491754122938419,stop,2026-07-13
001366.SZ,long,29,241,212,0.20566639757046198,revert,2026-04-17
001366.SZ,long,510,723,213,-0.6491754122938479,stop,2026-04-21
001366.SZ,long,739,964,225,-0.14992503748125602,revert,2026-04-22
001366.SZ,long,977,1205,228,-0.6491754122938492,stop,2026-04-23
001366.SZ,long,1226,1446,220,0.2649644706732651,revert,2026-04-24
001366.SZ,long,1459,1687,228,0.44917541229385766,tp,2026-04-27
001366.SZ,long,1807,1928,121,0.4491754122938575,tp,2026-04-28
001366.SZ,long,2534,2652,118,-0.6491754122938446,stop,2026-05-06
001366.SZ,long,2714,2892,178,-0.14992503748125943,revert,2026-05-07
001366.SZ,long,3175,3374,199,0.44917541229385566,tp,2026-05-11
001366.SZ,long,3387,3615,228,0.44917541229385616,tp,2026-05-12
001366.SZ,long,3631,3856,225,0.4491754122938649,tp,2026-05-13
001366.SZ,long,4102,4338,236,0.30276312620891904,revert,2026-05-15
001366.SZ,long,4349,4579,230,0.44917541229385044,tp,2026-05-18
001366.SZ,long,4610,4820,210,-0.40693938744911656,revert,2026-05-19
001366.SZ,long,4928,5061,133,0.44917541229385904,tp,2026-05-20
001366.SZ,long,5086,5302,216,-0.2154864786910459,revert,2026-05-21
001366.SZ,long,5550,5784,234,0.44917541229386965,tp,2026-05-25
001366.SZ,long,6314,6507,193,-0.6491754122938757,stop,2026-05-28
001366.SZ,long,6522,6748,226,-0.6491754122938637,stop,2026-05-29
001366.SZ,long,6996,7230,234,-0.6491754122938561,stop,2026-06-02
001366.SZ,long,7243,7471,228,-0.6491754122938491,stop,2026-06-03
001366.SZ,long,7484,7712,228,-0.6491754122938526,stop,2026-06-04
001366.SZ,long,7724,7953,229,0.07130851118017063,revert,2026-06-05
001366.SZ,long,8014,8194,180,-0.6491754122938416,stop,2026-06-08
001366.SZ,long,8205,8435,230,-0.649175412293841,stop,2026-06-09
001366.SZ,long,8470,8676,206,-0.6491754122938523,stop,2026-06-10
001366.SZ,long,8687,8917,230,0.4491754122938597,tp,2026-06-11
001366.SZ,long,8934,9158,224,0.44917541229386027,tp,2026-06-12
001366.SZ,long,9194,9399,205,-0.6491754122938563,stop,2026-06-15
001366.SZ,long,9647,9881,234,-0.649175412293844,stop,2026-06-17
001366.SZ,long,10009,10122,113,-0.14992503748125913,revert,2026-06-18
001366.SZ,long,10140,10363,223,0.4491754122938581,tp,2026-06-22
001366.SZ,long,10493,10604,111,-0.23190375255720033,revert,2026-06-23
001366.SZ,long,10619,10845,226,-0.6491754122938314,stop,2026-06-24
001366.SZ,long,10868,11086,218,-0.6491754122938431,stop,2026-06-25
001366.SZ,long,11097,11327,230,-0.14992503748124655,revert,2026-06-26
001366.SZ,long,11338,11568,230,0.44917541229386015,tp,2026-06-29
001366.SZ,long,11618,11809,191,-0.6491754122938543,stop,2026-06-30
001366.SZ,long,12057,12291,234,0.44917541229384544,tp,2026-07-02
001366.SZ,long,12369,12532,163,0.44917541229385627,tp,2026-07-03
001366.SZ,long,12550,12773,223,-0.6491754122938542,stop,2026-07-06
001366.SZ,long,12803,13014,211,-0.6491754122938476,stop,2026-07-07
001366.SZ,long,13026,13255,229,-0.24186801626809143,revert,2026-07-08
001366.SZ,long,13311,13496,185,-0.05686811766530347,revert,2026-07-09
001366.SZ,long,13749,13978,229,-0.6491754122938519,stop,2026-07-13
001366.SZ,long,13991,14219,228,0.44917541229386687,tp,2026-07-14
002021.SZ,long,91,241,150,0.44917541229386054,tp,2026-04-17
002021.SZ,long,276,482,206,-0.4849924031272852,revert,2026-04-20
002021.SZ,long,666,723,57,-0.4966266866566578,revert,2026-04-21
002021.SZ,long,757,964,207,0.44917541229386526,tp,2026-04-22
002021.SZ,long,975,1205,230,-0.14992503748126443,revert,2026-04-23
002021.SZ,long,1224,1446,222,0.44917541229384766,tp,2026-04-24
002021.SZ,long,1461,1687,226,0.4491754122938629,tp,2026-04-27
002021.SZ,long,1717,1928,211,-0.6491754122938544,stop,2026-04-28
002021.SZ,long,2140,2169,29,0.44917541229384544,tp,2026-04-29
002021.SZ,long,2424,2651,227,-0.6491754122938408,stop,2026-05-06
002021.SZ,long,2706,2892,186,0.44917541229385477,tp,2026-05-07
002021.SZ,long,3138,3374,236,-0.14992503748125593,revert,2026-05-11
002021.SZ,long,3423,3615,192,-0.6491754122938466,stop,2026-05-12
002021.SZ,long,3878,4097,219,-0.6491754122938427,stop,2026-05-14
002021.SZ,long,4131,4338,207,0.4491754122938726,tp,2026-05-15
002021.SZ,long,4354,4579,225,0.4491754122938584,tp,2026-05-18
002021.SZ,long,4624,4820,196,0.1785291564743959,revert,2026-05-19
002021.SZ,long,4831,5061,230,0.44917541229384583,tp,2026-05-20
002021.SZ,long,5076,5302,226,-0.6491754122938479,stop,2026-05-21
002021.SZ,long,5554,5784,230,-0.49187734899671914,revert,2026-05-25
002021.SZ,long,5795,6025,230,0.4491754122938484,tp,2026-05-26
002021.SZ,long,6056,6266,210,-0.5015098084760314,revert,2026-05-27
002021.SZ,long,6392,6507,115,0.4491754122938504,tp,2026-05-28
002021.SZ,long,6525,6748,223,-0.6491754122938633,stop,2026-05-29
002021.SZ,long,6856,6989,133,0.44917541229386704,tp,2026-06-01
002021.SZ,long,7004,7230,226,0.2185254236350608,revert,2026-06-02
002021.SZ,long,7243,7471,228,-0.14992503748124783,revert,2026-06-03
002021.SZ,long,7482,7712,230,-0.6491754122938405,stop,2026-06-04
002021.SZ,long,7724,7953,229,-0.6491754122938402,stop,2026-06-05
002021.SZ,long,8032,8194,162,-0.6491754122938567,stop,2026-06-08
002021.SZ,long,8205,8435,230,-0.6491754122938569,stop,2026-06-09
002021.SZ,long,8476,8676,200,-0.6491754122938493,stop,2026-06-10
002021.SZ,long,8687,8917,230,0.4491754122938425,tp,2026-06-11
002021.SZ,long,8928,9158,230,0.44917541229385965,tp,2026-06-12
002021.SZ,long,9411,9640,229,-0.6491754122938544,stop,2026-06-16
002021.SZ,long,9697,9881,184,-0.1499250374812473,revert,2026-06-17
002021.SZ,long,10006,10122,116,-0.5541763531189965,revert,2026-06-18
002021.SZ,long,10134,10363,229,0.44917541229387836,tp,2026-06-22
002021.SZ,long,10610,10845,235,-0.5445893653963507,revert,2026-06-24
002021.SZ,long,10937,11086,149,0.4491754122938538,tp,2026-06-25
002021.SZ,long,11097,11327,230,-0.6491754122938445,stop,2026-06-26
002021.SZ,long,11339,11568,229,-0.6491754122938493,stop,2026-06-29
002021.SZ,long,11638,11809,171,0.44917541229385816,tp,2026-06-30
002021.SZ,long,11983,12050,67,-0.5399643928035985,revert,2026-07-01
002021.SZ,long,12108,12291,183,-0.6491754122938544,stop,2026-07-02
002021.SZ,long,12344,12532,188,0.44917541229387276,tp,2026-07-03
002021.SZ,long,12574,12773,199,-0.6491754122938594,stop,2026-07-06
002021.SZ,long,12805,13014,209,-0.6491754122938569,stop,2026-07-07
002021.SZ,long,13026,13255,229,-0.6491754122938651,stop,2026-07-08
002021.SZ,long,13299,13496,197,0.44917541229386093,tp,2026-07-09
002021.SZ,long,13743,13978,235,-0.649175412293857,stop,2026-07-13
002021.SZ,long,13989,14219,230,0.44917541229386393,tp,2026-07-14
002021.SZ,long,14309,14460,151,-0.6491754122938518,stop,2026-07-15
002067.SZ,long,757,964,207,0.4491754122938458,tp,2026-04-22
002067.SZ,long,986,1205,219,-0.6491754122938342,stop,2026-04-23
002067.SZ,long,1223,1446,223,-0.6491754122938423,stop,2026-04-24
002067.SZ,long,1719,1928,209,0.44917541229385116,tp,2026-04-28
002067.SZ,long,3280,3374,94,0.44917541229386493,tp,2026-05-11
002067.SZ,long,3486,3615,129,-0.14992503748124342,revert,2026-05-12
002067.SZ,long,3959,4097,138,-0.649175412293834,stop,2026-05-14
002067.SZ,long,4280,4338,58,0.44917541229386104,tp,2026-05-15
002067.SZ,long,4827,5061,234,0.449175412293864,tp,2026-05-20
002067.SZ,long,5114,5302,188,0.23264229953991727,revert,2026-05-21
002067.SZ,long,5342,5543,201,0.43513399550227716,revert,2026-05-22
002067.SZ,long,5834,6025,191,-0.6491754122938559,stop,2026-05-26
002067.SZ,long,6058,6266,208,-0.6491754122938456,stop,2026-05-27
002067.SZ,long,6279,6507,228,-0.649175412293836,stop,2026-05-28
002067.SZ,long,6525,6748,223,-0.6491754122938636,stop,2026-05-29
002067.SZ,long,6995,7230,235,-0.649175412293836,stop,2026-06-02
002067.SZ,long,7482,7712,230,-0.6491754122938559,stop,2026-06-04
002067.SZ,long,7725,7953,228,-0.36746332715992897,revert,2026-06-05
002067.SZ,long,8054,8194,140,-0.14992503748126423,revert,2026-06-08
002067.SZ,long,8212,8435,223,-0.5917395284658459,revert,2026-06-09
002067.SZ,long,8470,8676,206,-0.6491754122938401,stop,2026-06-10
002067.SZ,long,8687,8917,230,-0.6265363738178745,revert,2026-06-11
002067.SZ,long,8934,9158,224,0.44917541229387303,tp,2026-06-12
002067.SZ,long,9212,9399,187,0.44917541229384944,tp,2026-06-15
002067.SZ,long,9714,9881,167,0.094207175141029,revert,2026-06-17
002067.SZ,long,9975,10122,147,0.09722861341605299,revert,2026-06-18
002067.SZ,long,10134,10363,229,0.4491754122938652,tp,2026-06-22
002067.SZ,long,10473,10604,131,-0.6491754122938419,stop,2026-06-23
002067.SZ,long,10620,10845,225,-0.6491754122938447,stop,2026-06-24
002067.SZ,long,10869,11086,217,-0.6491754122938378,stop,2026-06-25
002067.SZ,long,11109,11327,218,-0.6491754122938407,stop,2026-06-26
002067.SZ,long,11342,11568,226,0.44917541229384794,tp,2026-06-29
002067.SZ,long,11634,11809,175,0.4491754122938724,tp,2026-06-30
002067.SZ,long,11823,12050,227,-0.1499250374812552,revert,2026-07-01
002067.SZ,long,12273,12291,18,0.4491754122938677,tp,2026-07-02
002067.SZ,long,12543,12773,230,-0.6491754122938483,stop,2026-07-06
002067.SZ,long,12784,13014,230,-0.649175412293839,stop,2026-07-07
002067.SZ,long,13025,13255,230,0.4491754122938574,tp,2026-07-08
002067.SZ,long,13743,13978,235,-0.6491754122938355,stop,2026-07-13
002067.SZ,long,13989,14219,230,-0.40595087071848324,revert,2026-07-14
002067.SZ,long,14410,14460,50,-0.6491754122938496,stop,2026-07-15
002115.SZ,long,500,723,223,0.4491754122938529,tp,2026-04-21
002115.SZ,long,969,1205,236,-0.6491754122938445,stop,2026-04-23
002115.SZ,long,1216,1446,230,0.44917541229386293,tp,2026-04-24
002115.SZ,long,1693,1928,235,0.4491754122938654,tp,2026-04-28
002115.SZ,long,2185,2410,225,0.4491754122938556,tp,2026-04-30
002115.SZ,long,2680,2892,212,0.12288937498463134,revert,2026-05-07
002115.SZ,long,3144,3374,230,0.4491754122938703,tp,2026-05-11
002115.SZ,long,3424,3615,191,-0.6491754122938413,stop,2026-05-12
002115.SZ,long,3863,4097,234,-0.6491754122938527,stop,2026-05-14
002115.SZ,long,4116,4338,222,-0.6491754122938403,stop,2026-05-15
002115.SZ,long,4514,4579,65,-0.6491754122938472,stop,2026-05-18
002115.SZ,long,4624,4820,196,-0.6491754122938416,stop,2026-05-19
002115.SZ,long,4831,5061,230,0.44917541229384533,tp,2026-05-20
002115.SZ,long,5072,5302,230,-0.6491754122938451,stop,2026-05-21
002115.SZ,long,5553,5784,231,0.44917541229386554,tp,2026-05-25
002115.SZ,long,5799,6025,226,-0.6491754122938448,stop,2026-05-26
002115.SZ,long,6036,6266,230,-0.6491754122938445,stop,2026-05-27
002115.SZ,long,6315,6507,192,0.44917541229386426,tp,2026-05-28
002115.SZ,long,6518,6748,230,-0.6491754122938503,stop,2026-05-29
002115.SZ,long,6855,6989,134,-0.47490493971890446,revert,2026-06-01
002115.SZ,long,7005,7230,225,0.44917541229386054,tp,2026-06-02
002115.SZ,long,7417,7471,54,-0.649175412293846,stop,2026-06-03
002115.SZ,long,7520,7712,192,0.44917541229386154,tp,2026-06-04
002115.SZ,long,7921,7953,32,-0.6491754122938543,stop,2026-06-05
002115.SZ,long,7970,8194,224,-0.6491754122938397,stop,2026-06-08
002115.SZ,long,8447,8676,229,-0.6491754122938522,stop,2026-06-10
002115.SZ,long,8748,8917,169,0.4491754122938614,tp,2026-06-11
002115.SZ,long,9095,9158,63,0.4491754122938634,tp,2026-06-12
002115.SZ,long,9406,9640,234,0.4491754122938634,tp,2026-06-16
002115.SZ,long,9746,9881,135,-0.4050785510141008,revert,2026-06-17
002115.SZ,long,10127,10363,236,0.44917541229386365,tp,2026-06-22
002115.SZ,long,10381,10604,223,-0.6491754122938455,stop,2026-06-23
002115.SZ,long,10617,10845,228,0.44917541229387065,tp,2026-06-24
002115.SZ,long,10872,11086,214,-0.649175412293859,stop,2026-06-25
002115.SZ,long,11098,11327,229,-0.6491754122938322,stop,2026-06-26
002115.SZ,long,11343,11568,225,-0.6491754122938442,stop,2026-06-29
002115.SZ,long,11880,12050,170,0.44917541229387203,tp,2026-07-01
002115.SZ,long,12196,12291,95,-0.6491754122938543,stop,2026-07-02
002115.SZ,long,12310,12532,222,0.44917541229387103,tp,2026-07-03
002115.SZ,long,12551,12773,222,-0.6491754122938543,stop,2026-07-06
002115.SZ,long,12804,13014,210,-0.6491754122938469,stop,2026-07-07
002115.SZ,long,13029,13255,226,-0.6491754122938362,stop,2026-07-08
002115.SZ,long,13321,13496,175,0.44917541229385965,tp,2026-07-09
002115.SZ,long,13754,13978,224,-0.6491754122938522,stop,2026-07-13
002115.SZ,long,13989,14219,230,-0.6491754122938592,stop,2026-07-14
002115.SZ,long,14353,14460,107,-0.6491754122938446,stop,2026-07-15
002163.SZ,long,28,241,213,0.44917541229387004,tp,2026-04-17
002163.SZ,long,499,723,224,-0.6491754122938505,stop,2026-04-21
002163.SZ,long,744,964,220,-0.3893736584944847,revert,2026-04-22
002163.SZ,long,975,1205,230,-0.6491754122938399,stop,2026-04-23
002163.SZ,long,1218,1446,228,-0.6491754122938416,stop,2026-04-24
002163.SZ,long,1457,1687,230,0.44917541229385916,tp,2026-04-27
002163.SZ,long,1746,1928,182,-0.6491754122938564,stop,2026-04-28
002163.SZ,long,2697,2892,195,0.2520478890989361,revert,2026-05-07
002163.SZ,long,3035,3133,98,0.4491754122938423,tp,2026-05-08
002163.SZ,long,3280,3374,94,0.25107927963731075,revert,2026-05-11
002163.SZ,long,3439,3615,176,-0.23156859836638055,revert,2026-05-12
002163.SZ,long,3861,4097,236,-0.6491754122938503,stop,2026-05-14
002163.SZ,long,4108,4338,230,-0.6491754122938479,stop,2026-05-15
002163.SZ,long,4435,4579,144,0.28232636928288635,revert,2026-05-18
002163.SZ,long,4619,4820,201,-0.3258723061376699,revert,2026-05-19
002163.SZ,long,4832,5061,229,0.44917541229386243,tp,2026-05-20
002163.SZ,long,5145,5302,157,-0.649175412293852,stop,2026-05-21
002163.SZ,long,5560,5784,224,-0.6491754122938403,stop,2026-05-25
002163.SZ,long,5889,6025,136,0.03900604097194692,revert,2026-05-26
002163.SZ,long,6036,6266,230,-0.6491754122938328,stop,2026-05-27
002163.SZ,long,6308,6507,199,0.44917541229385116,tp,2026-05-28
002163.SZ,long,6679,6748,69,-0.649175412293847,stop,2026-05-29
002163.SZ,long,6995,7230,235,-0.6491754122938292,stop,2026-06-02
002163.SZ,long,7444,7471,27,-0.3514388113712963,revert,2026-06-03
002163.SZ,long,7484,7712,228,-0.5570609190817393,revert,2026-06-04
002163.SZ,long,7723,7953,230,-0.45684125150538163,revert,2026-06-05
002163.SZ,long,8017,8194,177,-0.649175412293857,stop,2026-06-08
002163.SZ,long,8289,8435,146,0.2772410586151017,revert,2026-06-09
002163.SZ,long,8485,8676,191,-0.6491754122938543,stop,2026-06-10
002163.SZ,long,8687,8917,230,0.4491754122938498,tp,2026-06-11
002163.SZ,long,8933,9158,225,0.44917541229386393,tp,2026-06-12
002163.SZ,long,9205,9399,194,0.16976570412767422,revert,2026-06-15
002163.SZ,long,9700,9881,181,-0.6491754122938543,stop,2026-06-17
002163.SZ,long,10134,10363,229,0.44917541229384655,tp,2026-06-22
002163.SZ,long,10522,10604,82,-0.649175412293832,stop,2026-06-23
002163.SZ,long,10621,10845,224,0.19241807667594774,revert,2026-06-24
002163.SZ,long,10872,11086,214,-0.6491754122938399,stop,2026-06-25
002163.SZ,long,11112,11327,215,-0.6491754122938366,stop,2026-06-26
002163.SZ,long,11339,11568,229,0.2118505964409309,revert,2026-06-29
002163.SZ,long,11630,11809,179,0.449175412293856,tp,2026-06-30
002163.SZ,long,12096,12291,195,-0.3745596268232586,revert,2026-07-02
002163.SZ,long,12309,12532,223,-0.6491754122938399,stop,2026-07-03
002163.SZ,long,12551,12773,222,-0.6491754122938455,stop,2026-07-06
002163.SZ,long,12804,13014,210,-0.6491754122938637,stop,2026-07-07
002163.SZ,long,13059,13255,196,-0.6491754122938399,stop,2026-07-08
002163.SZ,long,13316,13496,180,-0.0215830388147759,revert,2026-07-09
002163.SZ,long,13746,13978,232,-0.649175412293848,stop,2026-07-13
002163.SZ,long,13990,14219,229,0.4491754122938575,tp,2026-07-14
002163.SZ,long,14347,14460,113,-0.14992503748125924,revert,2026-07-15
002202.SZ,long,31,241,210,0.3289722045452162,revert,2026-04-17
002202.SZ,long,499,723,224,-0.6491754122938476,stop,2026-04-21
002202.SZ,long,979,1205,226,-0.6491754122938485,stop,2026-04-23
002202.SZ,long,1229,1446,217,0.4491754122938675,tp,2026-04-24
002202.SZ,long,1459,1687,228,0.0013056705270968211,revert,2026-04-27
002202.SZ,long,1699,1928,229,-0.6491754122938524,stop,2026-04-28
002202.SZ,long,2599,2651,52,0.20860305933209491,revert,2026-05-06
002202.SZ,long,2979,3133,154,0.4491754122938618,tp,2026-05-08
002202.SZ,long,3145,3374,229,-0.6491754122938455,stop,2026-05-11
002202.SZ,long,3486,3615,129,-0.649175412293846,stop,2026-05-12
002202.SZ,long,3863,4097,234,-0.6491754122938534,stop,2026-05-14
002202.SZ,long,4108,4338,230,-0.6491754122938395,stop,2026-05-15
002202.SZ,long,4561,4579,18,-0.4226330065556328,revert,2026-05-18
002202.SZ,long,4628,4820,192,0.08838063068703064,revert,2026-05-19
002202.SZ,long,4832,5061,229,0.4491754122938546,tp,2026-05-20
002202.SZ,long,5074,5302,228,-0.6491754122938533,stop,2026-05-21
002202.SZ,long,5554,5784,230,-0.6491754122938503,stop,2026-05-25
002202.SZ,long,5802,6025,223,0.4491754122938532,tp,2026-05-26
002202.SZ,long,6036,6266,230,-0.649175412293841,stop,2026-05-27
002202.SZ,long,6398,6507,109,0.44917541229387065,tp,2026-05-28
002202.SZ,long,6518,6748,230,0.4491754122938633,tp,2026-05-29
002202.SZ,long,6765,6989,224,-0.6491754122938427,stop,2026-06-01
002202.SZ,long,7009,7230,221,0.44917541229386443,tp,2026-06-02
002202.SZ,long,7444,7471,27,-0.2780474604442698,revert,2026-06-03
002202.SZ,long,7718,7953,235,-0.6491754122938566,stop,2026-06-05
002202.SZ,long,7988,8194,206,-0.6491754122938499,stop,2026-06-08
002202.SZ,long,8208,8435,227,0.44917541229384655,tp,2026-06-09
002202.SZ,long,8446,8676,230,-0.6491754122938485,stop,2026-06-10
002202.SZ,long,9144,9158,14,-0.6491754122938311,stop,2026-06-12
002202.SZ,long,9404,9640,236,0.44917541229386887,tp,2026-06-16
002202.SZ,long,9961,10122,161,0.161828095764772,revert,2026-06-18
002202.SZ,long,10138,10363,225,0.4491754122938572,tp,2026-06-22
002202.SZ,long,10399,10604,205,-0.6491754122938521,stop,2026-06-23
002202.SZ,long,10620,10845,225,0.44917541229383895,tp,2026-06-24
002202.SZ,long,10897,11086,189,0.44917541229386276,tp,2026-06-25
002202.SZ,long,11097,11327,230,0.44917541229385954,tp,2026-06-26
002202.SZ,long,11338,11568,230,0.4491754122938641,tp,2026-06-29
002202.SZ,long,12060,12291,231,-0.649175412293848,stop,2026-07-02
002202.SZ,long,12311,12532,221,0.4491754122938567,tp,2026-07-03
002202.SZ,long,12546,12773,227,-0.6491754122938513,stop,2026-07-06
002202.SZ,long,12800,13014,214,-0.6491754122938455,stop,2026-07-07
002202.SZ,long,13025,13255,230,-0.6491754122938579,stop,2026-07-08
002202.SZ,long,13273,13496,223,0.44917541229385183,tp,2026-07-09
002202.SZ,long,13742,13978,236,-0.6491754122938432,stop,2026-07-13
002202.SZ,long,13989,14219,230,0.4318285772368202,revert,2026-07-14
002202.SZ,long,14348,14460,112,-0.6491754122938664,stop,2026-07-15
002300.SZ,long,13,241,228,0.26917286372555327,revert,2026-04-17
002300.SZ,long,490,723,233,-0.649175412293847,stop,2026-04-21
002300.SZ,long,977,1205,228,0.4491754122938484,tp,2026-04-23
002300.SZ,long,1285,1446,161,-0.6491754122938467,stop,2026-04-24
002300.SZ,long,1604,1687,83,-0.6491754122938613,stop,2026-04-27
002300.SZ,long,1718,1928,210,-0.6491754122938606,stop,2026-04-28
002300.SZ,long,2177,2410,233,-0.04470894163033642,revert,2026-04-30
002300.SZ,long,2987,3133,146,0.4491754122938774,tp,2026-05-08
002300.SZ,long,3155,3374,219,-0.6491754122938441,stop,2026-05-11
002300.SZ,long,3633,3856,223,-0.649175412293857,stop,2026-05-13
002300.SZ,long,3899,4097,198,-0.649175412293861,stop,2026-05-14
002300.SZ,long,4108,4338,230,-0.6427684479576624,revert,2026-05-15
002300.SZ,long,4414,4579,165,-0.64083002746415,revert,2026-05-18
002300.SZ,long,4827,5061,234,-0.6491754122938492,stop,2026-05-20
002300.SZ,long,5074,5302,228,-0.6491754122938355,stop,2026-05-21
002300.SZ,long,5562,5784,222,-0.6491754122938345,stop,2026-05-25
002300.SZ,long,5795,6025,230,-0.6491754122938548,stop,2026-05-26
002300.SZ,long,6036,6266,230,-0.6491754122938385,stop,2026-05-27
002300.SZ,long,6398,6507,109,0.44917541229385455,tp,2026-05-28
002300.SZ,long,6524,6748,224,-0.6491754122938483,stop,2026-05-29
002300.SZ,long,6996,7230,234,0.44917541229386027,tp,2026-06-02
002300.SZ,long,7445,7471,26,0.43604958084341094,revert,2026-06-03
002300.SZ,long,7511,7712,201,-0.6491754122938447,stop,2026-06-04
002300.SZ,long,7723,7953,230,-0.6491754122938465,stop,2026-06-05
002300.SZ,long,8044,8194,150,-0.649175412293848,stop,2026-06-08
002300.SZ,long,8206,8435,229,0.23559648747055864,revert,2026-06-09
002300.SZ,long,8448,8676,228,-0.6491754122938547,stop,2026-06-10
002300.SZ,long,8687,8917,230,0.4491754122938574,tp,2026-06-11
002300.SZ,long,8928,9158,230,0.44917541229385005,tp,2026-06-12
002300.SZ,long,9291,9399,108,0.4491754122938536,tp,2026-06-15
002300.SZ,long,9697,9881,184,-0.6491754122938472,stop,2026-06-17
002300.SZ,long,10133,10363,230,0.4491754122938595,tp,2026-06-22
002300.SZ,long,10475,10604,129,-0.4219960864254392,revert,2026-06-23
002300.SZ,long,10621,10845,224,0.44917541229386215,tp,2026-06-24
002300.SZ,long,10868,11086,218,-0.6491754122938633,stop,2026-06-25
002300.SZ,long,11102,11327,225,-0.649175412293851,stop,2026-06-26
002300.SZ,long,11342,11568,226,-0.2998500749625145,revert,2026-06-29
002300.SZ,long,11814,12050,236,0.4491754122938556,tp,2026-07-01
002300.SZ,long,12147,12291,144,-0.649175412293851,stop,2026-07-02
002300.SZ,long,12554,12773,219,-0.6491754122938483,stop,2026-07-06
002300.SZ,long,12801,13014,213,-0.6491754122938388,stop,2026-07-07
002300.SZ,long,13028,13255,227,-0.6491754122938382,stop,2026-07-08
002300.SZ,long,13311,13496,185,0.4491754122938655,tp,2026-07-09
002300.SZ,long,13746,13978,232,-0.6491754122938523,stop,2026-07-13
002300.SZ,long,13989,14219,230,0.4491754122938473,tp,2026-07-14
002300.SZ,long,14400,14460,60,-0.6491754122938418,stop,2026-07-15
002344.SZ,long,139,241,102,0.44917541229386215,tp,2026-04-17
002344.SZ,long,952,964,12,-0.1499250374812491,revert,2026-04-22
002344.SZ,long,1523,1687,164,0.44917541229384766,tp,2026-04-27
002344.SZ,long,1733,1928,195,-0.3753202405568928,revert,2026-04-28
002344.SZ,long,2311,2410,99,0.2968314500468074,revert,2026-04-30
002344.SZ,long,2600,2651,51,0.44917541229385394,tp,2026-05-06
002344.SZ,long,2739,2892,153,-0.6037890145836255,revert,2026-05-07
002344.SZ,long,3495,3615,120,0.07445715344575489,revert,2026-05-12
002344.SZ,long,3941,4097,156,-0.6069047855934752,revert,2026-05-14
002344.SZ,long,4256,4338,82,-0.38431488481110365,revert,2026-05-15
002344.SZ,long,4658,4820,162,0.44917541229384944,tp,2026-05-19
002344.SZ,long,4987,5061,74,0.44917541229384716,tp,2026-05-20
002344.SZ,long,5190,5302,112,-0.6491754122938427,stop,2026-05-21
002344.SZ,long,5559,5784,225,-0.6491754122938319,stop,2026-05-25
002344.SZ,long,5805,6025,220,-0.649175412293843,stop,2026-05-26
002344.SZ,long,6036,6266,230,-0.6491754122938546,stop,2026-05-27
002344.SZ,long,6331,6507,176,0.36081703393829867,revert,2026-05-28
002344.SZ,long,6691,6748,57,-0.6491754122938327,stop,2026-05-29
002344.SZ,long,7028,7230,202,0.09970014992505913,revert,2026-06-02
002344.SZ,long,7317,7471,154,-0.6491754122938554,stop,2026-06-03
002344.SZ,long,7501,7712,211,-0.6491754122938559,stop,2026-06-04
002344.SZ,long,7725,7953,228,-0.6491754122938554,stop,2026-06-05
002344.SZ,long,8068,8195,127,-0.6491754122938447,stop,2026-06-08
002344.SZ,long,8449,8676,227,-0.649175412293845,stop,2026-06-10
002344.SZ,long,8688,8917,229,0.384032582639154,revert,2026-06-11
002344.SZ,long,8938,9158,220,0.4491754122938556,tp,2026-06-12
002344.SZ,long,9213,9399,186,0.37285022410262053,revert,2026-06-15
002344.SZ,long,9675,9881,206,-0.6491754122938572,stop,2026-06-17
002344.SZ,long,9893,10122,229,0.44917541229386043,tp,2026-06-18
002344.SZ,long,10135,10363,228,0.44917541229385793,tp,2026-06-22
002344.SZ,long,10561,10604,43,0.3797835830095411,revert,2026-06-23
002344.SZ,long,10641,10845,204,-0.6491754122938574,stop,2026-06-24
002344.SZ,long,10869,11086,217,-0.4272863568215911,revert,2026-06-25
002344.SZ,long,11102,11327,225,-0.4343981855226015,revert,2026-06-26
002344.SZ,long,11342,11568,226,0.4491754122938631,tp,2026-06-29
002344.SZ,long,11633,11809,176,0.4491754122938528,tp,2026-06-30
002344.SZ,long,12096,12291,195,0.12743628185905265,revert,2026-07-02
002344.SZ,long,12349,12532,183,0.449175412293868,tp,2026-07-03
002344.SZ,long,12791,13014,223,-0.16811264588699812,revert,2026-07-07
002344.SZ,long,13313,13496,183,-0.6491754122938491,stop,2026-07-09
002344.SZ,long,13771,13978,207,-0.43040277614002176,revert,2026-07-13
002390.SZ,long,29,241,212,-0.6491754122938509,stop,2026-04-17
002390.SZ,long,497,723,226,-0.6491754122938487,stop,2026-04-21
002390.SZ,long,2419,2651,232,-0.4453394604472906,revert,2026-05-06
002390.SZ,long,2689,2892,203,0.15082820035767072,revert,2026-05-07
002390.SZ,long,3489,3615,126,-0.14992503748125155,revert,2026-05-12
002390.SZ,long,3963,4097,134,-0.46195652173913576,revert,2026-05-14
002390.SZ,long,4279,4339,60,-0.6491754122938503,stop,2026-05-15
002390.SZ,long,4835,5061,226,0.44917541229386104,tp,2026-05-20
002390.SZ,long,5260,5302,42,-0.6491754122938441,stop,2026-05-21
002390.SZ,long,5374,5543,169,0.44917541229385954,tp,2026-05-22
002390.SZ,long,5878,6025,147,0.1785291564743959,revert,2026-05-26
002390.SZ,long,6065,6266,201,-0.4827586206896516,revert,2026-05-27
002390.SZ,long,6387,6507,120,0.44917541229384583,tp,2026-05-28
002390.SZ,long,7057,7230,173,0.1796131637151842,revert,2026-06-02
002390.SZ,long,7352,7471,119,-0.1499250374812585,revert,2026-06-03
002390.SZ,long,7504,7712,208,-0.6491754122938587,stop,2026-06-04
002390.SZ,long,7733,7953,220,-0.6491754122938587,stop,2026-06-05
002390.SZ,long,8017,8194,177,-0.49305244285074357,revert,2026-06-08
002390.SZ,long,8715,8917,202,0.44917541229386365,tp,2026-06-11
002390.SZ,long,9196,9399,203,-0.6491754122938587,stop,2026-06-15
002390.SZ,long,9418,9640,222,-0.14992503748125874,revert,2026-06-16
002390.SZ,long,10052,10122,70,-0.1499250374812445,revert,2026-06-18
002390.SZ,long,10134,10363,229,0.44917541229385255,tp,2026-06-22
002390.SZ,long,10510,10604,94,-0.14992503748125433,revert,2026-06-23
002390.SZ,long,10631,10845,214,-0.649175412293852,stop,2026-06-24
002390.SZ,long,10876,11086,210,0.4491754122938695,tp,2026-06-25
002390.SZ,long,11101,11327,226,-0.6491754122938328,stop,2026-06-26
002390.SZ,long,11343,11568,225,0.44917541229385616,tp,2026-06-29
002390.SZ,long,11606,11809,203,-0.14992503748124203,revert,2026-06-30
002390.SZ,long,12101,12291,190,0.44917541229385133,tp,2026-07-02
002390.SZ,long,12356,12532,176,0.21449129449874807,revert,2026-07-03
002390.SZ,long,12832,13014,182,0.22126483226790322,revert,2026-07-07
002390.SZ,long,13328,13496,168,0.2198900549725076,revert,2026-07-09
002390.SZ,long,14384,14460,76,0.4491754122938593,tp,2026-07-15
002481.SZ,long,513,723,210,-0.5956843007067882,revert,2026-04-21
002481.SZ,long,1210,1446,236,-0.36699041783456254,revert,2026-04-24
002481.SZ,long,1520,1687,167,0.44917541229386493,tp,2026-04-27
002481.SZ,long,1735,1928,193,-0.6491754122938571,stop,2026-04-28
002481.SZ,long,2683,2892,209,-0.587863962755461,revert,2026-05-07
002481.SZ,long,3199,3374,175,0.2958342257442669,revert,2026-05-11
002481.SZ,long,3475,3615,140,-0.37532024055690144,revert,2026-05-12
002481.SZ,long,3958,4097,139,0.08014425966741501,revert,2026-05-14
002481.SZ,long,4448,4579,131,0.08557042233600756,revert,2026-05-18
002481.SZ,long,4848,5061,213,0.08838063068704477,revert,2026-05-20
002481.SZ,long,5178,5302,124,-0.6491754122938513,stop,2026-05-21
002481.SZ,long,5699,5784,85,0.094207175141029,revert,2026-05-25
002481.SZ,long,5906,6025,119,0.44917541229386304,tp,2026-05-26
002481.SZ,long,6063,6266,203,-0.6491754122938604,stop,2026-05-27
002481.SZ,long,6349,6507,158,0.44917541229386226,tp,2026-05-28
002481.SZ,long,7036,7230,194,-0.6491754122938244,stop,2026-06-02
002481.SZ,long,7290,7471,181,0.094207175141029,revert,2026-06-03
002481.SZ,long,7490,7712,222,-0.6491754122938326,stop,2026-06-04
002481.SZ,long,7752,7953,201,-0.3989277181857795,revert,2026-06-05
002481.SZ,long,8017,8194,177,-0.6466915795833174,revert,2026-06-08
002481.SZ,long,8483,8676,193,0.10285996242384537,revert,2026-06-10
002481.SZ,long,8690,8917,227,0.4491754122938541,tp,2026-06-11
002481.SZ,long,8938,9158,220,0.44917541229386476,tp,2026-06-12
002481.SZ,long,9195,9399,204,-0.6491754122938233,stop,2026-06-15
002481.SZ,long,9673,9881,208,-0.40529607319101907,revert,2026-06-17
002481.SZ,long,9895,10122,227,-0.6491754122938607,stop,2026-06-18
002481.SZ,long,10134,10363,229,0.44917541229386815,tp,2026-06-22
002481.SZ,long,10536,10604,68,-0.4008046228142037,revert,2026-06-23
002481.SZ,long,10638,10845,207,-0.6491754122938543,stop,2026-06-24
002481.SZ,long,11101,11327,226,-0.6491754122938461,stop,2026-06-26
002481.SZ,long,11345,11568,223,0.44917541229385793,tp,2026-06-29
002481.SZ,long,11621,11809,188,0.44917541229385766,tp,2026-06-30
002481.SZ,long,11825,12050,225,0.44917541229385566,tp,2026-07-01
002481.SZ,long,12346,12532,186,-0.6491754122938448,stop,2026-07-03
002481.SZ,long,12823,13014,191,0.44917541229386615,tp,2026-07-07
002481.SZ,long,13317,13496,179,-0.14992503748124827,revert,2026-07-09
002481.SZ,long,13887,13978,91,-0.3989277181857795,revert,2026-07-13
002481.SZ,long,14366,14460,94,0.44917541229388125,tp,2026-07-15
002529.SZ,long,246,482,236,-0.6491754122938543,stop,2026-04-20
002529.SZ,long,1227,1446,219,0.4491754122938589,tp,2026-04-24
002529.SZ,long,1458,1687,229,-0.6491754122938476,stop,2026-04-27
002529.SZ,long,2567,2651,84,0.44917541229386093,tp,2026-05-06
002529.SZ,long,2686,2892,206,-0.6491754122938511,stop,2026-05-07
002529.SZ,long,3381,3615,234,0.44917541229384006,tp,2026-05-12
002529.SZ,long,3882,4097,215,-0.6491754122938287,stop,2026-05-14
002529.SZ,long,4130,4338,208,0.4491754122938782,tp,2026-05-15
002529.SZ,long,4349,4579,230,-0.6491754122938513,stop,2026-05-18
002529.SZ,long,4610,4820,210,0.20583532461798557,revert,2026-05-19
002529.SZ,long,4997,5061,64,0.4491754122938395,tp,2026-05-20
002529.SZ,long,5072,5302,230,0.44917541229384916,tp,2026-05-21
002529.SZ,long,5567,5784,217,-0.6491754122938515,stop,2026-05-25
002529.SZ,long,5796,6025,229,-0.6491754122938482,stop,2026-05-26
002529.SZ,long,6047,6266,219,0.4491754122938796,tp,2026-05-27
002529.SZ,long,6443,6507,64,0.09631435823398499,revert,2026-05-28
002529.SZ,long,6529,6748,219,-0.6491754122938355,stop,2026-05-29
002529.SZ,long,7353,7471,118,-0.3995502248875438,revert,2026-06-03
002529.SZ,long,7567,7712,145,-0.6491754122938527,stop,2026-06-04
002529.SZ,long,7935,7953,18,-0.6491754122938443,stop,2026-06-05
002529.SZ,long,8035,8194,159,-0.6491754122938459,stop,2026-06-08
002529.SZ,long,8448,8676,228,-0.6491754122938578,stop,2026-06-10
002529.SZ,long,8716,9158,442,0.44917541229385255,tp,2026-06-11
002529.SZ,long,9182,9399,217,0.2346067017839033,revert,2026-06-15
002529.SZ,long,9674,9881,207,-0.6491754122938636,stop,2026-06-17
002529.SZ,long,9922,10122,200,-0.6491754122938388,stop,2026-06-18
002529.SZ,long,10133,10363,230,0.4491754122938587,tp,2026-06-22
002529.SZ,long,10609,10845,236,-0.6491754122938577,stop,2026-06-24
002529.SZ,long,10881,11086,205,-0.6491754122938459,stop,2026-06-25
002529.SZ,long,11336,11568,232,-0.6491754122938385,stop,2026-06-29
002529.SZ,long,11609,11809,200,-0.6491754122938488,stop,2026-06-30
002529.SZ,long,11825,12050,225,0.44917541229386426,tp,2026-07-01
002529.SZ,long,12126,12291,165,0.44917541229385516,tp,2026-07-02
002529.SZ,long,12348,12532,184,0.44917541229386704,tp,2026-07-03
002529.SZ,long,12552,12773,221,-0.6491754122938438,stop,2026-07-06
002529.SZ,long,12803,13014,211,-0.649175412293858,stop,2026-07-07
002529.SZ,long,13029,13255,226,-0.14992503748125924,revert,2026-07-08
002529.SZ,long,13318,13496,178,0.44917541229386,tp,2026-07-09
002529.SZ,long,13748,13978,230,-0.6491754122938582,stop,2026-07-13
002529.SZ,long,13996,14219,223,0.44917541229384844,tp,2026-07-14
002529.SZ,long,14350,14460,110,-0.6491754122938582,stop,2026-07-15
002626.SZ,long,117,241,124,0.07233445047094884,revert,2026-04-17
002626.SZ,long,394,482,88,-0.64917541229385,stop,2026-04-20
002626.SZ,long,501,723,222,-0.649175412293842,stop,2026-04-21
002626.SZ,long,1339,1446,107,0.4491754122938672,tp,2026-04-24
002626.SZ,long,1748,1928,180,-0.6491754122938513,stop,2026-04-28
002626.SZ,long,2178,2410,232,-0.6491754122938459,stop,2026-04-30
002626.SZ,long,2658,2892,234,-0.4657064257245249,revert,2026-05-07
002626.SZ,long,4263,4338,75,-0.6491754122938681,stop,2026-05-15
002626.SZ,long,4399,4579,180,0.44917541229386243,tp,2026-05-18
002626.SZ,long,4651,4820,169,0.4491754122938546,tp,2026-05-19
002626.SZ,long,5171,5302,131,-0.6491754122938443,stop,2026-05-21
002626.SZ,long,5689,5785,96,0.4491754122938595,tp,2026-05-25
002626.SZ,long,5865,6025,160,0.17258812454235972,revert,2026-05-26
002626.SZ,long,6069,6266,197,-0.3453263583472422,revert,2026-05-27
002626.SZ,long,6387,6507,120,-0.3492265843126375,revert,2026-05-28
002626.SZ,long,7007,7230,223,-0.4809929252880197,revert,2026-06-02
002626.SZ,long,7445,7471,26,-0.14992503748125907,revert,2026-06-03
002626.SZ,long,7573,7712,139,-0.08277636568397993,revert,2026-06-04
002626.SZ,long,7744,7953,209,0.18900936497126936,revert,2026-06-05
002626.SZ,long,8070,8194,124,-0.3560848619048855,revert,2026-06-08
002626.SZ,long,8333,8435,102,0.4491754122938597,tp,2026-06-09
002626.SZ,long,8686,8917,231,0.20541330758108003,revert,2026-06-11
002626.SZ,long,9213,9399,186,0.44917541229386093,tp,2026-06-15
002626.SZ,long,10101,10122,21,0.06792967152787036,revert,2026-06-18
002626.SZ,long,10484,10604,120,0.3426405190639388,revert,2026-06-23
002626.SZ,long,10638,10845,207,-0.6491754122938381,stop,2026-06-24
002626.SZ,long,10887,11086,199,0.44917541229386554,tp,2026-06-25
002626.SZ,long,11166,11327,161,-0.6491754122938372,stop,2026-06-26
002626.SZ,long,11620,11809,189,-0.6491754122938468,stop,2026-06-30
002626.SZ,long,12057,12291,234,0.44917541229386554,tp,2026-07-02
002626.SZ,long,12348,12533,185,-0.6491754122938491,stop,2026-07-03
002626.SZ,long,12847,13014,167,-0.5800043266234826,revert,2026-07-07
002626.SZ,long,13081,13255,174,-0.6491754122938526,stop,2026-07-08
002626.SZ,long,13307,13496,189,-0.6491754122938599,stop,2026-07-09
002669.SZ,long,247,482,235,-0.29338778886417854,revert,2026-04-20
002669.SZ,long,732,964,232,0.2752704556167733,revert,2026-04-22
002669.SZ,long,983,1205,222,-0.6491754122938554,stop,2026-04-23
002669.SZ,long,1300,1446,146,-0.005841235226525223,revert,2026-04-24
002669.SZ,long,1697,1928,231,0.44917541229384367,tp,2026-04-28
002669.SZ,long,2197,2410,213,0.44917541229386393,tp,2026-04-30
002669.SZ,long,3489,3615,126,-0.07915956975444399,revert,2026-05-12
002669.SZ,long,3957,4097,140,0.4491754122938527,tp,2026-05-14
002669.SZ,long,4108,4338,230,-0.6353073463268355,revert,2026-05-15
002669.SZ,long,4379,4579,200,-0.2939049581193245,revert,2026-05-18
002669.SZ,long,4620,4820,200,0.44917541229386354,tp,2026-05-19
002669.SZ,long,4831,5061,230,0.44917541229385854,tp,2026-05-20
002669.SZ,long,5190,5302,112,-0.649175412293842,stop,2026-05-21
002669.SZ,long,5567,5784,217,-0.6491754122938451,stop,2026-05-25
002669.SZ,long,5803,6025,222,0.44917541229386554,tp,2026-05-26
002669.SZ,long,6512,6748,236,-0.6491754122938499,stop,2026-05-29
002669.SZ,long,7013,7230,217,0.44917541229386904,tp,2026-06-02
002669.SZ,long,7243,7471,228,-0.649175412293859,stop,2026-06-03
002669.SZ,long,7482,7712,230,0.4491754122938671,tp,2026-06-04
002669.SZ,long,7723,7953,230,-0.6491754122938636,stop,2026-06-05
002669.SZ,long,8051,8194,143,0.4491754122938584,tp,2026-06-08
002669.SZ,long,8441,8676,235,-0.6491754122938446,stop,2026-06-10
002669.SZ,long,8687,8917,230,-0.6491754122938602,stop,2026-06-11
002669.SZ,long,8928,9158,230,-0.6491754122938449,stop,2026-06-12
002669.SZ,long,9692,9881,189,0.44917541229385877,tp,2026-06-17
002669.SZ,long,10128,10363,235,0.23118211886425086,revert,2026-06-22
002669.SZ,long,10379,10604,225,-0.6491754122938697,stop,2026-06-23
002669.SZ,long,10616,10845,229,0.44917541229387015,tp,2026-06-24
002669.SZ,long,10915,11086,171,0.13882590225998698,revert,2026-06-25
002669.SZ,long,11097,11327,230,0.44917541229385877,tp,2026-06-26
002669.SZ,long,11347,11568,221,-0.64917541229384,stop,2026-06-29
002669.SZ,long,11582,11809,227,0.44917541229384844,tp,2026-06-30
002669.SZ,long,11820,12050,230,0.4322911430582104,revert,2026-07-01
002669.SZ,long,12301,12532,231,-0.6491754122938345,stop,2026-07-03
002669.SZ,long,12543,12773,230,-0.6491754122938332,stop,2026-07-06
002669.SZ,long,12795,13014,219,-0.6491754122938527,stop,2026-07-07
002669.SZ,long,13025,13255,230,-0.6491754122938456,stop,2026-07-08
002669.SZ,long,13271,13496,225,0.06465248750983378,revert,2026-07-09
002669.SZ,long,13528,13737,209,-0.6491754122938453,stop,2026-07-10
002669.SZ,long,13748,13978,230,-0.6491754122938523,stop,2026-07-13
002669.SZ,long,13989,14219,230,0.44917541229386215,tp,2026-07-14
002669.SZ,long,14230,14460,230,-0.6491754122938482,stop,2026-07-15
002722.SZ,long,255,482,227,0.44917541229385194,tp,2026-04-20
002722.SZ,long,732,964,232,-0.6491754122938401,stop,2026-04-22
002722.SZ,long,975,1205,230,-0.6491754122938367,stop,2026-04-23
002722.SZ,long,1332,1446,114,0.4491754122938592,tp,2026-04-24
002722.SZ,long,1809,1928,119,0.04675928614812859,revert,2026-04-28
002722.SZ,long,2593,2651,58,-0.02223951962637595,revert,2026-05-06
002722.SZ,long,2845,2892,47,-0.08628572902840888,revert,2026-05-07
002722.SZ,long,3475,3615,140,-0.34206758070610316,revert,2026-05-12
002722.SZ,long,4090,4097,7,-0.41046013196923326,revert,2026-05-14
002722.SZ,long,4280,4338,58,-0.14992503748125427,revert,2026-05-15
002722.SZ,long,4472,4579,107,0.4491754122938689,tp,2026-05-18
002722.SZ,long,4633,4820,187,0.44917541229385616,tp,2026-05-19
002722.SZ,long,5243,5302,59,-0.6491754122938405,stop,2026-05-21
002722.SZ,long,5562,5784,222,-0.6491754122938497,stop,2026-05-25
002722.SZ,long,5834,6025,191,-0.6491754122938392,stop,2026-05-26
002722.SZ,long,6036,6266,230,-0.6491754122938537,stop,2026-05-27
002722.SZ,long,6363,6507,144,0.4491754122938512,tp,2026-05-28
002722.SZ,long,6595,6748,153,-0.6491754122938383,stop,2026-05-29
002722.SZ,long,7007,7230,223,-0.586269137827274,revert,2026-06-02
002722.SZ,long,7340,7471,131,-0.6491754122938416,stop,2026-06-03
002722.SZ,long,7491,7712,221,-0.6491754122938382,stop,2026-06-04
002722.SZ,long,7726,7953,227,-0.3017882693634213,revert,2026-06-05
002722.SZ,long,8041,8194,153,-0.6491754122938507,stop,2026-06-08
002722.SZ,long,8323,8435,112,0.16016836302343745,revert,2026-06-09
002722.SZ,long,8449,8676,227,-0.6491754122938459,stop,2026-06-10
002722.SZ,long,8687,8917,230,0.4491754122938686,tp,2026-06-11
002722.SZ,long,8933,9158,225,0.44917541229386704,tp,2026-06-12
002722.SZ,long,9205,9399,194,-0.6121939030484801,revert,2026-06-15
002722.SZ,long,9730,9881,151,-0.649175412293844,stop,2026-06-17
002722.SZ,long,10135,10363,228,0.44917541229385904,tp,2026-06-22
002722.SZ,long,10563,10606,43,-0.6491754122938459,stop,2026-06-23
002722.SZ,long,10620,10845,225,-0.6491754122938498,stop,2026-06-24
002722.SZ,long,10881,11086,205,-0.31551388484863296,revert,2026-06-25
002722.SZ,long,11117,11327,210,0.019599707786183446,revert,2026-06-26
002722.SZ,long,11342,11568,226,0.449175412293856,tp,2026-06-29
002722.SZ,long,11630,11809,179,0.020032536923050934,revert,2026-06-30
002722.SZ,long,12124,12291,167,-0.2317693612210039,revert,2026-07-02
002722.SZ,long,12363,12532,169,0.25563984863782596,revert,2026-07-03
002722.SZ,long,12803,13014,211,-0.6491754122938318,stop,2026-07-07
002722.SZ,long,13029,13255,226,0.4491754122938654,tp,2026-07-08
002722.SZ,long,13312,13496,184,0.44917541229385005,tp,2026-07-09
002722.SZ,long,13748,13978,230,-0.6491754122938416,stop,2026-07-13
002765.SZ,long,1074,1205,131,-0.05164740464415886,revert,2026-04-23
002765.SZ,long,1809,1928,119,-0.6491754122938465,stop,2026-04-28
002765.SZ,long,3260,3374,114,-0.6491754122938519,stop,2026-05-11
002765.SZ,long,3487,3615,128,-0.1499250374812524,revert,2026-05-12
002765.SZ,long,3905,4097,192,-0.35969410252855966,revert,2026-05-14
002765.SZ,long,4600,4820,220,-0.6491754122938501,stop,2026-05-19
002765.SZ,long,4851,5061,210,-0.6491754122938436,stop,2026-05-20
002765.SZ,long,5252,5302,50,-0.4709863717658313,revert,2026-05-21
002765.SZ,long,5364,5543,179,0.44917541229386704,tp,2026-05-22
002765.SZ,long,5566,5784,218,-0.2607464303364233,revert,2026-05-25
002765.SZ,long,5796,6025,229,-0.26199021701270525,revert,2026-05-26
002765.SZ,long,6036,6266,230,-0.6491754122938462,stop,2026-05-27
002765.SZ,long,6294,6507,213,-0.3843148848111013,revert,2026-05-28
002765.SZ,long,6521,6748,227,-0.6491754122938425,stop,2026-05-29
002765.SZ,long,7017,7230,213,-0.02889464358728619,revert,2026-06-02
002765.SZ,long,7406,7471,65,-0.6491754122938451,stop,2026-06-03
002765.SZ,long,7494,7712,218,-0.025733401955710243,revert,2026-06-04
002765.SZ,long,7723,7953,230,0.44917541229385516,tp,2026-06-05
002765.SZ,long,8074,8194,120,0.34560883330047676,revert,2026-06-08
002765.SZ,long,8449,8676,227,-0.649175412293853,stop,2026-06-10
002765.SZ,long,8722,8917,195,0.44917541229385227,tp,2026-06-11
002765.SZ,long,9098,9158,60,0.44917541229385827,tp,2026-06-12
002765.SZ,long,9214,9399,185,0.4491754122938645,tp,2026-06-15
002765.SZ,long,9688,9881,193,-0.6491754122938419,stop,2026-06-17
002765.SZ,long,10101,10122,21,0.3582178376460657,revert,2026-06-18
002765.SZ,long,10139,10363,224,0.44917541229386115,tp,2026-06-22
002765.SZ,long,10472,10604,132,-0.6491754122938527,stop,2026-06-23
002765.SZ,long,10620,10845,225,-0.6491754122938425,stop,2026-06-24
002765.SZ,long,10869,11086,217,-0.6491754122938527,stop,2026-06-25
002765.SZ,long,11116,11327,211,-0.6491754122938472,stop,2026-06-26
002765.SZ,long,11343,11568,225,0.4491754122938578,tp,2026-06-29
002765.SZ,long,12126,12291,165,-0.6491754122938491,stop,2026-07-02
002765.SZ,long,12626,12773,147,0.10032577696113883,revert,2026-07-06
002765.SZ,long,12784,13014,230,-0.6491754122938463,stop,2026-07-07
002765.SZ,long,13025,13255,230,-0.6491754122938376,stop,2026-07-08
002765.SZ,long,13315,13496,181,-0.2870817338583545,revert,2026-07-09
002765.SZ,long,13748,13978,230,-0.6491754122938401,stop,2026-07-13
002765.SZ,long,13989,14219,230,-0.6491754122938451,stop,2026-07-14
002817.SZ,long,88,242,154,-0.6491754122938391,stop,2026-04-17
002817.SZ,long,254,482,228,0.4491754122938549,tp,2026-04-20
002817.SZ,long,651,723,72,0.23859665497992277,revert,2026-04-21
002817.SZ,long,974,1205,231,-0.14992503748125954,revert,2026-04-23
002817.SZ,long,2483,2651,168,-0.3928692588012334,revert,2026-05-06
002817.SZ,long,2773,2892,119,0.0960111077466084,revert,2026-05-07
002817.SZ,long,3203,3374,171,0.44917541229385516,tp,2026-05-11
002817.SZ,long,3435,3615,180,-0.6491754122938451,stop,2026-05-12
002817.SZ,long,3807,3856,49,0.22451274362817442,revert,2026-05-13
002817.SZ,long,3878,4097,219,0.44917541229385516,tp,2026-05-14
002817.SZ,long,4160,4338,178,0.10254038593851594,revert,2026-05-15
002817.SZ,long,4402,4579,177,0.44917541229385577,tp,2026-05-18
002817.SZ,long,4643,4820,177,-0.27583938169628375,revert,2026-05-19
002817.SZ,long,4845,5061,216,0.4491754122938509,tp,2026-05-20
002817.SZ,long,5108,5302,194,-0.6491754122938487,stop,2026-05-21
002817.SZ,long,5552,5784,232,-0.6491754122938425,stop,2026-05-25
002817.SZ,long,5795,6025,230,-0.28745957599711336,revert,2026-05-26
002817.SZ,long,6036,6266,230,-0.6491754122938418,stop,2026-05-27
002817.SZ,long,6349,6507,158,0.4491754122938561,tp,2026-05-28
002817.SZ,long,6522,6748,226,-0.6491754122938526,stop,2026-05-29
002817.SZ,long,7000,7230,230,-0.6491754122938453,stop,2026-06-02
002817.SZ,long,7242,7471,229,-0.44577711144426224,revert,2026-06-03
002817.SZ,long,7485,7712,227,-0.6491754122938487,stop,2026-06-04
002817.SZ,long,7724,7953,229,0.3018852564667953,revert,2026-06-05
002817.SZ,long,8027,8194,167,-0.5990258244191262,revert,2026-06-08
002817.SZ,long,8205,8435,230,-0.6491754122938562,stop,2026-06-09
002817.SZ,long,8475,8676,201,-0.30425281949440564,revert,2026-06-10
002817.SZ,long,8687,8917,230,0.44917541229386293,tp,2026-06-11
002817.SZ,long,8928,9158,230,0.4491754122938625,tp,2026-06-12
002817.SZ,long,9202,9399,197,-0.6491754122938448,stop,2026-06-15
002817.SZ,long,9417,9640,223,0.449175412293872,tp,2026-06-16
002817.SZ,long,9675,9881,206,-0.6491754122938401,stop,2026-06-17
002817.SZ,long,10133,10363,230,0.4491754122938745,tp,2026-06-22
002817.SZ,long,10567,10604,37,0.44917541229384883,tp,2026-06-23
002817.SZ,long,10624,10845,221,-0.6491754122938503,stop,2026-06-24
002817.SZ,long,10869,11086,217,-0.4833142694095267,revert,2026-06-25
002817.SZ,long,11098,11327,229,0.4491754122938473,tp,2026-06-26
002817.SZ,long,11341,11568,227,0.44917541229385627,tp,2026-06-29
002817.SZ,long,11624,11809,185,-0.49129281513088624,revert,2026-06-30
002817.SZ,long,11825,12050,225,0.4491754122938553,tp,2026-07-01
002817.SZ,long,12102,12291,189,0.449175412293866,tp,2026-07-02
002817.SZ,long,12349,12532,183,0.4491754122938589,tp,2026-07-03
002817.SZ,long,12557,12773,216,-0.6307440180391237,revert,2026-07-06
002817.SZ,long,12791,13014,223,-0.649175412293844,stop,2026-07-07
002817.SZ,long,13031,13255,224,-0.1499250374812573,revert,2026-07-08
002817.SZ,long,13310,13496,186,-0.48555554155695196,revert,2026-07-09
002817.SZ,long,13748,13978,230,-0.6491754122938544,stop,2026-07-13
002817.SZ,long,14403,14460,57,0.4491754122938506,tp,2026-07-15
002865.SZ,long,12,241,229,0.44917541229386965,tp,2026-04-17
002865.SZ,long,285,482,197,0.4491754122938597,tp,2026-04-20
002865.SZ,long,493,723,230,0.44917541229385194,tp,2026-04-21
002865.SZ,long,761,964,203,-0.22618527803307933,revert,2026-04-22
002865.SZ,long,988,1205,217,-0.6491754122938425,stop,2026-04-23
002865.SZ,long,1219,1446,227,-0.24427581025899692,revert,2026-04-24
002865.SZ,long,1457,1687,230,0.44917541229385816,tp,2026-04-27
002865.SZ,long,1698,1928,230,-0.6491754122938534,stop,2026-04-28
002865.SZ,long,2186,2410,224,0.4491754122938402,tp,2026-04-30
002865.SZ,long,2770,2892,122,0.4491754122938629,tp,2026-05-07
002865.SZ,long,2903,3133,230,0.4491754122938658,tp,2026-05-08
002865.SZ,long,3379,3615,236,-0.622690876998438,revert,2026-05-12
002865.SZ,long,3633,3856,223,0.4491754122938495,tp,2026-05-13
002865.SZ,long,3882,4097,215,-0.6491754122938436,stop,2026-05-14
002865.SZ,long,4108,4338,230,0.4491754122938633,tp,2026-05-15
002865.SZ,long,4524,4579,55,-0.14992503748125072,revert,2026-05-18
002865.SZ,long,4593,4820,227,-0.6491754122938627,stop,2026-05-19
002865.SZ,long,4831,5061,230,0.44917541229384667,tp,2026-05-20
002865.SZ,long,5075,5302,227,-0.6491754122938459,stop,2026-05-21
002865.SZ,long,5349,5543,194,0.44917541229384456,tp,2026-05-22
002865.SZ,long,5561,5784,223,-0.6491754122938469,stop,2026-05-25
002865.SZ,long,5798,6025,227,-0.6491754122938487,stop,2026-05-26
002865.SZ,long,6036,6266,230,-0.6491754122938438,stop,2026-05-27
002865.SZ,long,6293,6507,214,0.44917541229386054,tp,2026-05-28
002865.SZ,long,6518,6748,230,-0.6491754122938322,stop,2026-05-29
002865.SZ,long,6821,6989,168,-0.6491754122938347,stop,2026-06-01
002865.SZ,long,7002,7230,228,-0.6491754122938592,stop,2026-06-02
002865.SZ,long,7428,7471,43,-0.6491754122938407,stop,2026-06-03
002865.SZ,long,7482,7712,230,0.44917541229385516,tp,2026-06-04
002865.SZ,long,7723,7953,230,-0.6491754122938431,stop,2026-06-05
002865.SZ,long,7989,8194,205,-0.6491754122938462,stop,2026-06-08
002865.SZ,long,8205,8435,230,0.44917541229388236,tp,2026-06-09
002865.SZ,long,8447,8676,229,-0.649175412293865,stop,2026-06-10
002865.SZ,long,8707,8917,210,0.4491754122938736,tp,2026-06-11
002865.SZ,long,8931,9158,227,-0.34813101923612205,revert,2026-06-12
002865.SZ,long,9238,9399,161,0.44917541229387586,tp,2026-06-15
002865.SZ,long,9410,9640,230,0.44917541229386304,tp,2026-06-16
002865.SZ,long,9651,9881,230,-0.6491754122938276,stop,2026-06-17
002865.SZ,long,9907,10122,215,-0.6491754122938562,stop,2026-06-18
002865.SZ,long,10133,10363,230,0.44917541229386587,tp,2026-06-22
002865.SZ,long,10382,10604,222,-0.6491754122938463,stop,2026-06-23
002865.SZ,long,10617,10845,228,0.4491754122938629,tp,2026-06-24
002865.SZ,long,10869,11086,217,-0.6491754122938359,stop,2026-06-25
002865.SZ,long,11109,11327,218,-0.32327586206895803,revert,2026-06-26
002865.SZ,long,11347,11568,221,0.44917541229385616,tp,2026-06-29
002865.SZ,long,11581,11809,228,0.44917541229386826,tp,2026-06-30
002865.SZ,long,12137,12291,154,-0.6491754122938433,stop,2026-07-02
002865.SZ,long,12339,12532,193,0.4491754122938669,tp,2026-07-03
002865.SZ,long,12543,12773,230,-0.6491754122938574,stop,2026-07-06
002865.SZ,long,12815,13014,199,-0.6491754122938516,stop,2026-07-07
002865.SZ,long,13025,13255,230,-0.649175412293848,stop,2026-07-08
002865.SZ,long,13273,13496,223,0.4491754122938614,tp,2026-07-09
002865.SZ,long,13742,13978,236,-0.6491754122938419,stop,2026-07-13
002865.SZ,long,13989,14219,230,0.44917541229386676,tp,2026-07-14
002865.SZ,long,14261,14460,199,-0.6491754122938453,stop,2026-07-15
002903.SZ,long,405,482,77,0.22817559349072244,revert,2026-04-20
002903.SZ,long,742,964,222,-0.649175412293852,stop,2026-04-22
002903.SZ,long,987,1205,218,0.4491754122938567,tp,2026-04-23
002903.SZ,long,1223,1446,223,-0.6491754122938487,stop,2026-04-24
002903.SZ,long,1458,1687,229,0.44917541229386115,tp,2026-04-27
002903.SZ,long,1881,1928,47,-0.6491754122938491,stop,2026-04-28
002903.SZ,long,2177,2410,233,0.44917541229386626,tp,2026-04-30
002903.SZ,long,2923,3133,210,-0.6491754122938457,stop,2026-05-08
002903.SZ,long,3144,3374,230,0.44917541229386726,tp,2026-05-11
002903.SZ,long,3633,3856,223,-0.438092641990684,revert,2026-05-13
002903.SZ,long,3885,4097,212,-0.6491754122938564,stop,2026-05-14
002903.SZ,long,4109,4338,229,-0.6491754122938491,stop,2026-05-15
002903.SZ,long,4396,4579,183,-0.6491754122938461,stop,2026-05-18
002903.SZ,long,4610,4820,210,0.44917541229386415,tp,2026-05-19
002903.SZ,long,4831,5061,230,-0.6491754122938314,stop,2026-05-20
002903.SZ,long,5148,5302,154,-0.649175412293857,stop,2026-05-21
002903.SZ,long,5548,5784,236,-0.3298350824587601,revert,2026-05-25
002903.SZ,long,5799,6025,226,-0.24237881059471644,revert,2026-05-26
002903.SZ,long,6036,6266,230,0.4491754122938683,tp,2026-05-27
002903.SZ,long,6306,6507,201,0.03528261373602773,revert,2026-05-28
002903.SZ,long,6526,6748,222,-0.6491754122938448,stop,2026-05-29
002903.SZ,long,6772,6989,217,-0.6491754122938279,stop,2026-06-01
002903.SZ,long,7004,7230,226,0.4491754122938651,tp,2026-06-02
002903.SZ,long,7274,7471,197,0.44917541229386365,tp,2026-06-03
002903.SZ,long,7492,7712,220,0.4491754122938575,tp,2026-06-04
002903.SZ,long,7976,8194,218,0.03890679161364221,revert,2026-06-08
002903.SZ,long,8205,8435,230,-0.6491754122938448,stop,2026-06-09
002903.SZ,long,8446,8676,230,-0.6491754122938554,stop,2026-06-10
002903.SZ,long,8707,8917,210,0.4491754122938498,tp,2026-06-11
002903.SZ,long,8931,9158,227,0.4491754122938541,tp,2026-06-12
002903.SZ,long,9408,9640,232,0.4491754122938589,tp,2026-06-16
002903.SZ,long,9989,10122,133,0.4491754122938658,tp,2026-06-18
002903.SZ,long,10136,10363,227,-0.6491754122938471,stop,2026-06-22
002903.SZ,long,10378,10604,226,-0.6491754122938465,stop,2026-06-23
002903.SZ,long,10616,10845,229,0.44917541229384206,tp,2026-06-24
002903.SZ,long,10927,11086,159,0.44917541229385255,tp,2026-06-25
002903.SZ,long,11107,11327,220,-0.6491754122938497,stop,2026-06-26
002903.SZ,long,11353,11568,215,-0.6491754122938393,stop,2026-06-29
002903.SZ,long,11816,12050,234,-0.6491754122938445,stop,2026-07-01
002903.SZ,long,12064,12291,227,0.4491754122938473,tp,2026-07-02
002903.SZ,long,12310,12532,222,0.44917541229384395,tp,2026-07-03
002903.SZ,long,12543,12773,230,-0.649175412293855,stop,2026-07-06
002903.SZ,long,12794,13014,220,-0.6491754122938438,stop,2026-07-07
002903.SZ,long,13025,13255,230,0.4491754122938538,tp,2026-07-08
002903.SZ,long,13272,13496,224,-0.6491754122938416,stop,2026-07-09
002903.SZ,long,13527,13737,210,-0.6491754122938392,stop,2026-07-10
002903.SZ,long,13748,13978,230,-0.6491754122938448,stop,2026-07-13
002903.SZ,long,13989,14219,230,0.4491754122938516,tp,2026-07-14
002903.SZ,long,14230,14460,230,-0.6491754122938518,stop,2026-07-15
002957.SZ,long,246,482,236,0.44917541229385577,tp,2026-04-20
002957.SZ,long,536,723,187,-0.6303584374612988,revert,2026-04-21
002957.SZ,long,759,964,205,0.4491754122938429,tp,2026-04-22
002957.SZ,long,981,1205,224,0.10048267402348085,revert,2026-04-23
002957.SZ,long,1216,1446,230,-0.6491754122938483,stop,2026-04-24
002957.SZ,long,1457,1687,230,0.4491754122938634,tp,2026-04-27
002957.SZ,long,1699,1928,229,-0.489243371064811,revert,2026-04-28
002957.SZ,long,1951,2169,218,-0.2180975966272593,revert,2026-04-29
002957.SZ,long,2186,2410,224,0.4491754122938772,tp,2026-04-30
002957.SZ,long,2444,2652,208,-0.6491754122938543,stop,2026-05-06
002957.SZ,long,3140,3374,234,0.4491754122938569,tp,2026-05-11
002957.SZ,long,3385,3615,230,-0.6491754122938589,stop,2026-05-12
002957.SZ,long,3864,4097,233,0.4491754122938476,tp,2026-05-14
002957.SZ,long,4108,4338,230,0.449175412293866,tp,2026-05-15
002957.SZ,long,4352,4579,227,0.44917541229387203,tp,2026-05-18
002957.SZ,long,4827,5061,234,0.4491754122938589,tp,2026-05-20
002957.SZ,long,5115,5302,187,-0.6491754122938488,stop,2026-05-21
002957.SZ,long,5346,5543,197,0.44917541229386587,tp,2026-05-22
002957.SZ,long,5566,5784,218,0.4491754122938708,tp,2026-05-25
002957.SZ,long,5795,6025,230,0.4491754122938469,tp,2026-05-26
002957.SZ,long,6512,6748,236,-0.6491754122938401,stop,2026-05-29
002957.SZ,long,6759,6989,230,-0.16645924429735248,revert,2026-06-01
002957.SZ,long,7006,7230,224,0.4491754122938646,tp,2026-06-02
002957.SZ,long,7243,7471,228,-0.6491754122938307,stop,2026-06-03
002957.SZ,long,7482,7712,230,0.4491754122938621,tp,2026-06-04
002957.SZ,long,7723,7953,230,-0.6491754122938506,stop,2026-06-05
002957.SZ,long,7989,8194,205,-0.6491754122938441,stop,2026-06-08
002957.SZ,long,8208,8435,227,0.10875391319882807,revert,2026-06-09
002957.SZ,long,8469,8676,207,-0.6491754122938455,stop,2026-06-10
002957.SZ,long,8712,8917,205,0.4491754122938501,tp,2026-06-11
002957.SZ,long,8929,9158,229,-0.649175412293851,stop,2026-06-12
002957.SZ,long,9404,9640,236,0.44917541229385877,tp,2026-06-16
002957.SZ,long,9656,9881,225,0.4491754122938528,tp,2026-06-17
002957.SZ,long,9892,10122,230,0.44917541229386765,tp,2026-06-18
002957.SZ,long,10134,10363,229,-0.6491754122938515,stop,2026-06-22
002957.SZ,long,10378,10604,226,-0.6491754122938543,stop,2026-06-23
002957.SZ,long,10617,10845,228,0.44917541229386937,tp,2026-06-24
002957.SZ,long,10903,11086,183,0.4491754122938635,tp,2026-06-25
002957.SZ,long,11105,11327,222,-0.6491754122938543,stop,2026-06-26
002957.SZ,long,11356,11568,212,-0.6491754122938608,stop,2026-06-29
002957.SZ,long,11727,11809,82,0.4491754122938621,tp,2026-06-30
002957.SZ,long,11820,12050,230,-0.6491754122938473,stop,2026-07-01
002957.SZ,long,12063,12291,228,-0.005483928835328538,revert,2026-07-02
002957.SZ,long,12311,12532,221,0.3712131408199889,revert,2026-07-03
002957.SZ,long,12543,12773,230,-0.6491754122938522,stop,2026-07-06
002957.SZ,long,12795,13014,219,-0.6491754122938477,stop,2026-07-07
002957.SZ,long,13034,13255,221,0.44917541229385116,tp,2026-07-08
002957.SZ,long,13272,13496,224,0.44917541229385305,tp,2026-07-09
002957.SZ,long,13525,13737,212,-0.649175412293842,stop,2026-07-10
002957.SZ,long,13748,13978,230,-0.6491754122938499,stop,2026-07-13
002957.SZ,long,13989,14219,230,0.4491754122938487,tp,2026-07-14
002957.SZ,long,14230,14460,230,-0.6491754122938612,stop,2026-07-15
003006.SZ,long,793,964,171,-0.3608016477505698,revert,2026-04-22
003006.SZ,long,975,1205,230,0.44917541229387015,tp,2026-04-23
003006.SZ,long,1227,1446,219,-0.6274227392148376,revert,2026-04-24
003006.SZ,long,1494,1687,193,-0.6491754122938515,stop,2026-04-27
003006.SZ,long,1713,1928,215,-0.6491754122938496,stop,2026-04-28
003006.SZ,long,2220,2410,190,-0.1499250374812495,revert,2026-04-30
003006.SZ,long,2536,2651,115,0.44917541229385965,tp,2026-05-06
003006.SZ,long,2662,2892,230,0.4491754122938422,tp,2026-05-07
003006.SZ,long,2915,3133,218,0.44917541229386965,tp,2026-05-08
003006.SZ,long,3153,3374,221,0.4491754122938614,tp,2026-05-11
003006.SZ,long,3453,3615,162,0.022428371544959223,revert,2026-05-12
003006.SZ,long,3629,3856,227,-0.6491754122938408,stop,2026-05-13
003006.SZ,long,4151,4338,187,-0.649175412293855,stop,2026-05-15
003006.SZ,long,4642,4823,181,-0.17481697574218621,revert,2026-05-19
003006.SZ,long,5108,5302,194,-0.3409647217207725,revert,2026-05-21
003006.SZ,long,5360,5543,183,-0.020669277011966903,revert,2026-05-22
003006.SZ,long,5667,5785,118,-0.6491754122938511,stop,2026-05-25
003006.SZ,long,5952,6025,73,0.44917541229386,tp,2026-05-26
003006.SZ,long,6036,6266,230,0.44917541229387137,tp,2026-05-27
003006.SZ,long,7035,7230,195,-0.6491754122938244,stop,2026-06-02
003006.SZ,long,7504,7712,208,-0.6491754122938449,stop,2026-06-04
003006.SZ,long,7730,7953,223,-0.6491754122938309,stop,2026-06-05
003006.SZ,long,7968,8194,226,-0.649175412293856,stop,2026-06-08
003006.SZ,long,8280,8435,155,-0.6491754122938543,stop,2026-06-09
003006.SZ,long,8508,8676,168,0.44917541229386293,tp,2026-06-10
003006.SZ,long,8687,8917,230,0.44917541229386043,tp,2026-06-11
003006.SZ,long,9416,9640,224,-0.6491754122938399,stop,2026-06-16
003006.SZ,long,9763,9881,118,-0.017497882358552368,revert,2026-06-17
003006.SZ,long,9902,10122,220,-0.3537007006700653,revert,2026-06-18
003006.SZ,long,10133,10363,230,0.4491754122938649,tp,2026-06-22
003006.SZ,long,10374,10604,230,0.44917541229386987,tp,2026-06-23
003006.SZ,long,10638,10845,207,-0.649175412293849,stop,2026-06-24
003006.SZ,long,10862,11086,224,0.14139538545825106,revert,2026-06-25
003006.SZ,long,11097,11327,230,0.44917541229386104,tp,2026-06-26
003006.SZ,long,11338,11568,230,0.4491754122938521,tp,2026-06-29
003006.SZ,long,11586,11809,223,-0.6491754122938356,stop,2026-06-30
003006.SZ,long,11826,12050,224,0.44917541229385244,tp,2026-07-01
003006.SZ,long,12358,12532,174,-0.6491754122938425,stop,2026-07-03
003006.SZ,long,12548,12773,225,0.4491754122938615,tp,2026-07-06
003006.SZ,long,12847,13014,167,-0.6491754122938476,stop,2026-07-07
003006.SZ,long,13066,13255,189,-0.6491754122938597,stop,2026-07-08
003006.SZ,long,13306,13496,190,-0.6491754122938433,stop,2026-07-09
003006.SZ,long,13749,13978,229,-0.6491754122938487,stop,2026-07-13
300015.SZ,long,1536,1687,151,0.4491754122938607,tp,2026-04-27
300015.SZ,long,1733,1928,195,0.4491754122938594,tp,2026-04-28
300015.SZ,long,2256,2410,154,-0.6491754122938567,stop,2026-04-30
300015.SZ,long,2713,2892,179,-0.6491754122938376,stop,2026-05-07
300015.SZ,long,3966,4097,131,-0.612622326464193,revert,2026-05-14
300015.SZ,long,4252,4338,86,-0.5270735736947362,revert,2026-05-15
300015.SZ,long,4357,4579,222,-0.6491754122938446,stop,2026-05-18
300015.SZ,long,4610,4820,210,-0.6491754122938345,stop,2026-05-19
300015.SZ,long,4832,5061,229,-0.6491754122938358,stop,2026-05-20
300015.SZ,long,5274,5302,28,-0.5761793596264804,revert,2026-05-21
300015.SZ,long,5371,5543,172,-0.14992503748126967,revert,2026-05-22
300015.SZ,long,5817,6025,208,-0.6491754122938432,stop,2026-05-26
300015.SZ,long,6113,6266,153,0.4491754122938504,tp,2026-05-27
300015.SZ,long,6700,6748,48,-0.6491754122938462,stop,2026-05-29
300015.SZ,long,7239,7471,232,-0.649175412293843,stop,2026-06-03
300015.SZ,long,7484,7712,228,-0.1499250374812403,revert,2026-06-04
300015.SZ,long,7897,7953,56,-0.6491754122938485,stop,2026-06-05
300015.SZ,long,8050,8194,144,-0.14992503748124816,revert,2026-06-08
300015.SZ,long,8205,8435,230,-0.39346180568250405,revert,2026-06-09
300015.SZ,long,8722,8917,195,-0.6231481415690168,revert,2026-06-11
300015.SZ,long,9207,9399,192,-0.38653658952512954,revert,2026-06-15
300015.SZ,long,9453,9640,187,0.3341965380945699,revert,2026-06-16
300015.SZ,long,10134,10363,229,0.4491754122938419,tp,2026-06-22
300015.SZ,long,10461,10604,143,-0.6491754122938367,stop,2026-06-23
300015.SZ,long,10640,10845,205,-0.6491754122938455,stop,2026-06-24
300015.SZ,long,10866,11086,220,0.4491754122938462,tp,2026-06-25
300015.SZ,long,11100,11327,227,-0.6491754122938233,stop,2026-06-26
300015.SZ,long,11342,11568,226,0.4491754122938541,tp,2026-06-29
300015.SZ,long,11588,11809,221,-0.6491754122938421,stop,2026-06-30
300015.SZ,long,12056,12291,235,-0.5010976340668971,revert,2026-07-02
300015.SZ,long,12325,12532,207,-0.3854204972985017,revert,2026-07-03
300015.SZ,long,12647,12773,126,-0.6220294108265,revert,2026-07-06
300015.SZ,long,13358,13496,138,0.09601110774665794,revert,2026-07-09
300015.SZ,long,13794,13978,184,0.3365552303020195,revert,2026-07-13
300063.SZ,long,492,723,231,-0.6491754122938401,stop,2026-04-21
300063.SZ,long,753,964,211,0.44917541229385644,tp,2026-04-22
300063.SZ,long,1036,1205,169,-0.649175412293844,stop,2026-04-23
300063.SZ,long,1216,1446,230,0.4491754122938725,tp,2026-04-24
300063.SZ,long,1459,1687,228,0.44917541229385777,tp,2026-04-27
300063.SZ,long,1698,1928,230,0.44917541229386243,tp,2026-04-28
300063.SZ,long,2175,2410,235,0.4491754122938725,tp,2026-04-30
300063.SZ,long,2917,3133,216,-0.6491754122938582,stop,2026-05-08
300063.SZ,long,3146,3374,228,-0.6491754122938368,stop,2026-05-11
300063.SZ,long,3418,3615,197,-0.6491754122938543,stop,2026-05-12
300063.SZ,long,3861,4097,236,-0.6491754122938382,stop,2026-05-14
300063.SZ,long,4121,4338,217,-0.6491754122938418,stop,2026-05-15
300063.SZ,long,4354,4579,225,0.4491754122938678,tp,2026-05-18
300063.SZ,long,4635,4820,185,-0.6491754122938463,stop,2026-05-19
300063.SZ,long,4831,5061,230,-0.6491754122938522,stop,2026-05-20
300063.SZ,long,5074,5302,228,-0.6491754122938522,stop,2026-05-21
300063.SZ,long,5362,5543,181,0.4491754122938589,tp,2026-05-22
300063.SZ,long,5554,5784,230,-0.6491754122938342,stop,2026-05-25
300063.SZ,long,5820,6025,205,0.44917541229385827,tp,2026-05-26
300063.SZ,long,6036,6266,230,-0.6491754122938568,stop,2026-05-27
300063.SZ,long,6308,6507,199,0.44917541229385655,tp,2026-05-28
300063.SZ,long,6534,6748,214,-0.6491754122938354,stop,2026-05-29
300063.SZ,long,6994,7230,236,-0.6491754122938496,stop,2026-06-02
300063.SZ,long,7417,7471,54,-0.6491754122938542,stop,2026-06-03
300063.SZ,long,7541,7712,171,0.4491754122938538,tp,2026-06-04
300063.SZ,long,7723,7953,230,-0.6491754122938412,stop,2026-06-05
300063.SZ,long,8087,8194,107,0.15984768732488927,revert,2026-06-08
300063.SZ,long,8482,8676,194,-0.6491754122938386,stop,2026-06-10
300063.SZ,long,8688,8917,229,0.4491754122938546,tp,2026-06-11
300063.SZ,long,9094,9158,64,0.44917541229387264,tp,2026-06-12
300063.SZ,long,9243,9399,156,0.4491754122938711,tp,2026-06-15
300063.SZ,long,9750,9881,131,0.06320212359136643,revert,2026-06-17
300063.SZ,long,10049,10122,73,-0.6491754122938651,stop,2026-06-18
300063.SZ,long,10134,10363,229,0.4491754122938629,tp,2026-06-22
300063.SZ,long,10381,10604,223,-0.6491754122938465,stop,2026-06-23
300063.SZ,long,10617,10845,228,-0.6491754122938377,stop,2026-06-24
300063.SZ,long,10869,11086,217,-0.6491754122938402,stop,2026-06-25
300063.SZ,long,11098,11327,229,-0.14992503748125435,revert,2026-06-26
300063.SZ,long,11342,11568,226,-0.6491754122938486,stop,2026-06-29
300063.SZ,long,11815,12050,235,0.44917541229384333,tp,2026-07-01
300063.SZ,long,12061,12291,230,-0.6491754122938489,stop,2026-07-02
300063.SZ,long,12307,12532,225,-0.6491754122938455,stop,2026-07-03
300063.SZ,long,12585,12773,188,-0.6491754122938513,stop,2026-07-06
300063.SZ,long,12804,13014,210,-0.6491754122938388,stop,2026-07-07
300063.SZ,long,13026,13256,230,-0.649175412293838,stop,2026-07-08
300063.SZ,long,13318,13496,178,-0.024956232772224262,revert,2026-07-09
300063.SZ,long,13742,13978,236,-0.6491754122938483,stop,2026-07-13
300063.SZ,long,13989,14219,230,0.44917541229385566,tp,2026-07-14
300063.SZ,long,14398,14460,62,0.2263943405181886,revert,2026-07-15
300161.SZ,long,983,1205,222,-0.6491754122938388,stop,2026-04-23
300161.SZ,long,1458,1687,229,0.44917541229386476,tp,2026-04-27
300161.SZ,long,1747,1928,181,-0.6491754122938538,stop,2026-04-28
300161.SZ,long,2211,2410,199,0.44917541229386726,tp,2026-04-30
300161.SZ,long,2421,2651,230,0.44917541229385594,tp,2026-05-06
300161.SZ,long,2898,3133,235,0.44917541229387065,tp,2026-05-08
300161.SZ,long,3144,3374,230,-0.43528508543855043,revert,2026-05-11
300161.SZ,long,3392,3615,223,-0.6491754122938491,stop,2026-05-12
300161.SZ,long,3667,3856,189,-0.649175412293862,stop,2026-05-13
300161.SZ,long,3880,4097,217,-0.6491754122938523,stop,2026-05-14
300161.SZ,long,4343,4579,236,-0.6491754122938547,stop,2026-05-18
300161.SZ,long,4594,4820,226,-0.649175412293828,stop,2026-05-19
300161.SZ,long,4831,5061,230,0.08926864755004142,revert,2026-05-20
300161.SZ,long,5072,5302,230,-0.6491754122938634,stop,2026-05-21
300161.SZ,long,5548,5784,236,-0.6491754122938471,stop,2026-05-25
300161.SZ,long,5799,6025,226,-0.2326508659506176,revert,2026-05-26
300161.SZ,long,6037,6266,229,-0.6491754122938582,stop,2026-05-27
300161.SZ,long,6316,6507,191,0.4491754122938462,tp,2026-05-28
300161.SZ,long,6518,6748,230,-0.6491754122938347,stop,2026-05-29
300161.SZ,long,6769,6989,220,-0.6449982322133164,revert,2026-06-01
300161.SZ,long,7016,7230,214,0.13266951429947646,revert,2026-06-02
300161.SZ,long,7384,7471,87,-0.6491754122938502,stop,2026-06-03
300161.SZ,long,7595,7712,117,-0.6491754122938571,stop,2026-06-04
300161.SZ,long,7750,7953,203,0.44917541229385577,tp,2026-06-05
300161.SZ,long,8015,8194,179,0.44917541229384794,tp,2026-06-08
300161.SZ,long,8218,8435,217,-0.2118859899866854,revert,2026-06-09
300161.SZ,long,8446,8676,230,-0.6491754122938508,stop,2026-06-10
300161.SZ,long,8707,8917,210,0.2734444910617196,revert,2026-06-11
300161.SZ,long,8934,9158,224,-0.6491754122938446,stop,2026-06-12
300161.SZ,long,9553,9640,87,-0.022239519626390005,revert,2026-06-16
300161.SZ,long,9653,9881,228,0.4491754122938573,tp,2026-06-17
300161.SZ,long,9984,10122,138,0.4491754122938554,tp,2026-06-18
300161.SZ,long,10145,10363,218,-0.6491754122938499,stop,2026-06-22
300161.SZ,long,10376,10604,228,-0.6491754122938334,stop,2026-06-23
300161.SZ,long,10615,10845,230,0.36493193944439883,revert,2026-06-24
300161.SZ,long,10869,11086,217,-0.6491754122938425,stop,2026-06-25
300161.SZ,long,11188,11327,139,-0.649175412293839,stop,2026-06-26
300161.SZ,long,11347,11568,221,0.44917541229386476,tp,2026-06-29
300161.SZ,long,11816,12050,234,-0.6491754122938369,stop,2026-07-01
300161.SZ,long,12215,12291,76,-0.6491754122938546,stop,2026-07-02
300161.SZ,long,12370,12532,162,-0.6292053973013344,revert,2026-07-03
300161.SZ,long,12563,12773,210,-0.6491754122938439,stop,2026-07-06
300161.SZ,long,12785,13014,229,-0.6491754122938531,stop,2026-07-07
300161.SZ,long,13025,13255,230,-0.6491754122938377,stop,2026-07-08
300161.SZ,long,13284,13496,212,0.4491754122938651,tp,2026-07-09
300161.SZ,long,13683,13737,54,-0.6491754122938438,stop,2026-07-10
300161.SZ,long,13748,13978,230,-0.6491754122938552,stop,2026-07-13
300161.SZ,long,13989,14219,230,0.4491754122938589,tp,2026-07-14
300161.SZ,long,14431,14460,29,-0.6491754122938419,stop,2026-07-15
300207.SZ,long,350,482,132,0.44917541229386154,tp,2026-04-20
300207.SZ,long,745,964,219,-0.6491754122938476,stop,2026-04-22
300207.SZ,long,981,1205,224,-0.6491754122938511,stop,2026-04-23
300207.SZ,long,1472,1687,215,-0.6491754122938428,stop,2026-04-27
300207.SZ,long,1700,1928,228,0.22973304222411942,revert,2026-04-28
300207.SZ,long,2190,2410,220,0.4491754122938669,tp,2026-04-30
300207.SZ,long,2678,2892,214,-0.6491754122938398,stop,2026-05-07
300207.SZ,long,2938,3133,195,-0.649175412293845,stop,2026-05-08
300207.SZ,long,3146,3374,228,0.4491754122938664,tp,2026-05-11
300207.SZ,long,3386,3615,229,-0.6491754122938415,stop,2026-05-12
300207.SZ,long,3867,4097,230,-0.6491754122938559,stop,2026-05-14
300207.SZ,long,4120,4338,218,-0.6491754122938598,stop,2026-05-15
300207.SZ,long,4550,4579,29,0.4491754122938614,tp,2026-05-18
300207.SZ,long,4604,4820,216,-0.2303520008018357,revert,2026-05-19
300207.SZ,long,5140,5302,162,-0.6491754122938483,stop,2026-05-21
300207.SZ,long,5558,5784,226,-0.6491754122938497,stop,2026-05-25
300207.SZ,long,5808,6025,217,0.4491754122938667,tp,2026-05-26
300207.SZ,long,6139,6266,127,-0.5616779239246553,revert,2026-05-27
300207.SZ,long,6289,6507,218,0.18712162905890992,revert,2026-05-28
300207.SZ,long,6518,6748,230,-0.649175412293844,stop,2026-05-29
300207.SZ,long,6827,6989,162,-0.6491754122938503,stop,2026-06-01
300207.SZ,long,7001,7230,229,0.2521558012939982,revert,2026-06-02
300207.SZ,long,7419,7471,52,-0.6491754122938416,stop,2026-06-03
300207.SZ,long,7484,7712,228,-0.19693543058977395,revert,2026-06-04
300207.SZ,long,7723,7953,230,-0.6491754122938556,stop,2026-06-05
300207.SZ,long,8006,8194,188,-0.6491754122938607,stop,2026-06-08
300207.SZ,long,8216,8435,219,0.44917541229385904,tp,2026-06-09
300207.SZ,long,8474,8676,202,-0.6491754122938467,stop,2026-06-10
300207.SZ,long,8718,8917,199,0.44917541229385577,tp,2026-06-11
300207.SZ,long,9213,9399,186,0.44917541229385416,tp,2026-06-15
300207.SZ,long,9414,9640,226,0.44917541229385916,tp,2026-06-16
300207.SZ,long,9947,10122,175,-0.6491754122938446,stop,2026-06-18
300207.SZ,long,10153,10363,210,0.44917541229385877,tp,2026-06-22
300207.SZ,long,10379,10604,225,-0.6491754122938435,stop,2026-06-23
300207.SZ,long,10618,10845,227,0.20042610273812617,revert,2026-06-24
300207.SZ,long,10883,11086,203,0.4491754122938606,tp,2026-06-25
300207.SZ,long,11105,11327,222,-0.6491754122938347,stop,2026-06-26
300207.SZ,long,11346,11568,222,0.4491754122938546,tp,2026-06-29
300207.SZ,long,11814,12050,236,0.227274382236846,revert,2026-07-01
300207.SZ,long,12211,12291,80,-0.5842918671170111,revert,2026-07-02
300207.SZ,long,12579,12773,194,-0.6491754122938477,stop,2026-07-06
300207.SZ,long,12797,13014,217,-0.649175412293832,stop,2026-07-07
300207.SZ,long,13027,13255,228,-0.64917541229385,stop,2026-07-08
300207.SZ,long,13315,13496,181,0.4491754122938618,tp,2026-07-09
300207.SZ,long,13758,13978,220,-0.6491754122938409,stop,2026-07-13
300207.SZ,long,13999,14219,220,0.4491754122938758,tp,2026-07-14
300207.SZ,long,14315,14460,145,-0.6491754122938574,stop,2026-07-15
300251.SZ,long,668,723,55,-0.6491754122938396,stop,2026-04-21
300251.SZ,long,746,964,218,0.3015933893518465,revert,2026-04-22
300251.SZ,long,975,1205,230,-0.6491754122938488,stop,2026-04-23
300251.SZ,long,1217,1446,229,0.4491754122938566,tp,2026-04-24
300251.SZ,long,1460,1687,227,0.18809146543857927,revert,2026-04-27
300251.SZ,long,1808,1928,120,-0.6491754122938563,stop,2026-04-28
300251.SZ,long,3114,3133,19,-0.41888146835672563,revert,2026-05-08
300251.SZ,long,3866,4097,231,-0.6491754122938435,stop,2026-05-14
300251.SZ,long,4166,4338,172,-0.6491754122938433,stop,2026-05-15
300251.SZ,long,4379,4579,200,0.36974078016756334,revert,2026-05-18
300251.SZ,long,4725,4820,95,-0.5103946221834856,revert,2026-05-19
300251.SZ,long,5194,5302,108,-0.6491754122938499,stop,2026-05-21
300251.SZ,long,5560,5784,224,-0.6491754122938467,stop,2026-05-25
300251.SZ,long,6134,6266,132,-0.6491754122938433,stop,2026-05-27
300251.SZ,long,6291,6507,216,-0.41897657742556266,revert,2026-05-28
300251.SZ,long,6704,6748,44,-0.6491754122938523,stop,2026-05-29
300251.SZ,long,6996,7230,234,-0.6491754122938382,stop,2026-06-02
300251.SZ,long,7650,7712,62,0.015252919445994181,revert,2026-06-04
300251.SZ,long,7726,7953,227,-0.6491754122938607,stop,2026-06-05
300251.SZ,long,8015,8194,179,-0.6491754122938479,stop,2026-06-08
300251.SZ,long,8505,8676,171,-0.6491754122938522,stop,2026-06-10
300251.SZ,long,8687,8917,230,-0.32951150324118045,revert,2026-06-11
300251.SZ,long,9243,9399,156,0.44917541229386415,tp,2026-06-15
300251.SZ,long,9708,9881,173,-0.062028844732559395,revert,2026-06-17
300251.SZ,long,10368,10604,236,-0.6491754122938458,stop,2026-06-23
300251.SZ,long,10619,10845,226,-0.6491754122938477,stop,2026-06-24
300251.SZ,long,10881,11086,205,0.44917541229386243,tp,2026-06-25
300251.SZ,long,11102,11327,225,-0.6491754122938292,stop,2026-06-26
300251.SZ,long,11339,11568,229,0.4491754122938607,tp,2026-06-29
300251.SZ,long,12057,12291,234,0.44917541229386804,tp,2026-07-02
300251.SZ,long,12308,12532,224,-0.6491754122938479,stop,2026-07-03
300251.SZ,long,12614,12773,159,-0.6491754122938412,stop,2026-07-06
300251.SZ,long,12850,13014,164,-0.6491754122938457,stop,2026-07-07
300251.SZ,long,13378,13496,118,-0.2317023306528665,revert,2026-07-09
300251.SZ,long,13742,13978,236,-0.6491754122938399,stop,2026-07-13
300251.SZ,long,13989,14219,230,-0.6491754122938392,stop,2026-07-14
300355.SZ,long,988,1205,217,0.4491754122938593,tp,2026-04-23
300355.SZ,long,3959,4097,138,-0.1499250374812497,revert,2026-05-14
300355.SZ,long,4849,5061,212,-0.6491754122938543,stop,2026-05-20
300355.SZ,long,5193,5302,109,-0.6491754122938543,stop,2026-05-21
300355.SZ,long,5313,5543,230,0.4491754122938532,tp,2026-05-22
300355.SZ,long,5559,5784,225,-0.6491754122938468,stop,2026-05-25
300355.SZ,long,5874,6025,151,-0.6491754122938386,stop,2026-05-26
300355.SZ,long,6075,6266,191,-0.4649095010854057,revert,2026-05-27
300355.SZ,long,6360,6507,147,-0.6491754122938466,stop,2026-05-28
300355.SZ,long,6702,6748,46,-0.461956521739133,revert,2026-05-29
300355.SZ,long,7012,7230,218,0.1611343860780007,revert,2026-06-02
300355.SZ,long,7444,7471,27,-0.1499250374812567,revert,2026-06-03
300355.SZ,long,7494,7712,218,-0.6491754122938443,stop,2026-06-04
300355.SZ,long,7726,7953,227,-0.4751695813330948,revert,2026-06-05
300355.SZ,long,8033,8194,161,-0.6491754122938523,stop,2026-06-08
300355.SZ,long,8485,8676,191,-0.6491754122938587,stop,2026-06-10
300355.SZ,long,8687,8917,230,0.4491754122938634,tp,2026-06-11
300355.SZ,long,8929,9158,229,0.4491754122938629,tp,2026-06-12
300355.SZ,long,9205,9399,194,-0.4849924031272852,revert,2026-06-15
300355.SZ,long,9699,9881,182,-0.49187734899671914,revert,2026-06-17
300355.SZ,long,10052,10122,70,-0.4978347063402156,revert,2026-06-18
300355.SZ,long,10153,10363,210,0.44917541229384994,tp,2026-06-22
300355.SZ,long,10418,10604,186,-0.6491754122938392,stop,2026-06-23
300355.SZ,long,10623,10845,222,-0.5002761777006224,revert,2026-06-24
300355.SZ,long,10864,11086,222,-0.14992503748126315,revert,2026-06-25
300355.SZ,long,11115,11327,212,-0.6491754122938543,stop,2026-06-26
300355.SZ,long,11342,11568,226,0.44917541229383656,tp,2026-06-29
300355.SZ,long,12105,12291,186,0.44917541229386526,tp,2026-07-02
300355.SZ,long,12342,12532,190,-0.5027521574901517,revert,2026-07-03
300355.SZ,long,12600,12773,173,-0.6491754122938408,stop,2026-07-06
300355.SZ,long,12823,13014,191,0.21582615285764467,revert,2026-07-07
300355.SZ,long,13029,13255,226,0.44917541229385255,tp,2026-07-08
300355.SZ,long,13321,13496,175,0.44917541229386887,tp,2026-07-09
300355.SZ,long,13762,13978,216,-0.6491754122938543,stop,2026-07-13
300355.SZ,long,13991,14219,228,0.4491754122938697,tp,2026-07-14
300409.SZ,long,120,241,121,0.22573363431152238,revert,2026-04-17
300409.SZ,long,745,964,219,-0.6491754122938515,stop,2026-04-22
300409.SZ,long,985,1205,220,-0.3372610130206825,revert,2026-04-23
300409.SZ,long,1457,1687,230,0.44917541229385816,tp,2026-04-27
300409.SZ,long,1844,1928,84,-0.649175412293836,stop,2026-04-28
300409.SZ,long,2215,2410,195,0.44917541229385566,tp,2026-04-30
300409.SZ,long,2984,3133,149,-0.22122105673331643,revert,2026-05-08
300409.SZ,long,3146,3374,228,0.44917541229385166,tp,2026-05-11
300409.SZ,long,3385,3615,230,-0.6491754122938448,stop,2026-05-12
300409.SZ,long,3816,3856,40,0.4491754122938594,tp,2026-05-13
300409.SZ,long,3867,4097,230,-0.6491754122938387,stop,2026-05-14
300409.SZ,long,4129,4338,209,-0.27041989865889426,revert,2026-05-15
300409.SZ,long,4605,4820,215,-0.6491754122938568,stop,2026-05-19
300409.SZ,long,5170,5302,132,-0.6491754122938539,stop,2026-05-21
300409.SZ,long,5562,5784,222,-0.19039932810246235,revert,2026-05-25
300409.SZ,long,6130,6266,136,-0.6491754122938453,stop,2026-05-27
300409.SZ,long,6279,6507,228,-0.6491754122938396,stop,2026-05-28
300409.SZ,long,6518,6748,230,-0.6491754122938533,stop,2026-05-29
300409.SZ,long,6833,6989,156,-0.6491754122938386,stop,2026-06-01
300409.SZ,long,7004,7230,226,-0.6021445798839887,revert,2026-06-02
300409.SZ,long,7435,7471,36,0.07309271822897315,revert,2026-06-03
300409.SZ,long,7588,7712,124,0.44917541229385444,tp,2026-06-04
300409.SZ,long,7723,7953,230,-0.6491754122938328,stop,2026-06-05
300409.SZ,long,8007,8194,187,-0.6491754122938435,stop,2026-06-08
300409.SZ,long,8217,8435,218,0.4491754122938496,tp,2026-06-09
300409.SZ,long,8470,8676,206,-0.649175412293858,stop,2026-06-10
300409.SZ,long,8724,8917,193,0.4491754122938561,tp,2026-06-11
300409.SZ,long,9765,9881,116,0.44917541229386726,tp,2026-06-17
300409.SZ,long,9956,10122,166,-0.6491754122938497,stop,2026-06-18
300409.SZ,long,10151,10363,212,0.4491754122938589,tp,2026-06-22
300409.SZ,long,10379,10604,225,-0.6491754122938543,stop,2026-06-23
300409.SZ,long,10682,10845,163,-0.6121939030484792,revert,2026-06-24
300409.SZ,long,10870,11086,216,-0.5288627033731615,revert,2026-06-25
300409.SZ,long,11097,11327,230,-0.6491754122938335,stop,2026-06-26
300409.SZ,long,11346,11568,222,0.4491754122938538,tp,2026-06-29
300409.SZ,long,12056,12291,235,-0.6491754122938396,stop,2026-07-02
300409.SZ,long,12580,12773,193,-0.6491754122938446,stop,2026-07-06
300409.SZ,long,12823,13014,191,-0.6491754122938568,stop,2026-07-07
300409.SZ,long,13028,13255,227,-0.6491754122938292,stop,2026-07-08
300409.SZ,long,13272,13496,224,-0.3108005610513758,revert,2026-07-09
300409.SZ,long,13709,13737,28,-0.6491754122938598,stop,2026-07-10
300409.SZ,long,13748,13978,230,-0.6491754122938418,stop,2026-07-13
300409.SZ,long,14010,14219,209,0.449175412293853,tp,2026-07-14
300409.SZ,long,14348,14460,112,-0.6491754122938415,stop,2026-07-15
300452.SZ,long,495,723,228,-0.42423843023545,revert,2026-04-21
300452.SZ,long,970,1205,235,-0.6491754122938467,stop,2026-04-23
300452.SZ,long,1741,1928,187,0.13638342119261757,revert,2026-04-28
300452.SZ,long,4276,4338,62,-0.37132209948241435,revert,2026-05-15
300452.SZ,long,4676,4820,144,0.4491754122938528,tp,2026-05-19
300452.SZ,long,5121,5302,181,-0.6491754122938491,stop,2026-05-21
300452.SZ,long,5572,5784,212,-0.5408806951261753,revert,2026-05-25
300452.SZ,long,5877,6025,148,0.44917541229385377,tp,2026-05-26
300452.SZ,long,6056,6266,210,-0.3112337207809777,revert,2026-05-27
300452.SZ,long,6622,6748,126,0.008567144998955516,revert,2026-05-29
300452.SZ,long,7028,7230,202,0.08446480984862927,revert,2026-06-02
300452.SZ,long,7294,7471,177,0.08933233063980836,revert,2026-06-03
300452.SZ,long,7489,7712,223,-0.6491754122938467,stop,2026-06-04
300452.SZ,long,8042,8194,152,-0.649175412293849,stop,2026-06-08
300452.SZ,long,8685,8917,232,0.44917541229385705,tp,2026-06-11
300452.SZ,long,8934,9158,224,0.44917541229385005,tp,2026-06-12
300452.SZ,long,9214,9399,185,-0.31442268980830973,revert,2026-06-15
300452.SZ,long,10135,10363,228,0.4491754122938553,tp,2026-06-22
300452.SZ,long,10640,10845,205,-0.649175412293844,stop,2026-06-24
300452.SZ,long,10865,11086,221,-0.6491754122938457,stop,2026-06-25
300452.SZ,long,11102,11327,225,-0.6491754122938389,stop,2026-06-26
300452.SZ,long,11341,11568,227,0.4491754122938536,tp,2026-06-29
300452.SZ,long,11621,11809,188,-0.5766347595432817,revert,2026-06-30
300452.SZ,long,12057,12291,234,0.4491754122938524,tp,2026-07-02
300452.SZ,long,12348,12532,184,0.44917541229384794,tp,2026-07-03
300452.SZ,long,12636,12773,137,0.4491754122938614,tp,2026-07-06
300452.SZ,long,12835,13014,179,-0.6434179944623986,revert,2026-07-07
300452.SZ,long,13059,13255,196,-0.649175412293848,stop,2026-07-08
300452.SZ,long,13312,13497,185,-0.649175412293865,stop,2026-07-09
300452.SZ,long,14379,14460,81,-0.6491754122938622,stop,2026-07-15
300493.SZ,long,986,1205,219,-0.6491754122938479,stop,2026-04-23
300493.SZ,long,1242,1446,204,0.4491754122938586,tp,2026-04-24
300493.SZ,long,1696,1928,232,-0.6491754122938533,stop,2026-04-28
300493.SZ,long,2597,2651,54,0.4491754122938663,tp,2026-05-06
300493.SZ,long,3485,3615,130,-0.6491754122938594,stop,2026-05-12
300493.SZ,long,3866,4097,231,-0.5069574866917189,revert,2026-05-14
300493.SZ,long,4126,4338,212,-0.6491754122938456,stop,2026-05-15
300493.SZ,long,4862,5061,199,0.44917541229385577,tp,2026-05-20
300493.SZ,long,5169,5302,133,-0.6491754122938397,stop,2026-05-21
300493.SZ,long,6062,6266,204,0.44917541229387226,tp,2026-05-27
300493.SZ,long,6327,6507,180,-0.5399643928035945,revert,2026-05-28
300493.SZ,long,6518,6748,230,-0.6491754122938397,stop,2026-05-29
300493.SZ,long,6821,6989,168,-0.6491754122938398,stop,2026-06-01
300493.SZ,long,7009,7230,221,-0.6491754122938475,stop,2026-06-02
300493.SZ,long,7385,7471,86,-0.6491754122938407,stop,2026-06-03
300493.SZ,long,7719,7953,234,0.4491754122938554,tp,2026-06-05
300493.SZ,long,7986,8194,208,-0.6491754122938358,stop,2026-06-08
300493.SZ,long,8208,8435,227,0.27984572993274776,revert,2026-06-09
300493.SZ,long,8470,8676,206,-0.649175412293843,stop,2026-06-10
300493.SZ,long,8687,8917,230,0.4491754122938731,tp,2026-06-11
300493.SZ,long,8929,9158,229,-0.6491754122938433,stop,2026-06-12
300493.SZ,long,9409,9640,231,0.44917541229385377,tp,2026-06-16
300493.SZ,long,10150,10363,213,-0.6380189793371455,revert,2026-06-22
300493.SZ,long,10554,10604,50,-0.5651020643524302,revert,2026-06-23
300493.SZ,long,10616,10845,229,0.44917541229385244,tp,2026-06-24
300493.SZ,long,10876,11086,210,0.4491754122938514,tp,2026-06-25
300493.SZ,long,11097,11327,230,-0.00758708315120405,revert,2026-06-26
300493.SZ,long,11338,11568,230,-0.6491754122938456,stop,2026-06-29
300493.SZ,long,11874,12050,176,-0.6491754122938543,stop,2026-07-01
300493.SZ,long,12205,12291,86,-0.6491754122938456,stop,2026-07-02
300493.SZ,long,12311,12532,221,0.44917541229384933,tp,2026-07-03
300493.SZ,long,12543,12773,230,0.44917541229385677,tp,2026-07-06
300493.SZ,long,12851,13014,163,-0.6491754122938507,stop,2026-07-07
300493.SZ,long,13025,13255,230,-0.649175412293849,stop,2026-07-08
300493.SZ,long,13273,13496,223,0.44917541229386,tp,2026-07-09
300493.SZ,long,13677,13737,60,-0.6491754122938543,stop,2026-07-10
300493.SZ,long,13765,13978,213,-0.6491754122938451,stop,2026-07-13
300493.SZ,long,13989,14219,230,0.4491754122938632,tp,2026-07-14
300493.SZ,long,14230,14460,230,-0.6491754122938442,stop,2026-07-15
300539.SZ,long,831,964,133,-0.21348332835494144,revert,2026-04-22
300539.SZ,long,977,1205,228,-0.6491754122938382,stop,2026-04-23
300539.SZ,long,1219,1446,227,-0.6491754122938423,stop,2026-04-24
300539.SZ,long,1696,1928,232,-0.6491754122938521,stop,2026-04-28
300539.SZ,long,2070,2169,99,-0.503126576082288,revert,2026-04-29
300539.SZ,long,2400,2410,10,-0.14992503748125602,revert,2026-04-30
300539.SZ,long,2600,2651,51,0.4491754122938627,tp,2026-05-06
300539.SZ,long,3145,3374,229,0.4491754122938617,tp,2026-05-11
300539.SZ,long,3422,3615,193,-0.6491754122938509,stop,2026-05-12
300539.SZ,long,3874,4097,223,-0.6491754122938551,stop,2026-05-14
300539.SZ,long,4120,4338,218,0.449175412293862,tp,2026-05-15
300539.SZ,long,4382,4579,197,0.0629749091339417,revert,2026-05-18
300539.SZ,long,4592,4820,228,-0.6491754122938346,stop,2026-05-19
300539.SZ,long,4831,5061,230,0.4491754122938627,tp,2026-05-20
300539.SZ,long,5191,5302,111,-0.6491754122938448,stop,2026-05-21
300539.SZ,long,5353,5543,190,-0.6491754122938479,stop,2026-05-22
300539.SZ,long,5562,5784,222,-0.6491754122938459,stop,2026-05-25
300539.SZ,long,5797,6025,228,-0.6491754122938518,stop,2026-05-26
300539.SZ,long,6036,6266,230,-0.6491754122938478,stop,2026-05-27
300539.SZ,long,6294,6507,213,0.44917541229386393,tp,2026-05-28
300539.SZ,long,6518,6748,230,-0.6491754122938445,stop,2026-05-29
300539.SZ,long,6824,6991,167,-0.10878367985350763,revert,2026-06-01
300539.SZ,long,7002,7230,228,-0.6491754122938501,stop,2026-06-02
300539.SZ,long,7406,7471,65,-0.6491754122938369,stop,2026-06-03
300539.SZ,long,7601,7712,111,0.4491754122938609,tp,2026-06-04
300539.SZ,long,7723,7953,230,0.4491754122938504,tp,2026-06-05
300539.SZ,long,8033,8194,161,-0.14992503748125321,revert,2026-06-08
300539.SZ,long,8218,8435,217,0.4491754122938736,tp,2026-06-09
300539.SZ,long,8450,8676,226,-0.649175412293838,stop,2026-06-10
300539.SZ,long,8723,8917,194,0.4491754122938504,tp,2026-06-11
300539.SZ,long,8929,9158,229,-0.5081315844319981,revert,2026-06-12
300539.SZ,long,9698,9881,183,-0.6491754122938522,stop,2026-06-17
300539.SZ,long,9967,10122,155,-0.6491754122938646,stop,2026-06-18
300539.SZ,long,10151,10363,212,0.4491754122938637,tp,2026-06-22
300539.SZ,long,10569,10604,35,-0.1499250374812524,revert,2026-06-23
300539.SZ,long,10615,10845,230,0.4491754122938467,tp,2026-06-24
300539.SZ,long,10870,11086,216,-0.6491754122938483,stop,2026-06-25
300539.SZ,long,11107,11327,220,-0.649175412293832,stop,2026-06-26
300539.SZ,long,11343,11568,225,-0.04937108485033239,revert,2026-06-29
300539.SZ,long,12061,12291,230,-0.6491754122938449,stop,2026-07-02
300539.SZ,long,12543,12773,230,-0.6491754122938468,stop,2026-07-06
300539.SZ,long,12784,13014,230,-0.6491754122938522,stop,2026-07-07
300539.SZ,long,13025,13255,230,0.4491754122938647,tp,2026-07-08
300539.SZ,long,13279,13496,217,-0.649175412293847,stop,2026-07-09
300539.SZ,long,13747,13978,231,-0.6491754122938469,stop,2026-07-13
300539.SZ,long,13989,14219,230,0.44917541229385305,tp,2026-07-14
300539.SZ,long,14350,14460,110,-0.6491754122938649,stop,2026-07-15
300588.SZ,long,205,241,36,-0.14992503748125263,revert,2026-04-17
300588.SZ,long,276,482,206,0.44917541229387226,tp,2026-04-20
300588.SZ,long,980,1205,225,-0.6491754122938456,stop,2026-04-23
300588.SZ,long,1218,1446,228,0.4491754122938555,tp,2026-04-24
300588.SZ,long,1532,1687,155,-0.6491754122938476,stop,2026-04-27
300588.SZ,long,1698,1928,230,-0.6491754122938443,stop,2026-04-28
300588.SZ,long,1964,2169,205,0.4491754122938584,tp,2026-04-29
300588.SZ,long,2471,2651,180,-0.6491754122938391,stop,2026-05-06
300588.SZ,long,2772,2892,120,-0.6491754122938587,stop,2026-05-07
300588.SZ,long,3163,3374,211,-0.6491754122938458,stop,2026-05-11
300588.SZ,long,3435,3615,180,0.02877755752995872,revert,2026-05-12
300588.SZ,long,3656,3856,200,0.44917541229385394,tp,2026-05-13
300588.SZ,long,3867,4097,230,0.44917541229385083,tp,2026-05-14
300588.SZ,long,4116,4338,222,0.44917541229386077,tp,2026-05-15
300588.SZ,long,4391,4579,188,-0.38788994444626035,revert,2026-05-18
300588.SZ,long,4598,4820,222,0.04117558445659682,revert,2026-05-19
300588.SZ,long,4831,5061,230,0.4491754122938695,tp,2026-05-20
300588.SZ,long,5158,5302,144,-0.6491754122938675,stop,2026-05-21
300588.SZ,long,5555,5784,229,-0.6491754122938531,stop,2026-05-25
300588.SZ,long,5795,6025,230,0.44917541229384883,tp,2026-05-26
300588.SZ,long,6036,6266,230,-0.6491754122938582,stop,2026-05-27
300588.SZ,long,6355,6507,152,0.44917541229384794,tp,2026-05-28
300588.SZ,long,6528,6748,220,-0.35443107939118945,revert,2026-05-29
300588.SZ,long,6765,6989,224,-0.649175412293844,stop,2026-06-01
300588.SZ,long,7000,7230,230,0.44917541229384195,tp,2026-06-02
300588.SZ,long,7275,7471,196,-0.6491754122938594,stop,2026-06-03
300588.SZ,long,7483,7712,229,-0.6491754122938491,stop,2026-06-04
300588.SZ,long,7724,7953,229,0.4491754122938745,tp,2026-06-05
300588.SZ,long,7975,8194,219,-0.6491754122938648,stop,2026-06-08
300588.SZ,long,8324,8435,111,0.44917541229385993,tp,2026-06-09
300588.SZ,long,8473,8676,203,-0.6491754122938697,stop,2026-06-10
300588.SZ,long,8687,8917,230,0.4491754122938615,tp,2026-06-11
300588.SZ,long,8929,9158,229,0.44917541229385005,tp,2026-06-12
300588.SZ,long,9432,9640,208,-0.6491754122938452,stop,2026-06-16
300588.SZ,long,9652,9881,229,0.44917541229385904,tp,2026-06-17
300588.SZ,long,9939,10122,183,0.3554317316246986,revert,2026-06-18
300588.SZ,long,10133,10363,230,-0.6491754122938372,stop,2026-06-22
300588.SZ,long,10475,10604,129,-0.6491754122938467,stop,2026-06-23
300588.SZ,long,10615,10845,230,0.449175412293862,tp,2026-06-24
300588.SZ,long,10859,11086,227,0.44917541229386415,tp,2026-06-25
300588.SZ,long,11112,11327,215,0.10976306385169741,revert,2026-06-26
300588.SZ,long,11343,11568,225,-0.6491754122938447,stop,2026-06-29
300588.SZ,long,11845,12050,205,0.4491754122938641,tp,2026-07-01
300588.SZ,long,12190,12291,101,-0.24061538712930952,revert,2026-07-02
300588.SZ,long,12311,12532,221,-0.6491754122938521,stop,2026-07-03
300588.SZ,long,12543,12773,230,-0.649175412293858,stop,2026-07-06
300588.SZ,long,13023,13255,232,-0.6491754122938513,stop,2026-07-08
300588.SZ,long,13266,13496,230,-0.6491754122938433,stop,2026-07-09
300588.SZ,long,13747,13978,231,-0.6491754122938408,stop,2026-07-13
300588.SZ,long,13989,14219,230,-0.6491754122938511,stop,2026-07-14
300588.SZ,long,14313,14460,147,-0.10422706267003315,revert,2026-07-15
300634.SZ,long,987,1205,218,-0.6491754122938403,stop,2026-04-23
300634.SZ,long,1216,1446,230,0.44917541229386937,tp,2026-04-24
300634.SZ,long,1696,1928,232,-0.6491754122938496,stop,2026-04-28
300634.SZ,long,2176,2410,234,-0.5404729186906047,revert,2026-04-30
300634.SZ,long,2646,2651,5,0.44917541229385816,tp,2026-05-06
300634.SZ,long,2664,2892,228,0.4491754122938603,tp,2026-05-07
300634.SZ,long,2984,3133,149,0.44917541229386193,tp,2026-05-08
300634.SZ,long,3144,3374,230,-0.35091150077133654,revert,2026-05-11
300634.SZ,long,3485,3615,130,-0.3978970779510703,revert,2026-05-12
300634.SZ,long,3861,4097,236,-0.6491754122938372,stop,2026-05-14
300634.SZ,long,4131,4338,207,0.02032231965859807,revert,2026-05-15
300634.SZ,long,4854,5061,207,0.4491754122938594,tp,2026-05-20
300634.SZ,long,5095,5302,207,-0.6491754122938441,stop,2026-05-21
300634.SZ,long,5328,5543,215,0.4491754122938528,tp,2026-05-22
300634.SZ,long,5554,5784,230,-0.6491754122938443,stop,2026-05-25
300634.SZ,long,5969,6025,56,0.44917541229385594,tp,2026-05-26
300634.SZ,long,6069,6266,197,-0.6491754122938481,stop,2026-05-27
300634.SZ,long,6296,6507,211,0.4491754122938518,tp,2026-05-28
300634.SZ,long,6518,6748,230,-0.6491754122938618,stop,2026-05-29
300634.SZ,long,6965,6989,24,0.15357063109785862,revert,2026-06-01
300634.SZ,long,7000,7230,230,-0.6491754122938515,stop,2026-06-02
300634.SZ,long,7419,7471,52,-0.6491754122938491,stop,2026-06-03
300634.SZ,long,7539,7712,173,0.4491754122938566,tp,2026-06-04
300634.SZ,long,7723,7953,230,-0.6491754122938551,stop,2026-06-05
300634.SZ,long,8105,8194,89,0.23231684880655837,revert,2026-06-08
300634.SZ,long,8207,8435,228,0.4491754122938554,tp,2026-06-09
300634.SZ,long,8477,8676,199,-0.6491754122938649,stop,2026-06-10
300634.SZ,long,8687,8917,230,-0.6491754122938489,stop,2026-06-11
300634.SZ,long,8933,9158,225,0.4491754122938492,tp,2026-06-12
300634.SZ,long,9238,9399,161,0.44917541229386615,tp,2026-06-15
300634.SZ,long,10127,10363,236,-0.1950448183048059,revert,2026-06-22
300634.SZ,long,10479,10604,125,-0.5120286638185628,revert,2026-06-23
300634.SZ,long,10620,10845,225,0.44917541229385677,tp,2026-06-24
300634.SZ,long,10864,11086,222,-0.6491754122938462,stop,2026-06-25
300634.SZ,long,11098,11327,229,-0.6491754122938429,stop,2026-06-26
300634.SZ,long,11343,11568,225,-0.649175412293844,stop,2026-06-29
300634.SZ,long,11815,12050,235,0.4491754122938528,tp,2026-07-01
300634.SZ,long,12111,12291,180,-0.6491754122938418,stop,2026-07-02
300634.SZ,long,12358,12532,174,-0.048554403001545315,revert,2026-07-03
300634.SZ,long,12565,12773,208,-0.6491754122938479,stop,2026-07-06
300634.SZ,long,12811,13014,203,-0.6491754122938503,stop,2026-07-07
300634.SZ,long,13342,13496,154,0.059075642712398374,revert,2026-07-09
300634.SZ,long,13683,13737,54,-0.6491754122938455,stop,2026-07-10
300634.SZ,long,13748,13978,230,-0.6491754122938361,stop,2026-07-13
300634.SZ,long,13989,14219,230,0.44917541229386865,tp,2026-07-14
300634.SZ,long,14391,14460,69,-0.3652351721713111,revert,2026-07-15
300684.SZ,long,126,241,115,-0.13318009785985002,revert,2026-04-17
300684.SZ,long,405,482,77,-0.6491754122938483,stop,2026-04-20
300684.SZ,long,493,723,230,0.4491754122938651,tp,2026-04-21
300684.SZ,long,987,1205,218,-0.6491754122938476,stop,2026-04-23
300684.SZ,long,1219,1446,227,-0.6491754122938571,stop,2026-04-24
300684.SZ,long,1693,1928,235,-0.6491754122938544,stop,2026-04-28
300684.SZ,long,1962,2169,207,0.228568026456092,revert,2026-04-29
300684.SZ,long,2182,2410,228,0.449175412293858,tp,2026-04-30
300684.SZ,long,3380,3615,235,-0.4973944536747616,revert,2026-05-12
300684.SZ,long,3714,3856,142,0.4491754122938657,tp,2026-05-13
300684.SZ,long,3879,4097,218,-0.6491754122938466,stop,2026-05-14
300684.SZ,long,4108,4338,230,-0.6491754122938554,stop,2026-05-15
300684.SZ,long,4520,4579,59,0.0858086976747816,revert,2026-05-18
300684.SZ,long,4611,4820,209,0.44917541229386354,tp,2026-05-19
300684.SZ,long,5131,5302,171,-0.6491754122938546,stop,2026-05-21
300684.SZ,long,5353,5543,190,0.4491754122938558,tp,2026-05-22
300684.SZ,long,5566,5784,218,0.44917541229385777,tp,2026-05-25
300684.SZ,long,5799,6025,226,0.31092146234576645,revert,2026-05-26
300684.SZ,long,6036,6266,230,-0.6491754122938503,stop,2026-05-27
300684.SZ,long,6318,6507,189,0.44917541229386226,tp,2026-05-28
300684.SZ,long,6518,6748,230,-0.6491754122938366,stop,2026-05-29
300684.SZ,long,6759,6989,230,0.44917541229385255,tp,2026-06-01
300684.SZ,long,7009,7230,221,0.44917541229385516,tp,2026-06-02
300684.SZ,long,7256,7471,215,-0.6491754122938455,stop,2026-06-03
300684.SZ,long,7489,7712,223,-0.6491754122938548,stop,2026-06-04
300684.SZ,long,7916,7953,37,-0.6491754122938481,stop,2026-06-05
300684.SZ,long,8045,8194,149,-0.07433830397442692,revert,2026-06-08
300684.SZ,long,8205,8435,230,0.44917541229386426,tp,2026-06-09
300684.SZ,long,8469,8676,207,-0.649175412293844,stop,2026-06-10
300684.SZ,long,8929,9158,229,-0.6491754122938396,stop,2026-06-12
300684.SZ,long,9747,9881,134,0.44917541229385316,tp,2026-06-17
300684.SZ,long,10130,10363,233,0.4491754122938617,tp,2026-06-22
300684.SZ,long,10374,10604,230,-0.6491754122938468,stop,2026-06-23
300684.SZ,long,10615,10845,230,0.44917541229386276,tp,2026-06-24
300684.SZ,long,10897,11086,189,-0.6491754122938425,stop,2026-06-25
300684.SZ,long,11159,11327,168,-0.6491754122938513,stop,2026-06-26
300684.SZ,long,11366,11568,202,-0.6491754122938566,stop,2026-06-29
300684.SZ,long,11838,12050,212,-0.6491754122938443,stop,2026-07-01
300684.SZ,long,12066,12291,225,0.4491754122938572,tp,2026-07-02
300684.SZ,long,12341,12532,191,0.4491754122938575,tp,2026-07-03
300684.SZ,long,12779,13014,235,0.4491754122938634,tp,2026-07-07
300684.SZ,long,13025,13255,230,-0.6491754122938506,stop,2026-07-08
300684.SZ,long,13269,13496,227,0.44917541229386193,tp,2026-07-09
300684.SZ,long,13592,13737,145,-0.6491754122938593,stop,2026-07-10
300684.SZ,long,13748,13978,230,-0.6491754122938526,stop,2026-07-13
300684.SZ,long,13989,14219,230,0.44917541229385005,tp,2026-07-14
300684.SZ,long,14315,14460,145,-0.6491754122938338,stop,2026-07-15
300731.SZ,long,12,241,229,0.44917541229385477,tp,2026-04-17
300731.SZ,long,325,482,157,-0.6491754122938493,stop,2026-04-20
300731.SZ,long,493,723,230,-0.5393873339053198,revert,2026-04-21
300731.SZ,long,755,964,209,0.4491754122938435,tp,2026-04-22
300731.SZ,long,1002,1205,203,-0.6491754122938499,stop,2026-04-23
300731.SZ,long,1223,1446,223,0.4491754122938632,tp,2026-04-24
300731.SZ,long,1482,1687,205,-0.6491754122938428,stop,2026-04-27
300731.SZ,long,1838,1928,90,-0.649175412293844,stop,2026-04-28
300731.SZ,long,1970,2169,199,-0.6491754122938493,stop,2026-04-29
300731.SZ,long,2207,2410,203,0.44917541229385716,tp,2026-04-30
300731.SZ,long,2922,3133,211,0.44917541229384933,tp,2026-05-08
300731.SZ,long,3280,3374,94,-0.1629094425479001,revert,2026-05-11
300731.SZ,long,3385,3615,230,0.44917541229385716,tp,2026-05-12
300731.SZ,long,3636,3856,220,0.4491754122938558,tp,2026-05-13
300731.SZ,long,4117,4338,221,-0.6491754122938559,stop,2026-05-15
300731.SZ,long,4514,4579,65,0.44917541229386365,tp,2026-05-18
300731.SZ,long,4615,4820,205,0.4491754122938544,tp,2026-05-19
300731.SZ,long,4863,5061,198,0.44917541229385105,tp,2026-05-20
300731.SZ,long,5075,5302,227,-0.6491754122938521,stop,2026-05-21
300731.SZ,long,5353,5543,190,0.4491754122938561,tp,2026-05-22
300731.SZ,long,5560,5784,224,0.008802296605003462,revert,2026-05-25
300731.SZ,long,5799,6025,226,-0.6491754122938517,stop,2026-05-26
300731.SZ,long,6141,6266,125,-0.6491754122938479,stop,2026-05-27
300731.SZ,long,6315,6507,192,0.4491754122938752,tp,2026-05-28
300731.SZ,long,6518,6748,230,-0.6491754122938486,stop,2026-05-29
300731.SZ,long,6759,6989,230,0.44917541229385366,tp,2026-06-01
300731.SZ,long,7000,7230,230,-0.649175412293847,stop,2026-06-02
300731.SZ,long,7249,7471,222,-0.6491754122938451,stop,2026-06-03
300731.SZ,long,7485,7712,227,0.4491754122938574,tp,2026-06-04
300731.SZ,long,7863,7953,90,-0.6491754122938459,stop,2026-06-05
300731.SZ,long,7966,8194,228,-0.649175412293858,stop,2026-06-08
300731.SZ,long,8247,8435,188,0.44917541229386504,tp,2026-06-09
300731.SZ,long,8477,8676,199,0.44917541229385116,tp,2026-06-10
300731.SZ,long,8776,8917,141,0.4491754122938646,tp,2026-06-11
300731.SZ,long,8932,9158,226,-0.649175412293843,stop,2026-06-12
300731.SZ,long,9241,9399,158,0.44917541229384905,tp,2026-06-15
300731.SZ,long,9435,9640,205,-0.649175412293851,stop,2026-06-16
300731.SZ,long,9651,9881,230,0.44917541229385427,tp,2026-06-17
300731.SZ,long,10162,10363,201,-0.5828706009930634,revert,2026-06-22
300731.SZ,long,10374,10604,230,-0.6491754122938519,stop,2026-06-23
300731.SZ,long,10617,10845,228,0.44917541229384506,tp,2026-06-24
300731.SZ,long,10902,11086,184,-0.649175412293854,stop,2026-06-25
300731.SZ,long,11097,11327,230,-0.6491754122938622,stop,2026-06-26
300731.SZ,long,11367,11568,201,-0.649175412293841,stop,2026-06-29
300731.SZ,long,11851,12050,199,-0.6491754122938498,stop,2026-07-01
300731.SZ,long,12063,12291,228,0.44917541229385377,tp,2026-07-02
300731.SZ,long,12313,12532,219,-0.6491754122938534,stop,2026-07-03
300731.SZ,long,12566,12773,207,-0.6491754122938594,stop,2026-07-06
300731.SZ,long,12813,13014,201,0.44917541229386526,tp,2026-07-07
300731.SZ,long,13025,13255,230,-0.6491754122938419,stop,2026-07-08
300731.SZ,long,13271,13496,225,0.4491754122938612,tp,2026-07-09
300731.SZ,long,13528,13737,209,-0.6491754122938553,stop,2026-07-10
300731.SZ,long,13748,13978,230,-0.6491754122938622,stop,2026-07-13
300731.SZ,long,13989,14219,230,0.4491754122938743,tp,2026-07-14
300731.SZ,long,14230,14460,230,-0.6491754122938478,stop,2026-07-15
300832.SZ,long,498,723,225,-0.6491754122938393,stop,2026-04-21
300832.SZ,long,1294,1446,152,-0.6491754122938345,stop,2026-04-24
300832.SZ,long,1503,1687,184,0.449175412293847,tp,2026-04-27
300832.SZ,long,1980,2169,189,-0.6491754122938541,stop,2026-04-29
300832.SZ,long,2294,2410,116,-0.004944634092394212,revert,2026-04-30
300832.SZ,long,3033,3133,100,0.08218629484919696,revert,2026-05-08
300832.SZ,long,3638,3856,218,-0.6491754122938458,stop,2026-05-13
300832.SZ,long,3890,4097,207,-0.6491754122938456,stop,2026-05-14
300832.SZ,long,4441,4579,138,-0.6491754122938465,stop,2026-05-18
300832.SZ,long,4841,5061,220,-0.6491754122938492,stop,2026-05-20
300832.SZ,long,5330,5543,213,-0.6491754122938449,stop,2026-05-22
300832.SZ,long,5559,5784,225,0.21046801440043877,revert,2026-05-25
300832.SZ,long,6140,6266,126,0.44917541229385377,tp,2026-05-27
300832.SZ,long,6279,6507,228,0.04164406818123217,revert,2026-05-28
300832.SZ,long,6581,6748,167,-0.6491754122938496,stop,2026-05-29
300832.SZ,long,7001,7230,229,-0.6491754122938467,stop,2026-06-02
300832.SZ,long,7447,7471,24,0.43822674073021384,revert,2026-06-03
300832.SZ,long,7486,7712,226,0.4491754122938384,tp,2026-06-04
300832.SZ,long,7741,7953,212,0.4491754122938708,tp,2026-06-05
300832.SZ,long,8017,8194,177,0.4491754122938686,tp,2026-06-08
300832.SZ,long,8287,8435,148,-0.6491754122938527,stop,2026-06-09
300832.SZ,long,8458,8676,218,-0.6491754122938498,stop,2026-06-10
300832.SZ,long,8691,8917,226,0.4491754122938652,tp,2026-06-11
300832.SZ,long,9245,9399,154,0.4491754122938444,tp,2026-06-15
300832.SZ,long,9696,9881,185,0.4348142162228838,revert,2026-06-17
300832.SZ,long,9895,10122,227,-0.6491754122938328,stop,2026-06-18
300832.SZ,long,10461,10604,143,0.4491754122938473,tp,2026-06-23
300832.SZ,long,10660,10845,185,-0.649175412293846,stop,2026-06-24
300832.SZ,long,10863,11086,223,0.44917541229385993,tp,2026-06-25
300832.SZ,long,11098,11327,229,0.11096589472486297,revert,2026-06-26
300832.SZ,long,11339,11568,229,0.4491754122938593,tp,2026-06-29
300832.SZ,long,11586,11809,223,0.3049182673108472,revert,2026-06-30
300832.SZ,long,11827,12050,223,0.4491754122938771,tp,2026-07-01
300832.SZ,long,12072,12291,219,0.4491754122938469,tp,2026-07-02
300832.SZ,long,12303,12532,229,0.05334360641439122,revert,2026-07-03
300832.SZ,long,12549,12773,224,-0.6491754122938433,stop,2026-07-06
300832.SZ,long,12899,13014,115,-0.04873418370621621,revert,2026-07-07
300832.SZ,long,14002,14219,217,0.01082715312077834,revert,2026-07-14
300832.SZ,long,14367,14460,93,-0.26456347027404076,revert,2026-07-15
300876.SZ,long,277,482,205,0.4491754122938482,tp,2026-04-20
300876.SZ,long,745,964,219,0.4491754122938567,tp,2026-04-22
300876.SZ,long,981,1205,224,-0.6491754122938712,stop,2026-04-23
300876.SZ,long,1228,1446,218,0.4491754122938456,tp,2026-04-24
300876.SZ,long,1693,1928,235,-0.6491754122938538,stop,2026-04-28
300876.SZ,long,2540,2651,111,-0.540727679213217,revert,2026-05-06
300876.SZ,long,3145,3374,229,0.44917541229386443,tp,2026-05-11
300876.SZ,long,3435,3615,180,-0.6491754122938518,stop,2026-05-12
300876.SZ,long,3698,3856,158,0.4491754122938709,tp,2026-05-13
300876.SZ,long,3867,4097,230,0.44917541229385416,tp,2026-05-14
300876.SZ,long,4120,4338,218,-0.6491754122938445,stop,2026-05-15
300876.SZ,long,4563,4579,16,0.4491754122938617,tp,2026-05-18
300876.SZ,long,4594,4820,226,0.449175412293853,tp,2026-05-19
300876.SZ,long,4843,5061,218,-0.6491754122938411,stop,2026-05-20
300876.SZ,long,5088,5302,214,-0.649175412293847,stop,2026-05-21
300876.SZ,long,5568,5784,216,-0.6491754122938522,stop,2026-05-25
300876.SZ,long,5820,6025,205,-0.6491754122938642,stop,2026-05-26
300876.SZ,long,6036,6266,230,0.14559867679922453,revert,2026-05-27
300876.SZ,long,6282,6507,225,0.10971483054905078,revert,2026-05-28
300876.SZ,long,6518,6748,230,-0.6491754122938426,stop,2026-05-29
300876.SZ,long,6994,7230,236,-0.6491754122938477,stop,2026-06-02
300876.SZ,long,7440,7471,31,-0.6491754122938421,stop,2026-06-03
300876.SZ,long,7482,7712,230,-0.6491754122938489,stop,2026-06-04
300876.SZ,long,7723,7953,230,-0.6491754122938287,stop,2026-06-05
300876.SZ,long,7964,8194,230,-0.6491754122938587,stop,2026-06-08
300876.SZ,long,8212,8435,223,-0.6491754122938528,stop,2026-06-09
300876.SZ,long,8447,8676,229,0.34407657024920557,revert,2026-06-10
300876.SZ,long,8926,9158,232,0.44917541229384883,tp,2026-06-12
300876.SZ,long,9174,9399,225,-0.4950289832042259,revert,2026-06-15
300876.SZ,long,9546,9640,94,-0.6491754122938455,stop,2026-06-16
300876.SZ,long,9832,9881,49,0.38658282798901505,revert,2026-06-17
300876.SZ,long,9974,10122,148,-0.649175412293836,stop,2026-06-18
300876.SZ,long,10133,10363,230,0.4491754122938529,tp,2026-06-22
300876.SZ,long,10444,10604,160,0.2182989636097712,revert,2026-06-23
300876.SZ,long,10619,10845,226,-0.6491754122938511,stop,2026-06-24
300876.SZ,long,10873,11086,213,-0.6491754122938479,stop,2026-06-25
300876.SZ,long,11115,11327,212,-0.2173913043478257,revert,2026-06-26
300876.SZ,long,11342,11568,226,0.44917541229386987,tp,2026-06-29
300876.SZ,long,11635,11809,174,0.33748815968586077,revert,2026-06-30
300876.SZ,long,12350,12532,182,0.44917541229385377,tp,2026-07-03
300876.SZ,long,12544,12773,229,-0.6491754122938607,stop,2026-07-06
300876.SZ,long,12796,13014,218,-0.6491754122938543,stop,2026-07-07
300876.SZ,long,13026,13255,229,0.05179228567535615,revert,2026-07-08
300876.SZ,long,13312,13496,184,-0.6491754122938511,stop,2026-07-09
300876.SZ,long,13683,13737,54,-0.3501591450264177,revert,2026-07-10
300876.SZ,long,13748,13978,230,-0.649175412293844,stop,2026-07-13
300876.SZ,long,13990,14219,229,0.44917541229385954,tp,2026-07-14
300876.SZ,long,14313,14460,147,0.4491754122938633,tp,2026-07-15
300918.SZ,long,546,723,177,-0.64917541229384,stop,2026-04-21
300918.SZ,long,977,1205,228,0.12533361162285178,revert,2026-04-23
300918.SZ,long,1223,1446,223,-0.4907102762611761,revert,2026-04-24
300918.SZ,long,1457,1688,231,0.44917541229386954,tp,2026-04-27
300918.SZ,long,1718,1928,210,-0.6491754122938381,stop,2026-04-28
300918.SZ,long,3423,3615,192,-0.6491754122938417,stop,2026-05-12
300918.SZ,long,3867,4097,230,-0.6491754122938456,stop,2026-05-14
300918.SZ,long,4283,4338,55,0.44917541229386054,tp,2026-05-15
300918.SZ,long,4603,4820,217,-0.6491754122938463,stop,2026-05-19
300918.SZ,long,4851,5061,210,-0.08125235868998702,revert,2026-05-20
300918.SZ,long,5270,5302,32,-0.6491754122938539,stop,2026-05-21
300918.SZ,long,5362,5543,181,0.4491754122938633,tp,2026-05-22
300918.SZ,long,5567,5784,217,-0.6491754122938554,stop,2026-05-25
300918.SZ,long,5795,6025,230,-0.6491754122938507,stop,2026-05-26
300918.SZ,long,6036,6266,230,-0.6491754122938458,stop,2026-05-27
300918.SZ,long,6293,6507,214,-0.6491754122938319,stop,2026-05-28
300918.SZ,long,6518,6748,230,-0.6491754122938459,stop,2026-05-29
300918.SZ,long,6766,6989,223,0.44917541229386787,tp,2026-06-01
300918.SZ,long,7000,7230,230,-0.6366029008241544,revert,2026-06-02
300918.SZ,long,7385,7471,86,-0.6491754122938411,stop,2026-06-03
300918.SZ,long,7958,8194,236,-0.6491754122938412,stop,2026-06-08
300918.SZ,long,8279,8435,156,0.4491754122938533,tp,2026-06-09
300918.SZ,long,8449,8676,227,-0.6491754122938465,stop,2026-06-10
300918.SZ,long,8713,8917,204,0.4491754122938647,tp,2026-06-11
300918.SZ,long,8928,9158,230,-0.6491754122938442,stop,2026-06-12
300918.SZ,long,9244,9399,155,-0.39286925880124357,revert,2026-06-15
300918.SZ,long,9823,9881,58,-0.6491754122938463,stop,2026-06-17
300918.SZ,long,9986,10122,136,0.17718413520512036,revert,2026-06-18
300918.SZ,long,10134,10363,229,-0.4020716914270212,revert,2026-06-22
300918.SZ,long,10455,10604,149,-0.6491754122938458,stop,2026-06-23
300918.SZ,long,10616,10845,229,-0.23667575421670986,revert,2026-06-24
300918.SZ,long,10886,11086,200,-0.5052633825436045,revert,2026-06-25
300918.SZ,long,11107,11327,220,-0.6491754122938543,stop,2026-06-26
300918.SZ,long,11339,11568,229,0.44917541229386626,tp,2026-06-29
300918.SZ,long,11590,11809,219,0.4491754122938575,tp,2026-06-30
300918.SZ,long,11849,12050,201,0.44917541229385644,tp,2026-07-01
300918.SZ,long,12173,12291,118,-0.5956843007067804,revert,2026-07-02
300918.SZ,long,12547,12773,226,-0.6491754122938564,stop,2026-07-06
300918.SZ,long,12786,13014,228,-0.6491754122938431,stop,2026-07-07
300918.SZ,long,13025,13255,230,-0.64917541229384,stop,2026-07-08
300918.SZ,long,13317,13496,179,0.44917541229385083,tp,2026-07-09
300918.SZ,long,13746,13978,232,-0.6491754122938457,stop,2026-07-13
300918.SZ,long,13989,14219,230,-0.649175412293852,stop,2026-07-14
300964.SZ,long,5,241,236,0.44917541229387414,tp,2026-04-17
300964.SZ,long,375,482,107,-0.649175412293853,stop,2026-04-20
300964.SZ,long,579,723,144,0.44917541229386077,tp,2026-04-21
300964.SZ,long,748,964,216,-0.6491754122938511,stop,2026-04-22
300964.SZ,long,982,1205,223,-0.649175412293845,stop,2026-04-23
300964.SZ,long,1218,1446,228,0.33343310741578347,revert,2026-04-24
300964.SZ,long,1574,1687,113,-0.6491754122938559,stop,2026-04-27
300964.SZ,long,1699,1928,229,0.4491754122938643,tp,2026-04-28
300964.SZ,long,2123,2169,46,0.44917541229386565,tp,2026-04-29
300964.SZ,long,2188,2410,222,0.449175412293872,tp,2026-04-30
300964.SZ,long,2936,3133,197,-0.2859605619533702,revert,2026-05-08
300964.SZ,long,3157,3374,217,0.44917541229386027,tp,2026-05-11
300964.SZ,long,3393,3615,222,0.44917541229384933,tp,2026-05-12
300964.SZ,long,3862,4097,235,-0.6491754122938477,stop,2026-05-14
300964.SZ,long,4108,4338,230,-0.6491754122938469,stop,2026-05-15
300964.SZ,long,4610,4820,210,0.4491754122938625,tp,2026-05-19
300964.SZ,long,4831,5061,230,0.44917541229386365,tp,2026-05-20
300964.SZ,long,5072,5302,230,0.449175412293858,tp,2026-05-21
300964.SZ,long,5313,5543,230,0.44917541229385083,tp,2026-05-22
300964.SZ,long,5710,5784,74,-0.0027155756578155785,revert,2026-05-25
300964.SZ,long,5795,6025,230,-0.6491754122938513,stop,2026-05-26
300964.SZ,long,6036,6266,230,-0.6491754122938553,stop,2026-05-27
300964.SZ,long,6294,6507,213,0.44917541229386365,tp,2026-05-28
300964.SZ,long,6527,6748,221,-0.6491754122938638,stop,2026-05-29
300964.SZ,long,6823,6989,166,-0.6491754122938468,stop,2026-06-01
300964.SZ,long,7016,7230,214,0.44917541229383934,tp,2026-06-02
300964.SZ,long,7298,7471,173,-0.649175412293853,stop,2026-06-03
300964.SZ,long,7482,7712,230,0.44917541229383745,tp,2026-06-04
300964.SZ,long,7723,7953,230,0.18402170152381603,revert,2026-06-05
300964.SZ,long,7964,8194,230,-0.3479420428605508,revert,2026-06-08
300964.SZ,long,8205,8435,230,0.3016476616550953,revert,2026-06-09
300964.SZ,long,8464,8676,212,-0.6491754122938385,stop,2026-06-10
300964.SZ,long,8801,8917,116,0.4491754122938652,tp,2026-06-11
300964.SZ,long,8938,9158,220,-0.6491754122938475,stop,2026-06-12
300964.SZ,long,9406,9640,234,0.44917541229385777,tp,2026-06-16
300964.SZ,long,9655,9881,226,0.1951789082417452,revert,2026-06-17
300964.SZ,long,10129,10363,234,-0.6491754122938616,stop,2026-06-22
300964.SZ,long,10377,10604,227,0.4491754122938774,tp,2026-06-23
300964.SZ,long,10615,10845,230,0.44917541229386704,tp,2026-06-24
300964.SZ,long,11096,11327,231,-0.6491754122938396,stop,2026-06-26
300964.SZ,long,11349,11568,219,-0.6491754122938423,stop,2026-06-29
300964.SZ,long,11816,12050,234,-0.649175412293827,stop,2026-07-01
300964.SZ,long,12066,12291,225,0.44917541229384683,tp,2026-07-02
300964.SZ,long,12311,12532,221,0.4491754122938569,tp,2026-07-03
300964.SZ,long,12543,12773,230,-0.6491754122938487,stop,2026-07-06
300964.SZ,long,12792,13014,222,-0.6491754122938385,stop,2026-07-07
300964.SZ,long,13025,13255,230,0.44917541229386104,tp,2026-07-08
300964.SZ,long,13266,13496,230,-0.6491754122938488,stop,2026-07-09
300964.SZ,long,13526,13737,211,-0.6491754122938448,stop,2026-07-10
300964.SZ,long,13748,13978,230,-0.6491754122938265,stop,2026-07-13
300964.SZ,long,13989,14219,230,0.44917541229385366,tp,2026-07-14
300964.SZ,long,14230,14460,230,-0.6491754122938459,stop,2026-07-15
301013.SZ,long,114,241,127,0.44917541229385705,tp,2026-04-17
301013.SZ,long,274,482,208,-0.6491754122938554,stop,2026-04-20
301013.SZ,long,578,723,145,-0.649175412293843,stop,2026-04-21
301013.SZ,long,985,1205,220,-0.6491754122938462,stop,2026-04-23
301013.SZ,long,1231,1446,215,0.4491754122938569,tp,2026-04-24
301013.SZ,long,1700,1928,228,-0.6491754122938374,stop,2026-04-28
301013.SZ,long,3379,3615,236,-0.649175412293849,stop,2026-05-12
301013.SZ,long,3899,4097,198,-0.6491754122938527,stop,2026-05-14
301013.SZ,long,4116,4338,222,0.44917541229387103,tp,2026-05-15
301013.SZ,long,4524,4579,55,0.06396302027494552,revert,2026-05-18
301013.SZ,long,4624,4820,196,0.4491754122938574,tp,2026-05-19
301013.SZ,long,5349,5543,194,0.4491754122938658,tp,2026-05-22
301013.SZ,long,5558,5784,226,-0.6491754122938498,stop,2026-05-25
301013.SZ,long,5796,6025,229,0.4491754122938464,tp,2026-05-26
301013.SZ,long,6036,6266,230,0.33639368051197305,revert,2026-05-27
301013.SZ,long,6278,6507,229,-0.5364414566910062,revert,2026-05-28
301013.SZ,long,6518,6748,230,-0.6491754122938516,stop,2026-05-29
301013.SZ,long,6804,6989,185,-0.6491754122938507,stop,2026-06-01
301013.SZ,long,7235,7471,236,0.4491754122938534,tp,2026-06-03
301013.SZ,long,7490,7712,222,-0.4119987250469205,revert,2026-06-04
301013.SZ,long,7723,7953,230,-0.6491754122938502,stop,2026-06-05
301013.SZ,long,7965,8194,229,-0.6491754122938559,stop,2026-06-08
301013.SZ,long,8216,8435,219,0.4491754122938538,tp,2026-06-09
301013.SZ,long,8446,8676,230,-0.6069047855934641,revert,2026-06-10
301013.SZ,long,8699,8917,218,-0.649175412293854,stop,2026-06-11
301013.SZ,long,8928,9158,230,-0.6491754122938423,stop,2026-06-12
301013.SZ,long,9410,9640,230,0.21291482654589383,revert,2026-06-16
301013.SZ,long,9896,10122,226,-0.649175412293834,stop,2026-06-18
301013.SZ,long,10153,10363,210,0.44917541229384994,tp,2026-06-22
301013.SZ,long,10378,10604,226,-0.6256761887609267,revert,2026-06-23
301013.SZ,long,10616,10845,229,0.44917541229386365,tp,2026-06-24
301013.SZ,long,11098,11327,229,-0.6491754122938508,stop,2026-06-26
301013.SZ,long,11353,11568,215,-0.649175412293847,stop,2026-06-29
301013.SZ,long,11579,11809,230,0.44917541229385877,tp,2026-06-30
301013.SZ,long,11824,12050,226,-0.6491754122938455,stop,2026-07-01
301013.SZ,long,12066,12291,225,-0.6491754122938479,stop,2026-07-02
301013.SZ,long,12311,12532,221,0.4491754122938555,tp,2026-07-03
301013.SZ,long,12543,12773,230,-0.649175412293857,stop,2026-07-06
301013.SZ,long,12815,13014,199,0.4491754122938595,tp,2026-07-07
301013.SZ,long,13041,13255,214,0.4491754122938621,tp,2026-07-08
301013.SZ,long,13271,13496,225,-0.6491754122938548,stop,2026-07-09
301013.SZ,long,13531,13737,206,-0.649175412293844,stop,2026-07-10
301013.SZ,long,13748,13978,230,-0.6491754122938567,stop,2026-07-13
301013.SZ,long,13989,14219,230,0.4491754122938646,tp,2026-07-14
301013.SZ,long,14230,14460,230,-0.649175412293852,stop,2026-07-15
301061.SZ,long,8,241,233,0.4491754122938634,tp,2026-04-17
301061.SZ,long,255,482,227,0.44917541229387203,tp,2026-04-20
301061.SZ,long,494,723,229,-0.6491754122938457,stop,2026-04-21
301061.SZ,long,741,964,223,-0.6491754122938433,stop,2026-04-22
301061.SZ,long,1222,1446,224,0.44917541229387203,tp,2026-04-24
301061.SZ,long,1457,1687,230,0.4491754122938492,tp,2026-04-27
301061.SZ,long,1933,2169,236,-0.649175412293843,stop,2026-04-29
301061.SZ,long,2180,2410,230,-0.021086231078011337,revert,2026-04-30
301061.SZ,long,3383,3615,232,-0.45250102221617067,revert,2026-05-12
301061.SZ,long,3627,3856,229,-0.05646162877998243,revert,2026-05-13
301061.SZ,long,3867,4097,230,0.22859364820828534,revert,2026-05-14
301061.SZ,long,4278,4338,60,0.44917541229386027,tp,2026-05-15
301061.SZ,long,4349,4579,230,-0.6491754122938574,stop,2026-05-18
301061.SZ,long,4592,4820,228,-0.6491754122938416,stop,2026-05-19
301061.SZ,long,5185,5302,117,-0.6118883717427593,revert,2026-05-21
301061.SZ,long,5313,5543,230,-0.5398981609551955,revert,2026-05-22
301061.SZ,long,5558,5784,226,-0.6491754122938678,stop,2026-05-25
301061.SZ,long,6037,6266,229,-0.6491754122938515,stop,2026-05-27
301061.SZ,long,6290,6507,217,0.3359071159508237,revert,2026-05-28
301061.SZ,long,6543,6748,205,-0.3402969630532488,revert,2026-05-29
301061.SZ,long,6893,6989,96,0.44917541229387276,tp,2026-06-01
301061.SZ,long,7000,7230,230,-0.6491754122938453,stop,2026-06-02
301061.SZ,long,7387,7471,84,0.44917541229387004,tp,2026-06-03
301061.SZ,long,7594,7712,118,0.2994002998500856,revert,2026-06-04
301061.SZ,long,7985,8194,209,-0.649175412293858,stop,2026-06-08
301061.SZ,long,8224,8435,211,-0.42770723894502816,revert,2026-06-09
301061.SZ,long,8477,8676,199,0.05468577186816781,revert,2026-06-10
301061.SZ,long,9175,9399,224,-0.6491754122938505,stop,2026-06-15
301061.SZ,long,9525,9640,115,-0.6491754122938337,stop,2026-06-16
301061.SZ,long,9653,9881,228,0.44917541229385904,tp,2026-06-17
301061.SZ,long,10046,10122,76,-0.6491754122938459,stop,2026-06-18
301061.SZ,long,10133,10363,230,0.44917541229383606,tp,2026-06-22
301061.SZ,long,10489,10604,115,0.44917541229386687,tp,2026-06-23
301061.SZ,long,10663,10845,182,0.4491754122938691,tp,2026-06-24
301061.SZ,long,10863,11086,223,-0.6491754122938639,stop,2026-06-25
301061.SZ,long,11097,11327,230,-0.1499250374812621,revert,2026-06-26
301061.SZ,long,11343,11568,225,0.4491754122938546,tp,2026-06-29
301061.SZ,long,11588,11809,221,0.19379294862036195,revert,2026-06-30
301061.SZ,long,11824,12050,226,0.4491754122938629,tp,2026-07-01
301061.SZ,long,12157,12291,134,-0.3770505989541251,revert,2026-07-02
301061.SZ,long,12323,12532,209,0.4491754122938641,tp,2026-07-03
301061.SZ,long,12546,12773,227,0.44917541229386115,tp,2026-07-06
301061.SZ,long,12799,13014,215,-0.6491754122938529,stop,2026-07-07
301061.SZ,long,13081,13255,174,-0.6491754122938364,stop,2026-07-08
301061.SZ,long,13293,13496,203,-0.649175412293852,stop,2026-07-09
301061.SZ,long,13746,13978,232,-0.12002980545657005,revert,2026-07-13
301061.SZ,long,14002,14219,217,0.44917541229386554,tp,2026-07-14
301116.SZ,long,28,241,213,0.44917541229385566,tp,2026-04-17
301116.SZ,long,609,723,114,0.23522472129414146,revert,2026-04-21
301116.SZ,long,774,964,190,-0.1499250374812554,revert,2026-04-22
301116.SZ,long,1281,1446,165,0.44917541229385183,tp,2026-04-24
301116.SZ,long,1473,1687,214,0.44917541229386887,tp,2026-04-27
301116.SZ,long,1713,1928,215,-0.649175412293845,stop,2026-04-28
301116.SZ,long,2252,2410,158,-0.6491754122938612,stop,2026-04-30
301116.SZ,long,2738,2892,154,-0.6491754122938589,stop,2026-05-07
301116.SZ,long,3432,3615,183,-0.649175412293845,stop,2026-05-12
301116.SZ,long,4270,4338,68,-0.5281450183998875,revert,2026-05-15
301116.SZ,long,4380,4579,199,0.13838124248752198,revert,2026-05-18
301116.SZ,long,4642,4820,178,0.4491754122938672,tp,2026-05-19
301116.SZ,long,5086,5302,216,-0.6491754122938544,stop,2026-05-21
301116.SZ,long,5330,5543,213,0.44917541229387214,tp,2026-05-22
301116.SZ,long,5560,5784,224,-0.2517090078813711,revert,2026-05-25
301116.SZ,long,5796,6025,229,-0.6491754122938491,stop,2026-05-26
301116.SZ,long,6036,6266,230,-0.6491754122938383,stop,2026-05-27
301116.SZ,long,6329,6507,178,0.1670593274791435,revert,2026-05-28
301116.SZ,long,6697,6748,51,0.16539098871616778,revert,2026-05-29
301116.SZ,long,7007,7230,223,-0.6491754122938519,stop,2026-06-02
301116.SZ,long,7294,7471,177,0.44917541229384195,tp,2026-06-03
301116.SZ,long,7488,7712,224,-0.6491754122938467,stop,2026-06-04
301116.SZ,long,7729,7953,224,-0.6491754122938648,stop,2026-06-05
301116.SZ,long,7968,8194,226,-0.6491754122938442,stop,2026-06-08
301116.SZ,long,8442,8676,234,-0.1499250374812542,revert,2026-06-10
301116.SZ,long,8687,8917,230,0.4491754122938711,tp,2026-06-11
301116.SZ,long,9172,9399,227,-0.6491754122938286,stop,2026-06-15
301116.SZ,long,9645,9881,236,-0.649175412293857,stop,2026-06-17
301116.SZ,long,9958,10122,164,0.2909141455762186,revert,2026-06-18
301116.SZ,long,10142,10363,221,0.44917541229386554,tp,2026-06-22
301116.SZ,long,10565,10604,39,0.4491754122938578,tp,2026-06-23
301116.SZ,long,10638,10845,207,-0.6491754122938598,stop,2026-06-24
301116.SZ,long,10864,11086,222,-0.03773394201776298,revert,2026-06-25
301116.SZ,long,11098,11327,229,-0.6491754122938486,stop,2026-06-26
301116.SZ,long,11341,11568,227,0.4491754122938689,tp,2026-06-29
301116.SZ,long,11620,11809,189,0.44917541229385366,tp,2026-06-30
301116.SZ,long,11827,12050,223,0.4491754122938581,tp,2026-07-01
301116.SZ,long,12119,12291,172,-0.038733417255734114,revert,2026-07-02
301116.SZ,long,12365,12532,167,0.4491754122938603,tp,2026-07-03
301116.SZ,long,12842,13014,172,0.4491754122938646,tp,2026-07-07
301116.SZ,long,13030,13255,225,0.44917541229385655,tp,2026-07-08
301116.SZ,long,13320,13496,176,-0.48649832387178715,revert,2026-07-09
301116.SZ,long,13766,13978,212,0.41869725729392754,revert,2026-07-13
301116.SZ,long,14380,14460,80,-0.14992503748125877,revert,2026-07-15
301165.SZ,long,43,241,198,0.44917541229385366,tp,2026-04-17
301165.SZ,long,488,723,235,0.44917541229386476,tp,2026-04-21
301165.SZ,long,981,1205,224,-0.6491754122938368,stop,2026-04-23
301165.SZ,long,1219,1446,227,0.4491754122938692,tp,2026-04-24
301165.SZ,long,1459,1687,228,0.4445426639995406,revert,2026-04-27
301165.SZ,long,1698,1928,230,-0.6491754122938441,stop,2026-04-28
301165.SZ,long,1959,2169,210,-0.6491754122938481,stop,2026-04-29
301165.SZ,long,2180,2410,230,0.44917541229387936,tp,2026-04-30
301165.SZ,long,2699,2892,193,-0.6491754122938411,stop,2026-05-07
301165.SZ,long,2979,3133,154,0.44917541229387353,tp,2026-05-08
301165.SZ,long,3144,3374,230,0.44917541229385904,tp,2026-05-11
301165.SZ,long,3386,3615,229,-0.6491754122938564,stop,2026-05-12
301165.SZ,long,3861,4097,236,-0.6491754122938642,stop,2026-05-14
301165.SZ,long,4109,4338,229,-0.6491754122938551,stop,2026-05-15
301165.SZ,long,4514,4579,65,-0.6491754122938646,stop,2026-05-18
301165.SZ,long,4610,4820,210,0.4491754122938483,tp,2026-05-19
301165.SZ,long,4915,5061,146,0.4491754122938567,tp,2026-05-20
301165.SZ,long,5127,5302,175,-0.6491754122938602,stop,2026-05-21
301165.SZ,long,5313,5543,230,0.4491754122938556,tp,2026-05-22
301165.SZ,long,5794,6025,231,-0.6491754122938567,stop,2026-05-26
301165.SZ,long,6130,6266,136,-0.6491754122938411,stop,2026-05-27
301165.SZ,long,6293,6507,214,0.44917541229384844,tp,2026-05-28
301165.SZ,long,6518,6748,230,-0.6491754122938445,stop,2026-05-29
301165.SZ,long,6759,6989,230,-0.64917541229385,stop,2026-06-01
301165.SZ,long,7004,7230,226,0.4491754122938532,tp,2026-06-02
301165.SZ,long,7383,7471,88,-0.6491754122938442,stop,2026-06-03
301165.SZ,long,7676,7712,36,-0.6491754122938437,stop,2026-06-04
301165.SZ,long,7842,7953,111,-0.6491754122938493,stop,2026-06-05
301165.SZ,long,7988,8194,206,-0.649175412293841,stop,2026-06-08
301165.SZ,long,8243,8435,192,-0.029270709026634634,revert,2026-06-09
301165.SZ,long,8493,8676,183,-0.6491754122938522,stop,2026-06-10
301165.SZ,long,8709,8917,208,0.4491754122938607,tp,2026-06-11
301165.SZ,long,8977,9158,181,0.4491754122938607,tp,2026-06-12
301165.SZ,long,9429,9640,211,0.449175412293853,tp,2026-06-16
301165.SZ,long,9749,9881,132,0.4491754122938627,tp,2026-06-17
301165.SZ,long,9892,10122,230,0.4491754122938651,tp,2026-06-18
301165.SZ,long,10133,10363,230,-0.6491754122938507,stop,2026-06-22
301165.SZ,long,10378,10604,226,-0.6491754122938436,stop,2026-06-23
301165.SZ,long,10618,10845,227,0.44917541229385916,tp,2026-06-24
301165.SZ,long,10882,11086,204,-0.5117006714034198,revert,2026-06-25
301165.SZ,long,11107,11327,220,-0.6491754122938472,stop,2026-06-26
301165.SZ,long,11369,11568,199,0.44917541229386587,tp,2026-06-29
301165.SZ,long,11819,12050,231,-0.649175412293858,stop,2026-07-01
301165.SZ,long,12063,12291,228,0.44917541229386293,tp,2026-07-02
301165.SZ,long,12302,12532,230,-0.08798330363352376,revert,2026-07-03
301165.SZ,long,12613,12773,160,0.4491754122938514,tp,2026-07-06
301165.SZ,long,12784,13014,230,0.4491754122938631,tp,2026-07-07
301165.SZ,long,13037,13255,218,-0.4304027761400187,revert,2026-07-08
301165.SZ,long,13284,13496,212,0.4491754122938534,tp,2026-07-09
301165.SZ,long,13510,13737,227,-0.6491754122938447,stop,2026-07-10
301165.SZ,long,13757,13978,221,-0.649175412293836,stop,2026-07-13
301165.SZ,long,13989,14219,230,-0.11935868800292257,revert,2026-07-14
301165.SZ,long,14244,14460,216,-0.6491754122938401,stop,2026-07-15
301267.SZ,long,1476,1687,211,0.4491754122938731,tp,2026-04-27
301267.SZ,long,1735,1928,193,-0.6491754122938523,stop,2026-04-28
301267.SZ,long,4222,4338,116,-0.649175412293843,stop,2026-05-15
301267.SZ,long,4380,4579,199,-0.6491754122938651,stop,2026-05-18
301267.SZ,long,4609,4820,211,-0.6491754122938512,stop,2026-05-19
301267.SZ,long,4851,5061,210,0.4491754122938603,tp,2026-05-20
301267.SZ,long,5270,5302,32,-0.6491754122938587,stop,2026-05-21
301267.SZ,long,5665,5784,119,0.44917541229385083,tp,2026-05-25
301267.SZ,long,5795,6025,230,0.44917541229385877,tp,2026-05-26
301267.SZ,long,6057,6266,209,-0.6491754122938642,stop,2026-05-27
301267.SZ,long,6291,6507,216,0.4491754122938746,tp,2026-05-28
301267.SZ,long,6539,6748,209,0.44917541229385116,tp,2026-05-29
301267.SZ,long,7033,7230,197,-0.6491754122938613,stop,2026-06-02
301267.SZ,long,7445,7471,26,0.3191299241747314,revert,2026-06-03
301267.SZ,long,7512,7712,200,-0.649175412293838,stop,2026-06-04
301267.SZ,long,7730,7953,223,-0.39052762775241745,revert,2026-06-05
301267.SZ,long,7974,8194,220,-0.649175412293842,stop,2026-06-08
301267.SZ,long,8357,8435,78,0.2336219854221359,revert,2026-06-09
301267.SZ,long,8448,8676,228,0.44917541229385427,tp,2026-06-10
301267.SZ,long,8716,8917,201,-0.6491754122938372,stop,2026-06-11
301267.SZ,long,9212,9399,187,-0.6491754122938429,stop,2026-06-15
301267.SZ,long,10135,10363,228,0.44917541229385627,tp,2026-06-22
301267.SZ,long,10533,10604,71,0.2801983623573006,revert,2026-06-23
301267.SZ,long,10636,10845,209,-0.6491754122938358,stop,2026-06-24
301267.SZ,long,10866,11087,221,-0.2796847190439971,revert,2026-06-25
301267.SZ,long,11099,11327,228,-0.6491754122938588,stop,2026-06-26
301267.SZ,long,11574,11809,235,-0.6491754122938601,stop,2026-06-30
301267.SZ,long,11827,12050,223,0.4491754122938598,tp,2026-07-01
301267.SZ,long,12086,12291,205,0.4491754122938447,tp,2026-07-02
301267.SZ,long,12358,12532,174,0.4491754122938546,tp,2026-07-03
301267.SZ,long,12647,12773,126,0.44917541229385965,tp,2026-07-06
301267.SZ,long,12832,13014,182,-0.21734574981245097,revert,2026-07-07
301267.SZ,long,13126,13255,129,0.054128249226892085,revert,2026-07-08
301267.SZ,long,13317,13496,179,-0.6491754122938561,stop,2026-07-09
301316.SZ,long,128,241,113,0.10376983856156062,revert,2026-04-17
301316.SZ,long,312,482,170,-0.6491754122938479,stop,2026-04-20
301316.SZ,long,502,723,221,-0.0013386164060773973,revert,2026-04-21
301316.SZ,long,755,964,209,0.44917541229386276,tp,2026-04-22
301316.SZ,long,988,1205,217,-0.6491754122938482,stop,2026-04-23
301316.SZ,long,1217,1446,229,0.449175412293866,tp,2026-04-24
301316.SZ,long,1720,1928,208,-0.6491754122938417,stop,2026-04-28
301316.SZ,long,1994,2169,175,-0.6491754122938526,stop,2026-04-29
301316.SZ,long,2205,2410,205,0.4491754122938535,tp,2026-04-30
301316.SZ,long,2656,2892,236,0.449175412293855,tp,2026-05-07
301316.SZ,long,2914,3133,219,-0.3732264265252587,revert,2026-05-08
301316.SZ,long,3144,3374,230,-0.6491754122938447,stop,2026-05-11
301316.SZ,long,3397,3615,218,0.44917541229386704,tp,2026-05-12
301316.SZ,long,3648,3856,208,0.4491754122938613,tp,2026-05-13
301316.SZ,long,3897,4097,200,0.4491754122938714,tp,2026-05-14
301316.SZ,long,4121,4338,217,0.4491754122938612,tp,2026-05-15
301316.SZ,long,4616,4820,204,-0.6491754122938549,stop,2026-05-19
301316.SZ,long,4946,5061,115,-0.6491754122938476,stop,2026-05-20
301316.SZ,long,5072,5302,230,-0.6491754122938552,stop,2026-05-21
301316.SZ,long,5567,5784,217,0.04803308100115207,revert,2026-05-25
301316.SZ,long,5806,6025,219,-0.6491754122938432,stop,2026-05-26
301316.SZ,long,6036,6266,230,-0.6491754122938365,stop,2026-05-27
301316.SZ,long,6282,6507,225,0.4491754122938535,tp,2026-05-28
301316.SZ,long,6527,6748,221,-0.649175412293848,stop,2026-05-29
301316.SZ,long,6912,6989,77,0.44917541229385816,tp,2026-06-01
301316.SZ,long,7006,7230,224,-0.649175412293869,stop,2026-06-02
301316.SZ,long,7241,7471,230,0.44917541229386876,tp,2026-06-03
301316.SZ,long,7719,7953,234,-0.2249814706778071,revert,2026-06-05
301316.SZ,long,7988,8194,206,-0.6491754122938487,stop,2026-06-08
301316.SZ,long,8205,8435,230,0.4491754122938425,tp,2026-06-09
301316.SZ,long,8446,8676,230,-0.6491754122938305,stop,2026-06-10
301316.SZ,long,8710,8917,207,-0.6491754122938397,stop,2026-06-11
301316.SZ,long,8931,9158,227,0.44917541229387337,tp,2026-06-12
301316.SZ,long,9205,9399,194,0.44917541229385843,tp,2026-06-15
301316.SZ,long,9954,10122,168,0.44917541229384916,tp,2026-06-18
301316.SZ,long,10133,10363,230,-0.3388561159344522,revert,2026-06-22
301316.SZ,long,10379,10604,225,-0.6491754122938607,stop,2026-06-23
301316.SZ,long,10618,10845,227,0.4491754122938552,tp,2026-06-24
301316.SZ,long,10872,11086,214,0.4491754122938666,tp,2026-06-25
301316.SZ,long,11099,11327,228,-0.6491754122938467,stop,2026-06-26
301316.SZ,long,11346,11568,222,-0.649175412293853,stop,2026-06-29
301316.SZ,long,11816,12050,234,-0.6491754122938636,stop,2026-07-01
301316.SZ,long,12235,12291,56,0.20210242398317224,revert,2026-07-02
301316.SZ,long,12506,12532,26,-0.6491754122938497,stop,2026-07-03
301316.SZ,long,12543,12773,230,-0.6491754122938431,stop,2026-07-06
301316.SZ,long,12784,13014,230,-0.07905912196493264,revert,2026-07-07
301316.SZ,long,13025,13255,230,-0.6491754122938606,stop,2026-07-08
301316.SZ,long,13283,13496,213,0.44917541229387614,tp,2026-07-09
301316.SZ,long,13515,13737,222,0.44917541229385954,tp,2026-07-10
301316.SZ,long,13748,13978,230,-0.6491754122938281,stop,2026-07-13
301316.SZ,long,13989,14219,230,0.44917541229385916,tp,2026-07-14
301316.SZ,long,14230,14460,230,-0.6491754122938544,stop,2026-07-15
301372.SZ,long,248,482,234,-0.6491754122938421,stop,2026-04-20
301372.SZ,long,500,723,223,-0.3987725763286502,revert,2026-04-21
301372.SZ,long,1125,1205,80,0.2555891688645039,revert,2026-04-23
301372.SZ,long,1228,1446,218,0.4491754122938584,tp,2026-04-24
301372.SZ,long,1457,1687,230,0.4491754122938529,tp,2026-04-27
301372.SZ,long,2060,2169,109,-0.6491754122938687,stop,2026-04-29
301372.SZ,long,2181,2410,229,0.44917541229385133,tp,2026-04-30
301372.SZ,long,2450,2651,201,0.44917541229386687,tp,2026-05-06
301372.SZ,long,2673,2892,219,0.4491754122938595,tp,2026-05-07
301372.SZ,long,2991,3133,142,-0.6491754122938496,stop,2026-05-08
301372.SZ,long,3213,3374,161,0.44917541229385455,tp,2026-05-11
301372.SZ,long,3423,3615,192,0.4491754122938578,tp,2026-05-12
301372.SZ,long,3806,3856,50,0.4491754122938649,tp,2026-05-13
301372.SZ,long,4092,4097,5,-0.6361247874268885,revert,2026-05-14
301372.SZ,long,4112,4338,226,-0.3832196051506885,revert,2026-05-15
301372.SZ,long,4379,4579,200,0.4491754122938666,tp,2026-05-18
301372.SZ,long,4604,4820,216,0.44917541229386054,tp,2026-05-19
301372.SZ,long,4832,5061,229,0.44917541229386804,tp,2026-05-20
301372.SZ,long,5074,5302,228,-0.6491754122938657,stop,2026-05-21
301372.SZ,long,5552,5784,232,-0.6491754122938426,stop,2026-05-25
301372.SZ,long,5795,6025,230,0.4333438287809961,revert,2026-05-26
301372.SZ,long,6036,6266,230,0.4491754122938439,tp,2026-05-27
301372.SZ,long,6317,6507,190,0.4491754122938439,tp,2026-05-28
301372.SZ,long,6527,6748,221,-0.6491754122938458,stop,2026-05-29
301372.SZ,long,6994,7230,236,-0.6491754122938507,stop,2026-06-02
301372.SZ,long,7485,7712,227,0.4491754122938618,tp,2026-06-04
301372.SZ,long,7723,7953,230,0.449175412293853,tp,2026-06-05
301372.SZ,long,7964,8194,230,-0.6491754122938698,stop,2026-06-08
301372.SZ,long,8205,8435,230,0.44917541229386987,tp,2026-06-09
301372.SZ,long,8536,8676,140,0.4491754122938647,tp,2026-06-10
301372.SZ,long,8687,8917,230,0.44917541229386043,tp,2026-06-11
301372.SZ,long,8930,9158,228,-0.6491754122938513,stop,2026-06-12
301372.SZ,long,9181,9399,218,-0.6491754122938544,stop,2026-06-15
301372.SZ,long,9410,9640,230,0.44917541229386626,tp,2026-06-16
301372.SZ,long,9892,10122,230,0.10972554751229475,revert,2026-06-18
301372.SZ,long,10133,10363,230,-0.6491754122938468,stop,2026-06-22
301372.SZ,long,10462,10604,142,-0.6491754122938364,stop,2026-06-23
301372.SZ,long,10615,10845,230,-0.6491754122938337,stop,2026-06-24
301372.SZ,long,10867,11086,219,-0.6491754122938646,stop,2026-06-25
301372.SZ,long,11115,11328,213,-0.6491754122938392,stop,2026-06-26
301372.SZ,long,11339,11568,229,0.4491754122938612,tp,2026-06-29
301372.SZ,long,11606,11809,203,0.449175412293852,tp,2026-06-30
301372.SZ,long,12276,12291,15,0.3615437585703501,revert,2026-07-02
301372.SZ,long,12333,12532,199,-0.6491754122938376,stop,2026-07-03
301372.SZ,long,12575,12773,198,-0.6491754122938408,stop,2026-07-06
301372.SZ,long,12784,13014,230,-0.6491754122938519,stop,2026-07-07
301372.SZ,long,13026,13255,229,-0.6491754122938584,stop,2026-07-08
301372.SZ,long,13273,13496,223,0.44917541229384644,tp,2026-07-09
301372.SZ,long,13686,13737,51,-0.6491754122938419,stop,2026-07-10
301372.SZ,long,13748,13978,230,-0.6491754122938543,stop,2026-07-13
301372.SZ,long,13990,14219,229,0.4491754122938703,tp,2026-07-14
301372.SZ,long,14330,14460,130,-0.6491754122938487,stop,2026-07-15
301499.SZ,long,745,964,219,-0.649175412293853,stop,2026-04-22
301499.SZ,long,977,1205,228,-0.6491754122938541,stop,2026-04-23
301499.SZ,long,1813,1928,115,-0.0926222684927239,revert,2026-04-28
301499.SZ,long,1954,2169,215,-0.6491754122938357,stop,2026-04-29
301499.SZ,long,2438,2651,213,0.44917541229385965,tp,2026-05-06
301499.SZ,long,3146,3374,228,0.44917541229386493,tp,2026-05-11
301499.SZ,long,3880,4097,217,0.4491754122938597,tp,2026-05-14
301499.SZ,long,4116,4338,222,0.44917541229384667,tp,2026-05-15
301499.SZ,long,4392,4579,187,-0.2297625174619588,revert,2026-05-18
301499.SZ,long,4610,4820,210,0.32530006810448636,revert,2026-05-19
301499.SZ,long,4842,5061,219,0.44917541229385133,tp,2026-05-20
301499.SZ,long,5103,5302,199,-0.6491754122938515,stop,2026-05-21
301499.SZ,long,5560,5784,224,-0.6491754122938538,stop,2026-05-25
301499.SZ,long,5795,6025,230,-0.6491754122938458,stop,2026-05-26
301499.SZ,long,6036,6266,230,-0.6491754122938398,stop,2026-05-27
301499.SZ,long,6294,6507,213,0.44917541229387303,tp,2026-05-28
301499.SZ,long,6518,6748,230,-0.64917541229386,stop,2026-05-29
301499.SZ,long,6851,6989,138,0.44917541229383556,tp,2026-06-01
301499.SZ,long,7000,7230,230,-0.6491754122938463,stop,2026-06-02
301499.SZ,long,7419,7471,52,-0.5166200892270227,revert,2026-06-03
301499.SZ,long,7554,7712,158,0.44917541229384794,tp,2026-06-04
301499.SZ,long,7727,7953,226,-0.6491754122938507,stop,2026-06-05
301499.SZ,long,8032,8194,162,-0.6491754122938567,stop,2026-06-08
301499.SZ,long,8217,8435,218,-0.6491754122938412,stop,2026-06-09
301499.SZ,long,8447,8676,229,-0.6491754122938534,stop,2026-06-10
301499.SZ,long,8687,8917,230,0.44917541229385793,tp,2026-06-11
301499.SZ,long,8928,9158,230,-0.02588767727938518,revert,2026-06-12
301499.SZ,long,9886,10122,236,-0.09446817829626902,revert,2026-06-18
301499.SZ,long,10142,10363,221,-0.6491754122938538,stop,2026-06-22
301499.SZ,long,10484,10604,120,-0.6491754122938372,stop,2026-06-23
301499.SZ,long,10617,10845,228,0.44917541229386215,tp,2026-06-24
301499.SZ,long,10862,11086,224,-0.6491754122938714,stop,2026-06-25
301499.SZ,long,11097,11327,230,-0.6491754122938503,stop,2026-06-26
301499.SZ,long,11342,11568,226,-0.6491754122938471,stop,2026-06-29
301499.SZ,long,11815,12050,235,-0.6491754122938508,stop,2026-07-01
301499.SZ,long,12253,12291,38,0.4491754122938623,tp,2026-07-02
301499.SZ,long,12540,12773,233,-0.6491754122938411,stop,2026-07-06
301499.SZ,long,12784,13014,230,-0.6491754122938587,stop,2026-07-07
301499.SZ,long,13025,13255,230,-0.6491754122938551,stop,2026-07-08
301499.SZ,long,13268,13496,228,-0.6491754122938578,stop,2026-07-09
301499.SZ,long,13526,13737,211,-0.6491754122938508,stop,2026-07-10
301499.SZ,long,13749,13978,229,-0.649175412293857,stop,2026-07-13
301499.SZ,long,13989,14219,230,0.44917541229386304,tp,2026-07-14
301499.SZ,long,14262,14460,198,-0.6491754122938534,stop,2026-07-15
301565.SZ,long,578,723,145,0.44917541229385255,tp,2026-04-21
301565.SZ,long,1175,1205,30,-0.14992503748126068,revert,2026-04-23
301565.SZ,long,1826,1928,102,-0.6491754122938592,stop,2026-04-28
301565.SZ,long,3431,3615,184,0.07345320628275633,revert,2026-05-12
301565.SZ,long,3959,4097,138,-0.2847968181600192,revert,2026-05-14
301565.SZ,long,4277,4338,61,-0.6037890145836143,revert,2026-05-15
301565.SZ,long,4625,4820,195,0.4491754122938533,tp,2026-05-19
301565.SZ,long,4831,5061,230,0.11610535762313025,revert,2026-05-20
301565.SZ,long,5170,5302,132,-0.6491754122938409,stop,2026-05-21
301565.SZ,long,5610,5784,174,0.024181457658265463,revert,2026-05-25
301565.SZ,long,5820,6025,205,-0.4080467306200532,revert,2026-05-26
301565.SZ,long,6036,6266,230,0.06666948521401928,revert,2026-05-27
301565.SZ,long,6277,6507,230,0.44917541229386165,tp,2026-05-28
301565.SZ,long,6629,6748,119,-0.32727863421750547,revert,2026-05-29
301565.SZ,long,6763,6989,226,-0.6491754122938479,stop,2026-06-01
301565.SZ,long,7012,7230,218,-0.6491754122938524,stop,2026-06-02
301565.SZ,long,7376,7471,95,-0.6491754122938515,stop,2026-06-03
301565.SZ,long,7482,7712,230,0.44917541229384805,tp,2026-06-04
301565.SZ,long,7723,7953,230,-0.47411359255437974,revert,2026-06-05
301565.SZ,long,8005,8194,189,0.44917541229385255,tp,2026-06-08
301565.SZ,long,8217,8435,218,-0.6491754122938493,stop,2026-06-09
301565.SZ,long,8471,8676,205,0.4491754122938512,tp,2026-06-10
301565.SZ,long,8690,8917,227,-0.6491754122938408,stop,2026-06-11
301565.SZ,long,8929,9158,229,0.44917541229385566,tp,2026-06-12
301565.SZ,long,9767,9881,114,-0.14992503748125194,revert,2026-06-17
301565.SZ,long,9957,10122,165,0.4491754122938771,tp,2026-06-18
301565.SZ,long,10134,10363,229,0.4491754122938672,tp,2026-06-22
301565.SZ,long,10374,10604,230,-0.6491754122938437,stop,2026-06-23
301565.SZ,long,10683,10845,162,0.4491754122938569,tp,2026-06-24
301565.SZ,long,10872,11086,214,-0.649175412293857,stop,2026-06-25
301565.SZ,long,11097,11327,230,-0.6491754122938534,stop,2026-06-26
301565.SZ,long,11348,11568,220,-0.6491754122938448,stop,2026-06-29
301565.SZ,long,11633,11809,176,0.4491754122938516,tp,2026-06-30
301565.SZ,long,11854,12050,196,0.4491754122938598,tp,2026-07-01
301565.SZ,long,12303,12532,229,0.1471215093685691,revert,2026-07-03
301565.SZ,long,12577,12773,196,-0.6491754122938455,stop,2026-07-06
301565.SZ,long,13019,13255,236,-0.6491754122938437,stop,2026-07-08
301565.SZ,long,13290,13496,206,0.44917541229385916,tp,2026-07-09
301565.SZ,long,13724,13737,13,-0.6491754122938567,stop,2026-07-10
301565.SZ,long,13748,13978,230,-0.6491754122938442,stop,2026-07-13
301565.SZ,long,13989,14219,230,0.449175412293874,tp,2026-07-14
301565.SZ,long,14316,14460,144,-0.6491754122938477,stop,2026-07-15
301658.SZ,long,13,241,228,0.4491754122938625,tp,2026-04-17
301658.SZ,long,491,723,232,0.4491754122938803,tp,2026-04-21
301658.SZ,long,761,964,203,0.4491754122938634,tp,2026-04-22
301658.SZ,long,977,1205,228,-0.6491754122938358,stop,2026-04-23
301658.SZ,long,1226,1446,220,-0.6491754122938471,stop,2026-04-24
301658.SZ,long,1458,1687,229,-0.64917541229386,stop,2026-04-27
301658.SZ,long,2415,2651,236,0.4491754122938501,tp,2026-05-06
301658.SZ,long,2694,2892,198,-0.36247250074109705,revert,2026-05-07
301658.SZ,long,2926,3133,207,0.44917541229384733,tp,2026-05-08
301658.SZ,long,3145,3374,229,-0.6491754122938315,stop,2026-05-11
301658.SZ,long,3385,3615,230,-0.6491754122938513,stop,2026-05-12
301658.SZ,long,3867,4097,230,-0.6491754122938461,stop,2026-05-14
301658.SZ,long,4108,4338,230,0.44917541229386354,tp,2026-05-15
301658.SZ,long,4413,4579,166,-0.6491754122938332,stop,2026-05-18
301658.SZ,long,4594,4820,226,-0.649175412293854,stop,2026-05-19
301658.SZ,long,4831,5061,230,0.44917541229385055,tp,2026-05-20
301658.SZ,long,5072,5302,230,-0.6491754122938463,stop,2026-05-21
301658.SZ,long,5318,5543,225,-0.649175412293842,stop,2026-05-22
301658.SZ,long,5560,5784,224,-0.6491754122938574,stop,2026-05-25
301658.SZ,long,5855,6025,170,-0.6491754122938462,stop,2026-05-26
301658.SZ,long,6036,6266,230,-0.6491754122938433,stop,2026-05-27
301658.SZ,long,6277,6507,230,0.44917541229385116,tp,2026-05-28
301658.SZ,long,6518,6748,230,-0.6491754122938328,stop,2026-05-29
301658.SZ,long,6835,6989,154,-0.6491754122938417,stop,2026-06-01
301658.SZ,long,7002,7230,228,-0.6491754122938653,stop,2026-06-02
301658.SZ,long,7311,7471,160,-0.6491754122938557,stop,2026-06-03
301658.SZ,long,7482,7712,230,0.30880425024850794,revert,2026-06-04
301658.SZ,long,7723,7953,230,-0.6491754122938422,stop,2026-06-05
301658.SZ,long,7986,8194,208,-0.64917541229385,stop,2026-06-08
301658.SZ,long,8205,8435,230,0.4491754122938684,tp,2026-06-09
301658.SZ,long,8464,8676,212,-0.6491754122938582,stop,2026-06-10
301658.SZ,long,8713,8917,204,0.4491754122938685,tp,2026-06-11
301658.SZ,long,8936,9158,222,0.449175412293856,tp,2026-06-12
301658.SZ,long,9404,9640,236,0.44917541229385255,tp,2026-06-16
301658.SZ,long,9652,9881,229,-0.6491754122938519,stop,2026-06-17
301658.SZ,long,9991,10122,131,0.44917541229385566,tp,2026-06-18
301658.SZ,long,10148,10363,215,0.4491754122938581,tp,2026-06-22
301658.SZ,long,10390,10604,214,-0.6491754122938411,stop,2026-06-23
301658.SZ,long,10619,10845,226,-0.6491754122938461,stop,2026-06-24
301658.SZ,long,10869,11086,217,-0.6491754122938487,stop,2026-06-25
301658.SZ,long,11110,11327,217,-0.6491754122938439,stop,2026-06-26
301658.SZ,long,11343,11568,225,0.44917541229385566,tp,2026-06-29
301658.SZ,long,11829,12050,221,0.44917541229386676,tp,2026-07-01
301658.SZ,long,12161,12291,130,-0.6491754122938562,stop,2026-07-02
301658.SZ,long,12575,12773,198,-0.6491754122938553,stop,2026-07-06
301658.SZ,long,12796,13014,218,-0.6491754122938463,stop,2026-07-07
301658.SZ,long,13026,13255,229,-0.6491754122938502,stop,2026-07-08
301658.SZ,long,13315,13496,181,0.44917541229385194,tp,2026-07-09
301658.SZ,long,13749,13978,229,-0.6491754122938533,stop,2026-07-13
301658.SZ,long,13990,14219,229,0.4491754122938663,tp,2026-07-14
301658.SZ,long,14330,14460,130,-0.6491754122938543,stop,2026-07-15
600056.SH,long,507,723,216,-0.6491754122938354,stop,2026-04-21
600056.SH,long,3893,4097,204,-0.6491754122938431,stop,2026-05-14
600056.SH,long,4220,4338,118,0.24828064532041622,revert,2026-05-15
600056.SH,long,4450,4579,129,0.2551462605411449,revert,2026-05-18
600056.SH,long,5277,5302,25,0.25473585395752957,revert,2026-05-21
600056.SH,long,6128,6266,138,0.4491754122938575,tp,2026-05-27
600056.SH,long,6388,6507,119,0.15793747525003582,revert,2026-05-28
600056.SH,long,7180,7230,50,-0.4537285109980015,revert,2026-06-02
600056.SH,long,7545,7712,167,-0.6491754122938558,stop,2026-06-04
600056.SH,long,8082,8194,112,-0.04358842942742323,revert,2026-06-08
600056.SH,long,8725,8917,192,-0.6491754122938491,stop,2026-06-11
600056.SH,long,10134,10363,229,0.449175412293853,tp,2026-06-22
600056.SH,long,10643,10845,202,-0.6491754122938512,stop,2026-06-24
600056.SH,long,11286,11327,41,-0.6491754122938544,stop,2026-06-26
600056.SH,long,11343,11568,225,0.4491754122938664,tp,2026-06-29
600056.SH,long,11629,11809,180,-0.37841491153736195,revert,2026-06-30
600056.SH,long,12086,12291,205,0.4491754122938558,tp,2026-07-02
600056.SH,long,12358,12532,174,0.44917541229386493,tp,2026-07-03
600056.SH,long,12832,13014,182,-0.03898050974513128,revert,2026-07-07
600056.SH,long,13093,13255,162,-0.26062356848182944,revert,2026-07-08
600056.SH,long,13396,13496,100,0.1840217015238207,revert,2026-07-09
600056.SH,long,14421,14460,39,0.44917541229387015,tp,2026-07-15
600113.SH,long,136,241,105,-0.5094022239198028,revert,2026-04-17
600113.SH,long,412,482,70,-0.64917541229385,stop,2026-04-20
600113.SH,long,505,723,218,-0.6491754122938483,stop,2026-04-21
600113.SH,long,798,964,166,-0.061011346508400593,revert,2026-04-22
600113.SH,long,977,1205,228,0.4491754122938554,tp,2026-04-23
600113.SH,long,1221,1446,225,-0.6491754122938587,stop,2026-04-24
600113.SH,long,1719,1928,209,-0.3288277473804947,revert,2026-04-28
600113.SH,long,2265,2411,146,-0.6491754122938427,stop,2026-04-30
600113.SH,long,2656,2892,236,-0.649175412293846,stop,2026-05-07
600113.SH,long,2914,3133,219,-0.35575904070227304,revert,2026-05-08
600113.SH,long,3144,3374,230,-0.64917541229384,stop,2026-05-11
600113.SH,long,3386,3615,229,-0.6491754122938448,stop,2026-05-12
600113.SH,long,3626,3856,230,0.4491754122938623,tp,2026-05-13
600113.SH,long,3867,4097,230,-0.6491754122938372,stop,2026-05-14
600113.SH,long,4120,4338,218,-0.6491754122938613,stop,2026-05-15
600113.SH,long,4412,4579,167,-0.6491754122938456,stop,2026-05-18
600113.SH,long,4599,4820,221,-0.6491754122938476,stop,2026-05-19
600113.SH,long,4851,5061,210,0.449175412293866,tp,2026-05-20
600113.SH,long,5078,5302,224,-0.6491754122938613,stop,2026-05-21
600113.SH,long,5313,5543,230,0.44917541229386104,tp,2026-05-22
600113.SH,long,5557,5784,227,-0.6491754122938562,stop,2026-05-25
600113.SH,long,5795,6025,230,0.44917541229385843,tp,2026-05-26
600113.SH,long,6036,6266,230,0.4491754122938657,tp,2026-05-27
600113.SH,long,6278,6507,229,0.24904968932689867,revert,2026-05-28
600113.SH,long,6524,6748,224,0.4491754122938597,tp,2026-05-29
600113.SH,long,6840,6989,149,0.44917541229387836,tp,2026-06-01
600113.SH,long,7002,7230,228,-0.6491754122938537,stop,2026-06-02
600113.SH,long,7264,7471,207,-0.12255385465160559,revert,2026-06-03
600113.SH,long,7510,7712,202,-0.6491754122938571,stop,2026-06-04
600113.SH,long,7965,8194,229,-0.6491754122938538,stop,2026-06-08
600113.SH,long,8207,8435,228,-0.6491754122938643,stop,2026-06-09
600113.SH,long,8520,8676,156,0.44917541229385916,tp,2026-06-10
600113.SH,long,8687,8917,230,0.05692625720287257,revert,2026-06-11
600113.SH,long,8934,9158,224,0.44917541229386393,tp,2026-06-12
600113.SH,long,9229,9399,170,0.4491754122938646,tp,2026-06-15
600113.SH,long,9413,9640,227,0.4491754122938783,tp,2026-06-16
600113.SH,long,9700,9881,181,-0.6491754122938458,stop,2026-06-17
600113.SH,long,9955,10122,167,-0.6491754122938529,stop,2026-06-18
600113.SH,long,10133,10363,230,-0.6491754122938528,stop,2026-06-22
600113.SH,long,10410,10604,194,0.4491754122938593,tp,2026-06-23
600113.SH,long,10621,10845,224,-0.1164856285855634,revert,2026-06-24
600113.SH,long,10857,11086,229,-0.649175412293857,stop,2026-06-25
600113.SH,long,11097,11327,230,0.03301756963220517,revert,2026-06-26
600113.SH,long,11342,11568,226,0.44917541229385705,tp,2026-06-29
600113.SH,long,12055,12291,236,-0.6491754122938412,stop,2026-07-02
600113.SH,long,12305,12532,227,-0.6491754122938432,stop,2026-07-03
600113.SH,long,12549,12773,224,-0.6491754122938395,stop,2026-07-06
600113.SH,long,12788,13014,226,-0.6491754122938536,stop,2026-07-07
600113.SH,long,13025,13255,230,-0.6491754122938446,stop,2026-07-08
600113.SH,long,13348,13496,148,0.44917541229385916,tp,2026-07-09
600113.SH,long,13742,13978,236,-0.6491754122938496,stop,2026-07-13
600113.SH,long,13989,14219,230,-0.34989180976935236,revert,2026-07-14
600113.SH,long,14348,14460,112,0.3465121930251307,revert,2026-07-15
600166.SH,long,14,241,227,0.4491754122938647,tp,2026-04-17
600166.SH,long,253,482,229,0.44090380845080357,revert,2026-04-20
600166.SH,long,1011,1205,194,-0.14992503748126176,revert,2026-04-23
600166.SH,long,1216,1446,230,-0.649175412293856,stop,2026-04-24
600166.SH,long,1457,1687,230,0.44917541229386115,tp,2026-04-27
600166.SH,long,1732,1928,196,0.4491754122938607,tp,2026-04-28
600166.SH,long,2175,2410,235,-0.6491754122938491,stop,2026-04-30
600166.SH,long,2424,2651,227,0.13134277931458457,revert,2026-05-06
600166.SH,long,2902,3133,231,0.12820887606336645,revert,2026-05-08
600166.SH,long,3473,3615,142,-0.6491754122938597,stop,2026-05-12
600166.SH,long,3802,3856,54,0.4078966103540474,revert,2026-05-13
600166.SH,long,3872,4097,225,-0.6491754122938403,stop,2026-05-14
600166.SH,long,4108,4338,230,-0.6491754122938471,stop,2026-05-15
600166.SH,long,4520,4579,59,0.1573059624034131,revert,2026-05-18
600166.SH,long,4604,4820,216,-0.4609844610404926,revert,2026-05-19
600166.SH,long,4831,5061,230,0.44917541229385793,tp,2026-05-20
600166.SH,long,5189,5302,113,-0.6491754122938463,stop,2026-05-21
600166.SH,long,5574,5784,210,0.17321436369196197,revert,2026-05-25
600166.SH,long,5864,6025,161,0.44917541229385904,tp,2026-05-26
600166.SH,long,6037,6266,229,-0.6491754122938357,stop,2026-05-27
600166.SH,long,6309,6507,198,0.4491754122938613,tp,2026-05-28
600166.SH,long,6685,6748,63,-0.14992503748126024,revert,2026-05-29
600166.SH,long,7011,7230,219,0.4491754122938618,tp,2026-06-02
600166.SH,long,7491,7712,221,-0.6491754122938441,stop,2026-06-04
600166.SH,long,7723,7953,230,-0.6491754122938587,stop,2026-06-05
600166.SH,long,8070,8194,124,0.44917541229384583,tp,2026-06-08
600166.SH,long,8205,8435,230,0.44917541229384544,tp,2026-06-09
600166.SH,long,8448,8676,228,-0.6491754122938458,stop,2026-06-10
600166.SH,long,9177,9399,222,-0.6491754122938503,stop,2026-06-15
600166.SH,long,9424,9640,216,0.1721719785268624,revert,2026-06-16
600166.SH,long,9907,10122,215,0.17010725406526556,revert,2026-06-18
600166.SH,long,10133,10363,230,0.449175412293872,tp,2026-06-22
600166.SH,long,10398,10604,206,-0.6491754122938443,stop,2026-06-23
600166.SH,long,10619,10845,226,-0.6491754122938357,stop,2026-06-24
600166.SH,long,10875,11086,211,0.4491754122938593,tp,2026-06-25
600166.SH,long,11129,11327,198,-0.649175412293846,stop,2026-06-26
600166.SH,long,11338,11568,230,0.4491754122938634,tp,2026-06-29
600166.SH,long,11587,11809,222,0.44917541229386365,tp,2026-06-30
600166.SH,long,11825,12050,225,0.1932023678882129,revert,2026-07-01
600166.SH,long,12092,12291,199,0.4491754122938613,tp,2026-07-02
600166.SH,long,12755,12773,18,0.16308460189968108,revert,2026-07-06
600166.SH,long,12784,13014,230,-0.14992503748124528,revert,2026-07-07
600166.SH,long,13165,13255,90,-0.6491754122938622,stop,2026-07-08
600166.SH,long,13287,13496,209,0.449175412293872,tp,2026-07-09
600166.SH,long,13721,13737,16,-0.46590628736265194,revert,2026-07-10
600166.SH,long,13748,13978,230,-0.6491754122938421,stop,2026-07-13
600166.SH,long,14267,14460,193,0.4491754122938584,tp,2026-07-15
600231.SH,long,254,482,228,0.44917541229385005,tp,2026-04-20
600231.SH,long,981,1205,224,0.4491754122938509,tp,2026-04-23
600231.SH,long,1433,1446,13,0.4491754122938708,tp,2026-04-24
600231.SH,long,2176,2410,234,0.44917541229386926,tp,2026-04-30
600231.SH,long,2843,2892,49,0.31021355681607954,revert,2026-05-07
600231.SH,long,2947,3133,186,0.3144939158328081,revert,2026-05-08
600231.SH,long,3530,3615,85,0.32555150995930404,revert,2026-05-12
600231.SH,long,3957,4097,140,0.4491754122938509,tp,2026-05-14
600231.SH,long,4280,4338,58,0.3347840642785358,revert,2026-05-15
600231.SH,long,4646,4820,174,0.44917541229387214,tp,2026-05-19
600231.SH,long,4831,5061,230,0.3301233998385497,revert,2026-05-20
600231.SH,long,5219,5302,83,-0.6491754122938636,stop,2026-05-21
600231.SH,long,6130,6266,136,-0.14992503748125396,revert,2026-05-27
600231.SH,long,6682,6748,66,-0.14992503748125274,revert,2026-05-29
600231.SH,long,7102,7230,128,-0.1499250374812368,revert,2026-06-02
600231.SH,long,7632,7712,80,-0.1499250374812502,revert,2026-06-04
600231.SH,long,8052,8194,142,-0.1499250374812475,revert,2026-06-08
600231.SH,long,8205,8435,230,0.4491754122938575,tp,2026-06-09
600231.SH,long,8560,8676,116,-0.649175412293856,stop,2026-06-10
600231.SH,long,8687,8917,230,0.3957037874505341,revert,2026-06-11
600231.SH,long,8934,9158,224,0.4491754122938587,tp,2026-06-12
600231.SH,long,9184,9399,215,-0.6491754122938461,stop,2026-06-15
600231.SH,long,9422,9640,218,0.4491754122938587,tp,2026-06-16
600231.SH,long,9655,9881,226,-0.6491754122938492,stop,2026-06-17
600231.SH,long,9985,10122,137,-0.6491754122938508,stop,2026-06-18
600231.SH,long,10150,10363,213,0.4491754122938629,tp,2026-06-22
600231.SH,long,10539,10604,65,-0.6491754122938401,stop,2026-06-23
600231.SH,long,10631,10845,214,-0.6491754122938526,stop,2026-06-24
600231.SH,long,10867,11086,219,0.44917541229386704,tp,2026-06-25
600231.SH,long,11112,11327,215,-0.6491754122938563,stop,2026-06-26
600231.SH,long,11338,11568,230,0.44917541229385566,tp,2026-06-29
600231.SH,long,11590,11809,219,-0.6491754122938582,stop,2026-06-30
600231.SH,long,12084,12291,207,-0.6491754122938507,stop,2026-07-02
600231.SH,long,12309,12532,223,-0.14992503748125519,revert,2026-07-03
600231.SH,long,12543,12773,230,-0.6491754122938503,stop,2026-07-06
600231.SH,long,12790,13014,224,-0.6491754122938482,stop,2026-07-07
600231.SH,long,13059,13255,196,0.4491754122938589,tp,2026-07-08
600231.SH,long,13319,13496,177,0.4491754122938574,tp,2026-07-09
600231.SH,long,13746,13978,232,-0.6491754122938582,stop,2026-07-13
600231.SH,long,13991,14219,228,0.44917541229387004,tp,2026-07-14
600231.SH,long,14399,14460,61,0.447979603012876,revert,2026-07-15
600299.SH,long,21,241,220,-0.07860355536516361,revert,2026-04-17
600299.SH,long,255,482,227,-0.6491754122938437,stop,2026-04-20
600299.SH,long,728,964,236,0.4491754122938615,tp,2026-04-22
600299.SH,long,979,1205,226,0.062221014138829495,revert,2026-04-23
600299.SH,long,1242,1446,204,-0.6491754122938495,stop,2026-04-24
600299.SH,long,1699,1928,229,-0.0775174414243147,revert,2026-04-28
600299.SH,long,2000,2169,169,-0.005945116843174116,revert,2026-04-29
600299.SH,long,2190,2410,220,-0.2251700073098077,revert,2026-04-30
600299.SH,long,2422,2651,229,0.44917541229386865,tp,2026-05-06
600299.SH,long,2900,3133,233,-0.6491754122938634,stop,2026-05-08
600299.SH,long,3443,3615,172,0.4491754122938515,tp,2026-05-12
600299.SH,long,3636,3856,220,-0.6491754122938503,stop,2026-05-13
600299.SH,long,3878,4097,219,-0.6491754122938512,stop,2026-05-14
600299.SH,long,4108,4338,230,-0.6491754122938584,stop,2026-05-15
600299.SH,long,4520,4579,59,0.44917541229386687,tp,2026-05-18
600299.SH,long,4632,4820,188,-0.6491754122938622,stop,2026-05-19
600299.SH,long,4842,5061,219,-0.5859515657018604,revert,2026-05-20
600299.SH,long,5171,5302,131,-0.6491754122938383,stop,2026-05-21
600299.SH,long,5619,5784,165,-0.6491754122938417,stop,2026-05-25
600299.SH,long,5805,6025,220,0.4491754122938736,tp,2026-05-26
600299.SH,long,6043,6266,223,-0.6491754122938524,stop,2026-05-27
600299.SH,long,6279,6507,228,0.44917541229385577,tp,2026-05-28
600299.SH,long,6529,6748,219,0.4491754122938502,tp,2026-05-29
600299.SH,long,7007,7230,223,-0.649175412293859,stop,2026-06-02
600299.SH,long,7277,7471,194,-0.1499250374812445,revert,2026-06-03
600299.SH,long,7482,7712,230,-0.6491754122938541,stop,2026-06-04
600299.SH,long,7747,7953,206,-0.6491754122938506,stop,2026-06-05
600299.SH,long,8004,8194,190,-0.6491754122938352,stop,2026-06-08
600299.SH,long,8205,8435,230,-0.44709787963159303,revert,2026-06-09
600299.SH,long,8449,8676,227,0.44917541229386804,tp,2026-06-10
600299.SH,long,8716,8917,201,-0.049573203348055025,revert,2026-06-11
600299.SH,long,8933,9158,225,0.44917541229385854,tp,2026-06-12
600299.SH,long,9271,9399,128,-0.641797327937019,revert,2026-06-15
600299.SH,long,9419,9640,221,-0.649175412293834,stop,2026-06-16
600299.SH,long,9699,9881,182,0.44917541229385244,tp,2026-06-17
600299.SH,long,9913,10123,210,-0.6491754122938395,stop,2026-06-18
600299.SH,long,10163,10363,200,0.44917541229386554,tp,2026-06-22
600299.SH,long,10445,10604,159,-0.6491754122938387,stop,2026-06-23
600299.SH,long,10635,10845,210,-0.6491754122938366,stop,2026-06-24
600299.SH,long,11106,11327,221,-0.649175412293834,stop,2026-06-26
600299.SH,long,11338,11568,230,-0.6491754122938485,stop,2026-06-29
600299.SH,long,11585,11809,224,0.35692813491731396,revert,2026-06-30
600299.SH,long,12302,12532,230,0.4491754122938484,tp,2026-07-03
600299.SH,long,12586,12773,187,-0.6198077431872103,revert,2026-07-06
600299.SH,long,12789,13014,225,-0.6491754122938588,stop,2026-07-07
600299.SH,long,13081,13255,174,-0.6491754122938534,stop,2026-07-08
600299.SH,long,13311,13496,185,0.4491754122938573,tp,2026-07-09
600299.SH,long,13883,13978,95,-0.5334720603846516,revert,2026-07-13
600299.SH,long,14115,14219,104,0.44917541229385965,tp,2026-07-14
600299.SH,long,14268,14460,192,0.4491754122938593,tp,2026-07-15
600356.SH,long,6,241,235,-0.6491754122938511,stop,2026-04-17
600356.SH,long,536,723,187,0.4491754122938708,tp,2026-04-21
600356.SH,long,1216,1446,230,-0.044375275364444994,revert,2026-04-24
600356.SH,long,2433,2651,218,0.25350960883192825,revert,2026-05-06
600356.SH,long,2771,2892,121,0.44917541229386687,tp,2026-05-07
600356.SH,long,3190,3374,184,0.4491754122938692,tp,2026-05-11
600356.SH,long,3435,3615,180,-0.6491754122938557,stop,2026-05-12
600356.SH,long,3784,3856,72,0.4491754122938731,tp,2026-05-13
600356.SH,long,3867,4097,230,0.16145773267214272,revert,2026-05-14
600356.SH,long,4220,4338,118,-0.6491754122938417,stop,2026-05-15
600356.SH,long,4391,4579,188,0.4491754122938512,tp,2026-05-18
600356.SH,long,4639,4820,181,-0.6491754122938522,stop,2026-05-19
600356.SH,long,4832,5061,229,0.4491754122938487,tp,2026-05-20
600356.SH,long,5158,5302,144,-0.6491754122938427,stop,2026-05-21
600356.SH,long,5669,5784,115,-0.04267468843454177,revert,2026-05-25
600356.SH,long,5795,6025,230,0.44917541229385916,tp,2026-05-26
600356.SH,long,6042,6266,224,-0.6491754122938398,stop,2026-05-27
600356.SH,long,6311,6507,196,-0.14992503748124975,revert,2026-05-28
600356.SH,long,6681,6748,67,-0.6491754122938536,stop,2026-05-29
600356.SH,long,7057,7230,173,0.2928690865210713,revert,2026-06-02
600356.SH,long,7323,7471,148,-0.6491754122938618,stop,2026-06-03
600356.SH,long,7494,7712,218,0.19359586261916675,revert,2026-06-04
600356.SH,long,7724,7953,229,-0.6491754122938539,stop,2026-06-05
600356.SH,long,8017,8194,177,-0.6074282446405652,revert,2026-06-08
600356.SH,long,8359,8435,76,0.08419002690920596,revert,2026-06-09
600356.SH,long,8482,8676,194,0.43742834465121627,revert,2026-06-10
600356.SH,long,8719,8917,198,0.44917541229385755,tp,2026-06-11
600356.SH,long,9226,9399,173,-0.033955147861613216,revert,2026-06-15
600356.SH,long,9416,9640,224,-0.6491754122938465,stop,2026-06-16
600356.SH,long,9727,9882,155,-0.6491754122938408,stop,2026-06-17
600356.SH,long,10148,10363,215,0.4491754122938589,tp,2026-06-22
600356.SH,long,10612,10845,233,-0.6491754122938597,stop,2026-06-24
600356.SH,long,10868,11086,218,0.4491754122938714,tp,2026-06-25
600356.SH,long,11098,11327,229,-0.6491754122938428,stop,2026-06-26
600356.SH,long,11342,11568,226,0.4491754122938649,tp,2026-06-29
600356.SH,long,11591,11809,218,-0.649175412293856,stop,2026-06-30
600356.SH,long,12129,12291,162,0.4491754122938606,tp,2026-07-02
600356.SH,long,12797,13014,217,-0.6491754122938496,stop,2026-07-07
600356.SH,long,13136,13255,119,0.44917541229385965,tp,2026-07-08
600356.SH,long,13290,13496,206,0.44917541229385427,tp,2026-07-09
600356.SH,long,13930,13978,48,0.3614709930566097,revert,2026-07-13
600356.SH,long,14401,14460,59,0.4491754122938638,tp,2026-07-15
600423.SH,long,5,241,236,-0.6491754122938499,stop,2026-04-17
600423.SH,long,487,724,237,0.4491754122938515,tp,2026-04-21
600423.SH,long,1259,1446,187,0.20415324252768766,revert,2026-04-24
600423.SH,long,1751,1928,177,0.44917541229384544,tp,2026-04-29
600423.SH,long,2175,2410,235,0.4491754122938589,tp,2026-05-06
600423.SH,long,2898,3133,235,-0.6491754122938427,stop,2026-05-11
600423.SH,long,3161,3374,213,-0.6491754122938543,stop,2026-05-12
600423.SH,long,3422,3615,193,-0.6491754122938587,stop,2026-05-13
600423.SH,long,3635,3856,221,-0.6491754122938392,stop,2026-05-14
600423.SH,long,4038,4097,59,-0.6491754122938478,stop,2026-05-15
600423.SH,long,4138,4338,200,0.4491754122938498,tp,2026-05-18
600423.SH,long,4594,4820,226,-0.6491754122938587,stop,2026-05-20
600423.SH,long,4880,5061,181,-0.6491754122938634,stop,2026-05-21
600423.SH,long,5109,5302,193,0.44917541229385183,tp,2026-05-22
600423.SH,long,5317,5543,226,0.44917541229386676,tp,2026-05-25
600423.SH,long,5795,6025,230,-0.6491754122938405,stop,2026-05-27
600423.SH,long,6147,6266,119,0.44917541229386726,tp,2026-05-28
600423.SH,long,6391,6507,116,-0.6491754122938386,stop,2026-05-29
600423.SH,long,6777,6989,212,0.44917541229386676,tp,2026-06-02
600423.SH,long,7094,7230,136,-0.6491754122938543,stop,2026-06-03
600423.SH,long,7251,7471,220,-0.6491754122938402,stop,2026-06-04
600423.SH,long,7483,7712,229,-0.6491754122938448,stop,2026-06-05
600423.SH,long,7766,7953,187,-0.6491754122938328,stop,2026-06-08
600423.SH,long,7964,8194,230,-0.5493253373313112,revert,2026-06-09
600423.SH,long,8205,8435,230,-0.6491754122938467,stop,2026-06-10
600423.SH,long,8483,8676,193,0.44917541229385877,tp,2026-06-11
600423.SH,long,8855,8917,62,0.44917541229385877,tp,2026-06-12
600423.SH,long,8965,9158,193,-0.6491754122938569,stop,2026-06-15
600423.SH,long,9173,9399,226,0.44917541229385965,tp,2026-06-16
600423.SH,long,9458,9640,182,-0.6491754122938518,stop,2026-06-17
600423.SH,long,9726,9881,155,-0.6491754122938543,stop,2026-06-18
600423.SH,long,9894,10122,228,0.4491754122938467,tp,2026-06-22
600423.SH,long,10370,10604,234,-0.6491754122938439,stop,2026-06-24
600423.SH,long,10615,10845,230,-0.6491754122938543,stop,2026-06-25
600423.SH,long,11091,11327,236,0.44917541229384733,tp,2026-06-29
600423.SH,long,11471,11568,97,0.44917541229386587,tp,2026-06-30
600423.SH,long,12055,12291,236,0.44917541229385616,tp,2026-07-03
600423.SH,long,12305,12532,227,-0.6491754122938592,stop,2026-07-06
600423.SH,long,12556,12773,217,0.24473929043383252,revert,2026-07-07
600423.SH,long,12784,13014,230,-0.6491754122938569,stop,2026-07-08
600423.SH,long,13079,13255,176,0.44917541229387836,tp,2026-07-09
600423.SH,long,13552,13737,185,-0.6491754122938594,stop,2026-07-13
600423.SH,long,14168,14219,51,0.449175412293856,tp,2026-07-15
600496.SH,long,246,482,236,-0.6491754122938588,stop,2026-04-20
600496.SH,long,494,723,229,-0.4219960864254404,revert,2026-04-21
600496.SH,long,913,964,51,0.4491754122938655,tp,2026-04-22
600496.SH,long,1216,1446,230,-0.6491754122938441,stop,2026-04-24
600496.SH,long,1498,1687,189,-0.418339217488035,revert,2026-04-27
600496.SH,long,3018,3133,115,0.4491754122938572,tp,2026-05-08
600496.SH,long,3282,3374,92,0.3221793358639896,revert,2026-05-11
600496.SH,long,3501,3615,114,-0.6491754122938483,stop,2026-05-12
600496.SH,long,3636,3856,220,-0.6491754122938483,stop,2026-05-13
600496.SH,long,3929,4097,168,-0.14992503748124608,revert,2026-05-14
600496.SH,long,4271,4338,67,0.33714849892129145,revert,2026-05-15
600496.SH,long,4354,4579,225,-0.1499250374812586,revert,2026-05-18
600496.SH,long,4604,4820,216,0.4491754122938626,tp,2026-05-19
600496.SH,long,4831,5061,230,0.44917541229384994,tp,2026-05-20
600496.SH,long,5181,5302,121,-0.649175412293844,stop,2026-05-21
600496.SH,long,5320,5544,224,0.09601110774665735,revert,2026-05-22
600496.SH,long,5561,5784,223,0.44917541229386165,tp,2026-05-25
600496.SH,long,6124,6266,142,0.44917541229386043,tp,2026-05-27
600496.SH,long,6283,6507,224,0.44917541229384783,tp,2026-05-28
600496.SH,long,6619,6748,129,-0.6491754122938487,stop,2026-05-29
600496.SH,long,7023,7230,207,0.4491754122938541,tp,2026-06-02
600496.SH,long,7307,7471,164,-0.649175412293848,stop,2026-06-03
600496.SH,long,7731,7954,223,-0.6491754122938487,stop,2026-06-05
600496.SH,long,8042,8194,152,-0.649175412293855,stop,2026-06-08
600496.SH,long,8268,8435,167,-0.649175412293849,stop,2026-06-09
600496.SH,long,8448,8676,228,-0.14992503748125816,revert,2026-06-10
600496.SH,long,8738,8917,179,0.3811923825321503,revert,2026-06-11
600496.SH,long,9195,9399,204,-0.6491754122938543,stop,2026-06-15
600496.SH,long,9522,9640,118,-0.6491754122938491,stop,2026-06-16
600496.SH,long,9694,9881,187,0.14289043161702847,revert,2026-06-17
600496.SH,long,9936,10122,186,-0.6491754122938431,stop,2026-06-18
600496.SH,long,10153,10363,210,0.44917541229386754,tp,2026-06-22
600496.SH,long,10522,10604,82,-0.6491754122938431,stop,2026-06-23
600496.SH,long,10640,10845,205,-0.6491754122938582,stop,2026-06-24
600496.SH,long,10866,11086,220,0.4491754122938423,tp,2026-06-25
600496.SH,long,11326,11327,1,0.1640689089417556,revert,2026-06-26
600496.SH,long,11338,11568,230,0.449175412293872,tp,2026-06-29
600496.SH,long,11591,11809,218,-0.6491754122938482,stop,2026-06-30
600496.SH,long,12024,12050,26,0.44917541229385793,tp,2026-07-01
600496.SH,long,12130,12291,161,0.4491754122938572,tp,2026-07-02
600496.SH,long,12340,12532,192,-0.4534207060603528,revert,2026-07-03
600496.SH,long,12779,13014,235,-0.6491754122938466,stop,2026-07-07
600496.SH,long,13336,13496,160,0.44917541229385705,tp,2026-07-09
600496.SH,long,13511,13737,226,0.44917541229385793,tp,2026-07-10
600496.SH,long,13752,13978,226,-0.6491754122938382,stop,2026-07-13
600543.SH,long,89,241,152,0.44917541229386226,tp,2026-04-17
600543.SH,long,577,723,146,0.4491754122938603,tp,2026-04-21
600543.SH,long,910,964,54,-0.6491754122938362,stop,2026-04-22
600543.SH,long,1036,1205,169,-0.649175412293857,stop,2026-04-23
600543.SH,long,1243,1446,203,0.44917541229384195,tp,2026-04-27
600543.SH,long,1486,1687,201,0.2543262781564722,revert,2026-04-28
600543.SH,long,1825,1928,103,-0.5453708789169508,revert,2026-04-29
600543.SH,long,2007,2169,162,-0.6491754122938493,stop,2026-04-30
600543.SH,long,2181,2410,229,-0.6491754122938518,stop,2026-05-06
600543.SH,long,3167,3374,207,-0.14992503748125924,revert,2026-05-12
600543.SH,long,3889,4097,208,0.44917541229385044,tp,2026-05-15
600543.SH,long,4437,4579,142,0.44917541229385816,tp,2026-05-19
600543.SH,long,4662,4820,158,-0.14992503748125222,revert,2026-05-20
600543.SH,long,4941,5061,120,-0.6491754122938594,stop,2026-05-21
600543.SH,long,5320,5543,223,-0.6491754122938517,stop,2026-05-25
600543.SH,long,5637,5784,147,-0.6491754122938462,stop,2026-05-26
600543.SH,long,5805,6025,220,0.0719640179910025,revert,2026-05-27
600543.SH,long,6108,6266,158,0.4491754122938745,tp,2026-05-28
600543.SH,long,6449,6507,58,-0.5897932091223133,revert,2026-05-29
600543.SH,long,6761,6989,228,0.4491754122938632,tp,2026-06-02
600543.SH,long,7054,7230,176,0.4491754122938552,tp,2026-06-03
600543.SH,long,7267,7471,204,-0.6491754122938403,stop,2026-06-04
600543.SH,long,7485,7712,227,-0.6491754122938542,stop,2026-06-05
600543.SH,long,7791,7953,162,0.0775238804288236,revert,2026-06-08
600543.SH,long,8113,8194,81,-0.6491754122938458,stop,2026-06-09
600543.SH,long,8211,8435,224,-0.6491754122938633,stop,2026-06-10
600543.SH,long,8446,8676,230,0.44917541229387214,tp,2026-06-11
600543.SH,long,8967,9158,191,-0.6491754122938515,stop,2026-06-15
600543.SH,long,9552,9640,88,-0.6369985738837733,revert,2026-06-17
600543.SH,long,9765,9881,116,-0.6491754122938482,stop,2026-06-18
600543.SH,long,9892,10122,230,0.44917541229386615,tp,2026-06-22
600543.SH,long,10399,10604,205,-0.6491754122938482,stop,2026-06-24
600543.SH,long,10626,10845,219,-0.6491754122938443,stop,2026-06-25
600543.SH,long,10861,11086,225,0.3957037874505341,revert,2026-06-26
600543.SH,long,11097,11327,230,0.44917541229384644,tp,2026-06-29
600543.SH,long,11388,11568,180,-0.6491754122938543,stop,2026-06-30
600543.SH,long,11889,12050,161,0.09784189790960265,revert,2026-07-02
600543.SH,long,12065,12291,226,0.4491754122938634,tp,2026-07-03
600543.SH,long,12361,12532,171,0.44917541229386304,tp,2026-07-06
600543.SH,long,12543,12773,230,-0.6491754122938543,stop,2026-07-07
600543.SH,long,13088,13255,167,-0.14992503748126226,revert,2026-07-09
600543.SH,long,13510,13737,227,-0.6491754122938543,stop,2026-07-13
600543.SH,long,13815,13978,163,0.44917541229385793,tp,2026-07-14
600543.SH,long,14086,14219,133,0.44917541229386815,tp,2026-07-15
600595.SH,long,24,241,217,0.4491754122938495,tp,2026-04-17
600595.SH,long,289,482,193,-0.6491754122938481,stop,2026-04-20
600595.SH,long,969,1205,236,-0.6491754122938409,stop,2026-04-23
600595.SH,long,1216,1446,230,0.4458391329395033,revert,2026-04-24
600595.SH,long,1482,1687,205,-0.649175412293861,stop,2026-04-27
600595.SH,long,1719,1928,209,-0.64917541229385,stop,2026-04-28
600595.SH,long,2176,2410,234,0.3654301881317641,revert,2026-04-30
600595.SH,long,2772,2892,120,-0.5267177731888817,revert,2026-05-07
600595.SH,long,2924,3133,209,0.44917541229385916,tp,2026-05-08
600595.SH,long,3148,3374,226,-0.02174779105954432,revert,2026-05-11
600595.SH,long,3385,3615,230,-0.649175412293855,stop,2026-05-12
600595.SH,long,3654,3856,202,0.4491754122938645,tp,2026-05-13
600595.SH,long,3881,4097,216,-0.6491754122938577,stop,2026-05-14
600595.SH,long,4120,4338,218,-0.6491754122938426,stop,2026-05-15
600595.SH,long,4415,4579,164,0.4491754122938544,tp,2026-05-18
600595.SH,long,4621,4820,199,0.449175412293872,tp,2026-05-19
600595.SH,long,4866,5061,195,0.44917541229385566,tp,2026-05-20
600595.SH,long,5193,5302,109,-0.6491754122938493,stop,2026-05-21
600595.SH,long,5563,5784,221,-0.6491754122938455,stop,2026-05-25
600595.SH,long,5797,6025,228,0.44917541229385793,tp,2026-05-26
600595.SH,long,6037,6266,229,-0.6491754122938496,stop,2026-05-27
600595.SH,long,6281,6507,226,0.4491754122938626,tp,2026-05-28
600595.SH,long,6528,6748,220,0.4491754122938556,tp,2026-05-29
600595.SH,long,7004,7230,226,0.44917541229384644,tp,2026-06-02
600595.SH,long,7271,7471,200,-0.2837723229538072,revert,2026-06-03
600595.SH,long,7483,7712,229,-0.6491754122938456,stop,2026-06-04
600595.SH,long,7839,7953,114,-0.6491754122938453,stop,2026-06-05
600595.SH,long,8081,8194,113,0.3102135568160727,revert,2026-06-08
600595.SH,long,8207,8435,228,-0.6491754122938543,stop,2026-06-09
600595.SH,long,8710,8917,207,0.4491754122938614,tp,2026-06-11
600595.SH,long,9164,9399,235,-0.6491754122938433,stop,2026-06-15
600595.SH,long,9412,9640,228,-0.6491754122938427,stop,2026-06-16
600595.SH,long,9777,9881,104,-0.6491754122938563,stop,2026-06-17
600595.SH,long,9929,10122,193,-0.6491754122938463,stop,2026-06-18
600595.SH,long,10150,10363,213,0.4491754122938524,tp,2026-06-22
600595.SH,long,10374,10604,230,-0.6491754122938482,stop,2026-06-23
600595.SH,long,10621,10845,224,-0.6491754122938521,stop,2026-06-24
600595.SH,long,10866,11086,220,0.449175412293856,tp,2026-06-25
600595.SH,long,11105,11327,222,-0.6491754122938388,stop,2026-06-26
600595.SH,long,11339,11568,229,0.44917541229386704,tp,2026-06-29
600595.SH,long,11584,11809,225,-0.6491754122938476,stop,2026-06-30
600595.SH,long,12056,12291,235,0.44917541229386415,tp,2026-07-02
600595.SH,long,12304,12532,228,0.44917541229385477,tp,2026-07-03
600595.SH,long,12612,12773,161,-0.6491754122938544,stop,2026-07-06
600595.SH,long,12835,13014,179,-0.6491754122938521,stop,2026-07-07
600595.SH,long,13161,13255,94,0.44917541229385627,tp,2026-07-08
600595.SH,long,13270,13496,226,0.37468131083320977,revert,2026-07-09
600595.SH,long,13832,13978,146,0.4491754122938629,tp,2026-07-13
600595.SH,long,14242,14460,218,-0.6491754122938427,stop,2026-07-15
600654.SH,long,10,241,231,-0.6491754122938458,stop,2026-04-17
600654.SH,long,252,482,230,-0.6491754122938602,stop,2026-04-20
600654.SH,long,495,723,228,-0.6491754122938482,stop,2026-04-21
600654.SH,long,975,1205,230,-0.6491754122938482,stop,2026-04-23
600654.SH,long,1217,1446,229,-0.14992503748126176,revert,2026-04-24
600654.SH,long,1894,1928,34,0.44917541229384644,tp,2026-04-28
600654.SH,long,2174,2410,236,0.10285996242384537,revert,2026-04-30
600654.SH,long,2974,3133,159,0.44917541229387214,tp,2026-05-08
600654.SH,long,3144,3374,230,-0.6491754122938483,stop,2026-05-11
600654.SH,long,3483,3615,132,-0.14992503748126068,revert,2026-05-12
600654.SH,long,3863,4097,234,-0.6491754122938574,stop,2026-05-14
600654.SH,long,4115,4338,223,-0.6491754122938447,stop,2026-05-15
600654.SH,long,4624,4820,196,-0.40335162368052935,revert,2026-05-19
600654.SH,long,4831,5061,230,-0.41548374748795314,revert,2026-05-20
600654.SH,long,5074,5302,228,-0.6491754122938423,stop,2026-05-21
600654.SH,long,5362,5543,181,0.44917541229384933,tp,2026-05-22
600654.SH,long,5554,5784,230,-0.6491754122938508,stop,2026-05-25
600654.SH,long,5803,6025,222,-0.6491754122938433,stop,2026-05-26
600654.SH,long,6036,6266,230,-0.6491754122938507,stop,2026-05-27
600654.SH,long,6521,6748,227,-0.6491754122938431,stop,2026-05-29
600654.SH,long,7001,7230,229,-0.6491754122938505,stop,2026-06-02
600654.SH,long,7433,7471,38,-0.6491754122938427,stop,2026-06-03
600654.SH,long,7494,7712,218,-0.6491754122938503,stop,2026-06-04
600654.SH,long,7723,7954,231,-0.6491754122938503,stop,2026-06-05
600654.SH,long,8035,8194,159,-0.6491754122938441,stop,2026-06-08
600654.SH,long,8485,8676,191,-0.6491754122938418,stop,2026-06-10
600654.SH,long,8687,8917,230,-0.6491754122938478,stop,2026-06-11
600654.SH,long,8933,9158,225,0.44917541229386415,tp,2026-06-12
600654.SH,long,9207,9399,192,-0.4907102762611975,revert,2026-06-15
600654.SH,long,9710,9881,171,-0.4942356408002673,revert,2026-06-17
600654.SH,long,10099,10122,23,0.20042610273810166,revert,2026-06-18
600654.SH,long,10135,10363,228,0.44917541229384994,tp,2026-06-22
600654.SH,long,10554,10604,50,0.1967766116941783,revert,2026-06-23
600654.SH,long,10620,10845,225,-0.6491754122938386,stop,2026-06-24
600654.SH,long,10869,11086,217,-0.6491754122938405,stop,2026-06-25
600654.SH,long,11116,11327,211,-0.6491754122938471,stop,2026-06-26
600654.SH,long,11342,11568,226,0.44917541229385566,tp,2026-06-29
600654.SH,long,11632,11809,177,0.4491754122938538,tp,2026-06-30
600654.SH,long,12086,12291,205,-0.649175412293852,stop,2026-07-02
600654.SH,long,12350,12532,182,-0.1499250374812433,revert,2026-07-03
600654.SH,long,12594,12773,179,-0.6491754122938425,stop,2026-07-06
600654.SH,long,12818,13014,196,-0.6491754122938448,stop,2026-07-07
600654.SH,long,13319,13496,177,-0.6491754122938519,stop,2026-07-09
600654.SH,long,13745,13978,233,-0.6491754122938448,stop,2026-07-13
600654.SH,long,13989,14219,230,0.44917541229385755,tp,2026-07-14
600654.SH,long,14347,14460,113,0.44917541229387203,tp,2026-07-15
600710.SH,long,19,241,222,0.4491754122938544,tp,2026-04-17
600710.SH,long,501,723,222,-0.6491754122938486,stop,2026-04-21
600710.SH,long,1006,1205,199,-0.6491754122938558,stop,2026-04-23
600710.SH,long,1216,1446,230,-0.6491754122938456,stop,2026-04-24
600710.SH,long,1573,1687,114,-0.6491754122938463,stop,2026-04-27
600710.SH,long,2294,2410,116,-0.0686800619218306,revert,2026-04-30
600710.SH,long,2677,2892,215,0.0920379874683029,revert,2026-05-07
600710.SH,long,3143,3374,231,-0.3911087934293732,revert,2026-05-11
600710.SH,long,3406,3615,209,-0.6491754122938413,stop,2026-05-12
600710.SH,long,3899,4097,198,-0.6491754122938521,stop,2026-05-14
600710.SH,long,4218,4338,120,-0.31759938670463267,revert,2026-05-15
600710.SH,long,4521,4579,58,0.4491754122938691,tp,2026-05-18
600710.SH,long,4831,5061,230,-0.56083069576323,revert,2026-05-20
600710.SH,long,5177,5302,125,-0.6491754122938341,stop,2026-05-21
600710.SH,long,5577,5784,207,-0.6491754122938589,stop,2026-05-25
600710.SH,long,6075,6266,191,-0.6491754122938428,stop,2026-05-27
600710.SH,long,6398,6507,109,0.44917541229387464,tp,2026-05-28
600710.SH,long,6710,6748,38,-0.14992503748124303,revert,2026-05-29
600710.SH,long,7106,7230,124,0.4491754122938581,tp,2026-06-02
600710.SH,long,7502,7712,210,-0.14992503748123956,revert,2026-06-04
600710.SH,long,7971,8194,223,-0.6491754122938522,stop,2026-06-08
600710.SH,long,8205,8435,230,0.4491754122938594,tp,2026-06-09
600710.SH,long,8686,8917,231,-0.6491754122938518,stop,2026-06-11
600710.SH,long,9187,9399,212,-0.23868065967017116,revert,2026-06-15
600710.SH,long,10079,10122,43,-0.6491754122938257,stop,2026-06-18
600710.SH,long,10133,10363,230,0.44917541229385616,tp,2026-06-22
600710.SH,long,10462,10605,143,-0.6491754122938592,stop,2026-06-23
600710.SH,long,10661,10845,184,-0.6491754122938445,stop,2026-06-24
600710.SH,long,10886,11086,200,-0.6491754122938646,stop,2026-06-25
600710.SH,long,11332,11568,236,0.16638987792270737,revert,2026-06-29
600710.SH,long,11596,11809,213,0.44917541229386226,tp,2026-06-30
600710.SH,long,12782,13014,232,-0.6491754122938593,stop,2026-07-07
600710.SH,long,13088,13255,167,-0.6491754122938646,stop,2026-07-08
600710.SH,long,13345,13496,151,0.44917541229387214,tp,2026-07-09
600710.SH,long,13746,13978,232,0.25804258238603484,revert,2026-07-13
600761.SH,long,1065,1205,140,-0.6491754122938472,stop,2026-04-23
600761.SH,long,1567,1687,120,-0.09351256575100819,revert,2026-04-27
600761.SH,long,2252,2410,158,0.016122759019604138,revert,2026-04-30
600761.SH,long,3192,3374,182,0.44917541229385705,tp,2026-05-11
600761.SH,long,3880,4097,217,-0.6491754122938674,stop,2026-05-14
600761.SH,long,4121,4338,217,-0.09931678864064401,revert,2026-05-15
600761.SH,long,4395,4579,184,-0.649175412293846,stop,2026-05-18
600761.SH,long,4611,4820,209,-0.6491754122938559,stop,2026-05-19
600761.SH,long,4831,5061,230,0.4491754122938556,tp,2026-05-20
600761.SH,long,5231,5302,71,-0.6491754122938576,stop,2026-05-21
600761.SH,long,5362,5543,181,-0.5263119651805872,revert,2026-05-22
600761.SH,long,5558,5784,226,-0.6491754122938432,stop,2026-05-25
600761.SH,long,5968,6025,57,0.4491754122938553,tp,2026-05-26
600761.SH,long,6132,6266,134,-0.0936080183258633,revert,2026-05-27
600761.SH,long,6351,6507,156,0.41740493389667116,revert,2026-05-28
600761.SH,long,6680,6748,68,-0.649175412293836,stop,2026-05-29
600761.SH,long,7102,7230,128,0.023425787106443555,revert,2026-06-02
600761.SH,long,7420,7471,51,-0.6203611974931255,revert,2026-06-03
600761.SH,long,7494,7712,218,0.4491754122938597,tp,2026-06-04
600761.SH,long,7903,7953,50,-0.6491754122938366,stop,2026-06-05
600761.SH,long,8053,8194,141,-0.6491754122938439,stop,2026-06-08
600761.SH,long,8261,8435,174,0.4491754122938672,tp,2026-06-09
600761.SH,long,8485,8676,191,0.09450599057874823,revert,2026-06-10
600761.SH,long,8687,8917,230,-0.45810428119273244,revert,2026-06-11
600761.SH,long,9279,9399,120,0.4491754122938553,tp,2026-06-15
600761.SH,long,10149,10363,214,0.44917541229387214,tp,2026-06-22
600761.SH,long,10420,10604,184,-0.6491754122938486,stop,2026-06-23
600761.SH,long,10654,10845,191,-0.6491754122938364,stop,2026-06-24
600761.SH,long,10857,11086,229,-0.14992503748126632,revert,2026-06-25
600761.SH,long,11168,11327,159,-0.2718421009275425,revert,2026-06-26
600761.SH,long,11591,11809,218,-0.14992503748124858,revert,2026-06-30
600761.SH,long,11827,12050,223,0.449175412293862,tp,2026-07-01
600761.SH,long,12297,12532,235,0.44917541229384844,tp,2026-07-03
600761.SH,long,12648,12773,125,0.319405514634017,revert,2026-07-06
600761.SH,long,12787,13014,227,-0.6491754122938366,stop,2026-07-07
600761.SH,long,13088,13255,167,-0.27206580196141017,revert,2026-07-08
600761.SH,long,13336,13496,160,0.22288171409005347,revert,2026-07-09
600871.SH,long,38,241,203,0.22829494343737147,revert,2026-04-17
600871.SH,long,282,482,200,0.4491754122938536,tp,2026-04-20
600871.SH,long,792,964,172,0.4491754122938697,tp,2026-04-22
600871.SH,long,977,1205,228,0.44917541229385255,tp,2026-04-23
600871.SH,long,1258,1446,188,-0.6491754122938402,stop,2026-04-24
600871.SH,long,1708,1928,220,0.22545118418233678,revert,2026-04-28
600871.SH,long,2176,2410,234,-0.6491754122938543,stop,2026-04-30
600871.SH,long,2679,2892,213,0.2370907569470955,revert,2026-05-07
600871.SH,long,3219,3374,155,0.4491754122938538,tp,2026-05-11
600871.SH,long,3490,3615,125,-0.5324923745023977,revert,2026-05-12
600871.SH,long,3810,3856,46,0.23559648747056008,revert,2026-05-13
600871.SH,long,3896,4097,201,-0.6491754122938469,stop,2026-05-14
600871.SH,long,4357,4579,222,0.44917541229385655,tp,2026-05-18
600871.SH,long,4634,4820,186,0.449175412293856,tp,2026-05-19
600871.SH,long,4847,5061,214,-0.6491754122938544,stop,2026-05-20
600871.SH,long,5121,5302,181,-0.6491754122938442,stop,2026-05-21
600871.SH,long,5790,6025,235,-0.1499250374812378,revert,2026-05-26
600871.SH,long,6036,6266,230,-0.6491754122938491,stop,2026-05-27
600871.SH,long,6407,6507,100,0.2786160567784837,revert,2026-05-28
600871.SH,long,6678,6748,70,-0.1499250374812605,revert,2026-05-29
600871.SH,long,6997,7230,233,-0.5712333706564497,revert,2026-06-02
600871.SH,long,7294,7471,177,0.4491754122938629,tp,2026-06-03
600871.SH,long,7484,7712,228,-0.6491754122938571,stop,2026-06-04
600871.SH,long,7932,7953,21,-0.5840557981878486,revert,2026-06-05
600871.SH,long,7971,8194,223,-0.6491754122938543,stop,2026-06-08
600871.SH,long,8209,8435,226,0.44917541229384655,tp,2026-06-09
600871.SH,long,8448,8676,228,0.44917541229384655,tp,2026-06-10
600871.SH,long,8687,8917,230,-0.6491754122938458,stop,2026-06-11
600871.SH,long,9212,9399,187,-0.14992503748125077,revert,2026-06-15
600871.SH,long,9415,9640,225,-0.6058614528352128,revert,2026-06-16
600871.SH,long,9770,9881,111,0.44917541229386926,tp,2026-06-17
600871.SH,long,9945,10122,177,-0.6491754122938544,stop,2026-06-18
600871.SH,long,10152,10363,211,0.4491754122938708,tp,2026-06-22
600871.SH,long,10449,10604,155,-0.6121939030484792,revert,2026-06-23
600871.SH,long,10663,10845,182,-0.6491754122938364,stop,2026-06-24
600871.SH,long,11092,11327,235,-0.6369985738837733,revert,2026-06-26
600871.SH,long,11338,11568,230,0.44917541229387475,tp,2026-06-29
600871.SH,long,11631,11809,178,0.3443822643133807,revert,2026-06-30
600871.SH,long,12085,12291,206,-0.1499250374812445,revert,2026-07-02
600871.SH,long,12392,12532,140,0.4491754122938509,tp,2026-07-03
600871.SH,long,12624,12773,149,0.33244247441498936,revert,2026-07-06
600871.SH,long,12784,13014,230,0.449175412293852,tp,2026-07-07
600871.SH,long,13025,13255,230,0.4491754122938522,tp,2026-07-08
600871.SH,long,13302,13496,194,-0.6491754122938483,stop,2026-07-09
600871.SH,long,13746,13978,232,-0.6231481415690168,revert,2026-07-13
600871.SH,long,14006,14219,213,0.323298066606511,revert,2026-07-14
600871.SH,long,14341,14460,119,-0.6491754122938513,stop,2026-07-15
600935.SH,long,20,241,221,0.44917541229385455,tp,2026-04-17
600935.SH,long,494,723,229,0.44917541229385566,tp,2026-04-21
600935.SH,long,1459,1687,228,0.44917541229385505,tp,2026-04-27
600935.SH,long,1847,1928,81,0.4491754122938544,tp,2026-04-28
600935.SH,long,2312,2410,98,-0.14992503748125705,revert,2026-04-30
600935.SH,long,2421,2651,230,0.44917541229387103,tp,2026-05-06
600935.SH,long,2700,2892,192,-0.14992503748124203,revert,2026-05-07
600935.SH,long,3303,3374,71,0.2341137123745621,revert,2026-05-11
600935.SH,long,3957,4097,140,-0.6491754122938687,stop,2026-05-14
600935.SH,long,4260,4338,78,-0.649175412293845,stop,2026-05-15
600935.SH,long,4357,4579,222,0.2297330422241465,revert,2026-05-18
600935.SH,long,4597,4820,223,-0.6491754122938544,stop,2026-05-19
600935.SH,long,4831,5061,230,0.2478840261144387,revert,2026-05-20
600935.SH,long,5215,5302,87,-0.6491754122938467,stop,2026-05-21
600935.SH,long,5332,5543,211,0.44917541229387836,tp,2026-05-22
600935.SH,long,5796,6025,229,-0.14992503748125113,revert,2026-05-26
600935.SH,long,6047,6266,219,-0.1499250374812378,revert,2026-05-27
600935.SH,long,6684,6748,64,-0.6491754122938518,stop,2026-05-29
600935.SH,long,7033,7230,197,0.26098062080071266,revert,2026-06-02
600935.SH,long,7522,7712,190,-0.6491754122938358,stop,2026-06-04
600935.SH,long,8041,8194,153,-0.5821764442454096,revert,2026-06-08
600935.SH,long,8206,8435,229,0.4491754122938646,tp,2026-06-09
600935.SH,long,8501,8676,175,0.2880138877929636,revert,2026-06-10
600935.SH,long,8687,8917,230,0.2842057232253531,revert,2026-06-11
600935.SH,long,8937,9158,221,0.44917541229386493,tp,2026-06-12
600935.SH,long,9293,9399,106,0.44917541229386226,tp,2026-06-15
600935.SH,long,9420,9640,220,0.2842057232253531,revert,2026-06-16
600935.SH,long,9705,9881,176,-0.6491754122938571,stop,2026-06-17
600935.SH,long,10135,10363,228,0.44917541229384794,tp,2026-06-22
600935.SH,long,10449,10604,155,-0.14992503748125413,revert,2026-06-23
600935.SH,long,10638,10845,207,0.44917541229386626,tp,2026-06-24
600935.SH,long,10856,11086,230,-0.6491754122938403,stop,2026-06-25
600935.SH,long,11333,11568,235,0.44917541229384544,tp,2026-06-29
600935.SH,long,11621,11809,188,0.2767846845808168,revert,2026-06-30
600935.SH,long,12309,12532,223,-0.6491754122938571,stop,2026-07-03
600935.SH,long,12633,12773,140,-0.5897932091223133,revert,2026-07-06
600935.SH,long,12804,13014,210,-0.14992503748124186,revert,2026-07-07
600935.SH,long,13325,13496,171,-0.6491754122938458,stop,2026-07-09
600935.SH,long,14394,14460,66,0.2938530734632503,revert,2026-07-15
601005.SH,long,3143,3374,231,0.4491754122938498,tp,2026-05-11
601005.SH,long,3955,4097,142,-0.1499250374812445,revert,2026-05-14
601005.SH,long,4286,4338,52,0.4491754122938515,tp,2026-05-15
601005.SH,long,4349,4579,230,0.44917541229385255,tp,2026-05-18
601005.SH,long,4613,4820,207,0.4491754122938515,tp,2026-05-19
601005.SH,long,4832,5061,229,-0.14992503748125519,revert,2026-05-20
601005.SH,long,5133,5302,169,-0.6491754122938425,stop,2026-05-21
601005.SH,long,5314,5543,229,0.44917541229387103,tp,2026-05-22
601005.SH,long,5559,5784,225,0.4491754122938536,tp,2026-05-25
601005.SH,long,6064,6266,202,-0.6491754122938567,stop,2026-05-27
601005.SH,long,6319,6507,188,0.44917541229385566,tp,2026-05-28
601005.SH,long,6681,6748,67,-0.14992503748126845,revert,2026-05-29
601005.SH,long,6860,6989,129,0.44917541229385455,tp,2026-06-01
601005.SH,long,7443,7471,28,-0.14992503748126093,revert,2026-06-03
601005.SH,long,7772,7953,181,-0.14992503748125327,revert,2026-06-05
601005.SH,long,7989,8194,205,-0.1499250374812552,revert,2026-06-08
601005.SH,long,8444,8676,232,-0.6491754122938442,stop,2026-06-10
601005.SH,long,8721,8917,196,0.44917541229385904,tp,2026-06-11
601005.SH,long,8935,9158,223,0.4491754122938404,tp,2026-06-12
601005.SH,long,9206,9399,193,-0.6491754122938594,stop,2026-06-15
601005.SH,long,9434,9640,206,-0.1499250374812672,revert,2026-06-16
601005.SH,long,9711,9881,170,0.44917541229385965,tp,2026-06-17
601005.SH,long,9965,10122,157,-0.14992503748125924,revert,2026-06-18
601005.SH,long,10135,10363,228,0.4491754122938603,tp,2026-06-22
601005.SH,long,10493,10604,111,-0.14992503748125113,revert,2026-06-23
601005.SH,long,10615,10845,230,-0.6491754122938358,stop,2026-06-24
601005.SH,long,10868,11086,218,-0.14992503748126582,revert,2026-06-25
601005.SH,long,11119,11327,208,-0.14992503748124872,revert,2026-06-26
601005.SH,long,11345,11568,223,0.44917541229386554,tp,2026-06-29
601005.SH,long,11589,11809,220,-0.14992503748126582,revert,2026-06-30
601005.SH,long,11829,12050,221,0.4491754122938629,tp,2026-07-01
601005.SH,long,12078,12291,213,-0.6491754122938491,stop,2026-07-02
601005.SH,long,12315,12532,217,-0.14992503748123626,revert,2026-07-03
601005.SH,long,12842,13014,172,0.4491754122938442,tp,2026-07-07
601005.SH,long,13028,13255,227,0.4491754122938442,tp,2026-07-08
601005.SH,long,13311,13496,185,0.4491754122938442,tp,2026-07-09
601005.SH,long,13766,13978,212,-0.14992503748126582,revert,2026-07-13
601005.SH,long,13989,14219,230,0.4491754122938629,tp,2026-07-14
601005.SH,long,14333,14460,127,-0.14992503748125313,revert,2026-07-15
601113.SH,long,9,241,232,0.29286908652105526,revert,2026-04-17
601113.SH,long,255,482,227,-0.36192095035283117,revert,2026-04-20
601113.SH,long,677,723,46,0.4491754122938529,tp,2026-04-21
601113.SH,long,855,964,109,-0.5803132916300415,revert,2026-04-22
601113.SH,long,975,1205,230,-0.14992503748124336,revert,2026-04-23
601113.SH,long,1462,1687,225,-0.6491754122938462,stop,2026-04-27
601113.SH,long,2660,2892,232,-0.3641955846111135,revert,2026-05-07
601113.SH,long,3173,3374,201,0.4491754122938552,tp,2026-05-11
601113.SH,long,3487,3615,128,-0.14992503748125466,revert,2026-05-12
601113.SH,long,3866,4097,231,-0.6491754122938571,stop,2026-05-14
601113.SH,long,4426,4579,153,0.44917541229384794,tp,2026-05-18
601113.SH,long,4620,4820,200,0.30393893962109225,revert,2026-05-19
601113.SH,long,5158,5302,144,-0.6491754122938572,stop,2026-05-21
601113.SH,long,5574,5784,210,-0.6491754122938633,stop,2026-05-25
601113.SH,long,5807,6025,218,0.3301233998385497,revert,2026-05-26
601113.SH,long,6056,6266,210,0.09301918383873678,revert,2026-05-27
601113.SH,long,6685,6748,63,-0.6405887965108389,revert,2026-05-29
601113.SH,long,7015,7230,215,0.09540684203353755,revert,2026-06-02
601113.SH,long,7446,7471,25,-0.3983083085322826,revert,2026-06-03
601113.SH,long,7558,7713,155,0.10222161646451461,revert,2026-06-04
601113.SH,long,7724,7953,229,0.4491754122938541,tp,2026-06-05
601113.SH,long,8005,8194,189,-0.3995502248875438,revert,2026-06-08
601113.SH,long,8482,8676,194,-0.6491754122938496,stop,2026-06-10
601113.SH,long,8737,8917,180,-0.1499250374812502,revert,2026-06-11
601113.SH,long,8941,9158,217,0.4491754122938664,tp,2026-06-12
601113.SH,long,9202,9399,197,-0.6491754122938479,stop,2026-06-15
601113.SH,long,9420,9640,220,0.10942580657722716,revert,2026-06-16
601113.SH,long,9674,9881,207,-0.6491754122938443,stop,2026-06-17
601113.SH,long,10001,10122,121,-0.6491754122938492,stop,2026-06-18
601113.SH,long,10133,10363,230,0.4491754122938481,tp,2026-06-22
601113.SH,long,10453,10604,151,-0.6491754122938476,stop,2026-06-23
601113.SH,long,10640,10845,205,-0.6491754122938438,stop,2026-06-24
601113.SH,long,10863,11086,223,-0.6491754122938453,stop,2026-06-25
601113.SH,long,11102,11327,225,-0.6491754122938507,stop,2026-06-26
601113.SH,long,11347,11568,221,0.4491754122938407,tp,2026-06-29
601113.SH,long,11620,11809,189,0.44917541229386754,tp,2026-06-30
601113.SH,long,12102,12291,189,0.14548938548478002,revert,2026-07-02
601113.SH,long,12349,12532,183,0.4491754122938654,tp,2026-07-03
601113.SH,long,12557,12773,216,-0.6491754122938581,stop,2026-07-06
601113.SH,long,12804,13014,210,0.15357063109782593,revert,2026-07-07
601113.SH,long,13031,13255,224,-0.6491754122938543,stop,2026-07-08
601113.SH,long,13312,13496,184,0.44917541229387004,tp,2026-07-09
601113.SH,long,13748,13978,230,-0.6491754122938622,stop,2026-07-13
601113.SH,long,14313,14460,147,-0.6491754122938431,stop,2026-07-15
601236.SH,long,3967,4097,130,-0.6491754122938488,stop,2026-05-14
601236.SH,long,4263,4338,75,-0.42651804291757706,revert,2026-05-15
601236.SH,long,4537,4579,42,0.4102436860111312,revert,2026-05-18
601236.SH,long,5218,5302,84,-0.6491754122938553,stop,2026-05-21
601236.SH,long,5415,5543,128,0.2798457299327611,revert,2026-05-22
601236.SH,long,5927,6025,98,-0.006873354153875311,revert,2026-05-26
601236.SH,long,6313,6507,194,-0.29676338301435456,revert,2026-05-28
601236.SH,long,7366,7471,105,-0.6491754122938507,stop,2026-06-03
601236.SH,long,7575,7712,137,0.43570590071534177,revert,2026-06-04
601236.SH,long,7945,7953,8,-0.6491754122938358,stop,2026-06-05
601236.SH,long,8072,8194,122,-0.6491754122938449,stop,2026-06-08
601236.SH,long,8706,8917,211,-0.6491754122938408,stop,2026-06-11
601236.SH,long,9208,9399,191,-0.4385090691648259,revert,2026-06-15
601236.SH,long,9741,9881,140,-0.005424205408149966,revert,2026-06-17
601236.SH,long,9948,10122,174,-0.6491754122938431,stop,2026-06-18
601236.SH,long,10539,10604,65,-0.6491754122938491,stop,2026-06-23
601236.SH,long,10635,10845,210,-0.6491754122938472,stop,2026-06-24
601236.SH,long,10856,11086,230,0.449175412293851,tp,2026-06-25
601236.SH,long,11100,11327,227,-0.649175412293836,stop,2026-06-26
601236.SH,long,11636,11809,173,-0.002870435180049492,revert,2026-06-30
601236.SH,long,12100,12291,191,0.28108248034256145,revert,2026-07-02
601599.SH,long,1748,1928,180,-0.6491754122938423,stop,2026-04-28
601599.SH,long,3145,3374,229,-0.14992503748125924,revert,2026-05-11
601599.SH,long,3419,3615,196,-0.6491754122938491,stop,2026-05-12
601599.SH,long,3959,4097,138,-0.14992503748125238,revert,2026-05-14
601599.SH,long,4285,4338,53,-0.14992503748125946,revert,2026-05-15
601599.SH,long,4386,4579,193,0.44917541229386426,tp,2026-05-18
601599.SH,long,4691,4820,129,0.4491754122938633,tp,2026-05-19
601599.SH,long,4864,5061,197,-0.1499250374812588,revert,2026-05-20
601599.SH,long,5177,5302,125,-0.6491754122938469,stop,2026-05-21
601599.SH,long,5561,5784,223,0.15265094725366407,revert,2026-05-25
601599.SH,long,5889,6026,137,0.44917541229385477,tp,2026-05-26
601599.SH,long,6074,6266,192,-0.6491754122938582,stop,2026-05-27
601599.SH,long,6309,6507,198,0.4491754122938552,tp,2026-05-28
601599.SH,long,6695,6748,53,-0.6491754122938466,stop,2026-05-29
601599.SH,long,7029,7231,202,-0.6491754122938505,stop,2026-06-02
601599.SH,long,7351,7471,120,-0.46293467686218837,revert,2026-06-03
601599.SH,long,7494,7712,218,-0.4669094024416304,revert,2026-06-04
601599.SH,long,7727,7953,226,0.16806883182612362,revert,2026-06-05
601599.SH,long,8018,8194,176,-0.6491754122938543,stop,2026-06-08
601599.SH,long,8306,8435,129,-0.1499250374812536,revert,2026-06-09
601599.SH,long,8485,8676,191,-0.14992503748124322,revert,2026-06-10
601599.SH,long,8687,8917,230,0.1785291564743959,revert,2026-06-11
601599.SH,long,8938,9158,220,0.4491754122938745,tp,2026-06-12
601599.SH,long,9200,9399,199,-0.47098637176586694,revert,2026-06-15
601599.SH,long,9713,9881,168,-0.47837923143690797,revert,2026-06-17
601599.SH,long,10134,10363,229,0.4491754122938623,tp,2026-06-22
601599.SH,long,10551,10604,53,-0.14992503748125924,revert,2026-06-23
601599.SH,long,10630,10845,215,-0.6491754122938352,stop,2026-06-24
601599.SH,long,10885,11086,201,0.1967766116941783,revert,2026-06-25
601599.SH,long,11102,11327,225,-0.1499250374812456,revert,2026-06-26
601599.SH,long,11342,11568,226,0.4491754122938504,tp,2026-06-29
601599.SH,long,11621,11809,188,0.20796053586108793,revert,2026-06-30
601599.SH,long,12104,12291,187,-0.6491754122938389,stop,2026-07-02
601599.SH,long,12350,12532,182,0.44917541229386443,tp,2026-07-03
601599.SH,long,12649,12773,124,-0.14992503748126382,revert,2026-07-06
601599.SH,long,12848,13014,166,-0.5052633825436045,revert,2026-07-07
601599.SH,long,13312,13496,184,0.44917541229386476,tp,2026-07-09
601599.SH,long,13774,13978,204,0.44917541229386415,tp,2026-07-13
601808.SH,long,756,964,208,-0.6491754122938317,stop,2026-04-22
601808.SH,long,1247,1446,199,-0.649175412293851,stop,2026-04-24
601808.SH,long,1990,2169,179,0.449175412293862,tp,2026-04-29
601808.SH,long,2742,2892,150,0.4491754122938495,tp,2026-05-07
601808.SH,long,3755,3856,101,0.34333574215010076,revert,2026-05-13
601808.SH,long,4350,4579,229,-0.07935961347947239,revert,2026-05-18
601808.SH,long,4879,5061,182,-0.6491754122938544,stop,2026-05-20
601808.SH,long,5259,5302,43,-0.649175412293853,stop,2026-05-21
601808.SH,long,6082,6266,184,0.15380142628305052,revert,2026-05-27
601808.SH,long,6303,6507,204,-0.45551057676977275,revert,2026-05-28
601808.SH,long,7035,7230,195,0.07979139264725629,revert,2026-06-02
601808.SH,long,7359,7471,112,0.4491754122938544,tp,2026-06-03
601808.SH,long,7978,8194,216,-0.6491754122938594,stop,2026-06-08
601808.SH,long,8497,8676,179,0.44917541229385993,tp,2026-06-10
601808.SH,long,8756,8917,161,-0.649175412293846,stop,2026-06-11
601808.SH,long,9423,9640,217,-0.3989277181857906,revert,2026-06-16
601808.SH,long,10461,10604,143,-0.6491754122938587,stop,2026-06-23
601808.SH,long,10637,10845,208,-0.6491754122938433,stop,2026-06-24
601808.SH,long,11115,11327,212,-0.6491754122938311,stop,2026-06-26
601808.SH,long,11343,11568,225,0.4491754122938618,tp,2026-06-29
601808.SH,long,11621,11809,188,0.44917541229385255,tp,2026-06-30
601808.SH,long,12798,13014,216,0.44917541229386243,tp,2026-07-07
601808.SH,long,13264,13496,232,-0.6491754122938433,stop,2026-07-09
601808.SH,long,13828,13978,150,0.44917541229384933,tp,2026-07-13
601808.SH,long,14011,14219,208,-0.6491754122938369,stop,2026-07-14
601969.SH,long,14,241,227,-0.41431182025931745,revert,2026-04-17
601969.SH,long,980,1205,225,0.20957118200576724,revert,2026-04-23
601969.SH,long,1738,1928,190,0.4491754122938506,tp,2026-04-28
601969.SH,long,2174,2410,236,-0.649175412293852,stop,2026-04-30
601969.SH,long,2422,2651,229,0.44917541229385777,tp,2026-05-06
601969.SH,long,2664,2892,228,-0.6491754122938437,stop,2026-05-07
601969.SH,long,2923,3133,210,-0.6491754122938437,stop,2026-05-08
601969.SH,long,3144,3374,230,0.4491754122938584,tp,2026-05-11
601969.SH,long,3392,3615,223,-0.4889745280161096,revert,2026-05-12
601969.SH,long,3711,3856,145,-0.49041975176095404,revert,2026-05-13
601969.SH,long,3882,4097,215,-0.6491754122938409,stop,2026-05-14
601969.SH,long,4120,4338,218,0.44917541229386226,tp,2026-05-15
601969.SH,long,4432,4579,147,-0.649175412293843,stop,2026-05-18
601969.SH,long,4604,4820,216,-0.6491754122938497,stop,2026-05-19
601969.SH,long,4831,5061,230,0.44917541229383656,tp,2026-05-20
601969.SH,long,5088,5302,214,-0.6491754122938497,stop,2026-05-21
601969.SH,long,5553,5784,231,-0.6491754122938544,stop,2026-05-25
601969.SH,long,5806,6025,219,0.44917541229384933,tp,2026-05-26
601969.SH,long,6042,6266,224,-0.6491754122938544,stop,2026-05-27
601969.SH,long,6282,6507,225,0.3605559183598406,revert,2026-05-28
601969.SH,long,6622,6748,126,-0.6491754122938518,stop,2026-05-29
601969.SH,long,7010,7230,220,-0.14992503748125188,revert,2026-06-02
601969.SH,long,7351,7471,120,0.4491754122938555,tp,2026-06-03
601969.SH,long,7482,7712,230,-0.6491754122938622,stop,2026-06-04
601969.SH,long,7723,7953,230,-0.6491754122938626,stop,2026-06-05
601969.SH,long,8005,8194,189,-0.6491754122938543,stop,2026-06-08
601969.SH,long,8217,8435,218,-0.03645904320568176,revert,2026-06-09
601969.SH,long,8482,8676,194,0.44917541229387736,tp,2026-06-10
601969.SH,long,9188,9399,211,-0.46623995288523595,revert,2026-06-15
601969.SH,long,9646,9881,235,-0.6491754122938515,stop,2026-06-17
601969.SH,long,9955,10122,167,-0.6491754122938601,stop,2026-06-18
601969.SH,long,10148,10363,215,0.44917541229386393,tp,2026-06-22
601969.SH,long,10437,10604,167,-0.6491754122938458,stop,2026-06-23
601969.SH,long,10621,10845,224,0.3210658821532517,revert,2026-06-24
601969.SH,long,10868,11086,218,0.08895073994104359,revert,2026-06-25
601969.SH,long,11107,11327,220,-0.6491754122938574,stop,2026-06-26
601969.SH,long,11338,11568,230,0.4491754122938652,tp,2026-06-29
601969.SH,long,11587,11809,222,0.4491754122938593,tp,2026-06-30
601969.SH,long,11835,12050,215,0.449175412293852,tp,2026-07-01
601969.SH,long,12076,12291,215,0.44917541229388125,tp,2026-07-02
601969.SH,long,12302,12532,230,-0.6491754122938572,stop,2026-07-03
601969.SH,long,12556,12773,217,-0.6491754122938572,stop,2026-07-06
601969.SH,long,12797,13014,217,-0.6491754122938393,stop,2026-07-07
601969.SH,long,13026,13255,229,-0.6491754122938544,stop,2026-07-08
601969.SH,long,13306,13496,190,-0.6491754122938419,stop,2026-07-09
601969.SH,long,13749,13978,229,0.44917541229385427,tp,2026-07-13
601969.SH,long,14310,14460,150,-0.5015098084760419,revert,2026-07-15
603036.SH,long,1326,1446,120,-0.20630565575484777,revert,2026-04-24
603036.SH,long,1788,1928,140,0.4491754122938597,tp,2026-04-28
603036.SH,long,1965,2169,204,0.13454811056012342,revert,2026-04-29
603036.SH,long,2580,2651,71,-0.6491754122938386,stop,2026-05-06
603036.SH,long,3143,3374,231,0.025455656246836298,revert,2026-05-11
603036.SH,long,3386,3615,229,-0.6491754122938449,stop,2026-05-12
603036.SH,long,3790,3856,66,0.1483129403040669,revert,2026-05-13
603036.SH,long,3941,4097,156,-0.6491754122938548,stop,2026-05-14
603036.SH,long,4279,4338,59,-0.649175412293856,stop,2026-05-15
603036.SH,long,4349,4579,230,0.4491754122938522,tp,2026-05-18
603036.SH,long,4594,4820,226,0.4491754122938534,tp,2026-05-19
603036.SH,long,4831,5061,230,-0.6491754122938515,stop,2026-05-20
603036.SH,long,5237,5302,65,-0.6491754122938624,stop,2026-05-21
603036.SH,long,5551,5784,233,-0.6491754122938456,stop,2026-05-25
603036.SH,long,6037,6266,229,-0.6491754122938341,stop,2026-05-27
603036.SH,long,6284,6507,223,-0.6491754122938487,stop,2026-05-28
603036.SH,long,6518,6748,230,-0.6491754122938468,stop,2026-05-29
603036.SH,long,6999,7230,231,-0.6491754122938469,stop,2026-06-02
603036.SH,long,7341,7471,130,0.44917541229386043,tp,2026-06-03
603036.SH,long,7536,7713,177,-0.649175412293845,stop,2026-06-04
603036.SH,long,7724,7953,229,0.4491754122938569,tp,2026-06-05
603036.SH,long,7971,8194,223,0.41740493389668615,revert,2026-06-08
603036.SH,long,8440,8676,236,-0.6491754122938459,stop,2026-06-10
603036.SH,long,8687,8917,230,-0.6491754122938562,stop,2026-06-11
603036.SH,long,8928,9158,230,0.44917541229386754,tp,2026-06-12
603036.SH,long,9174,9399,225,-0.6491754122938543,stop,2026-06-15
603036.SH,long,9711,9881,170,-0.42348688669362294,revert,2026-06-17
603036.SH,long,9913,10122,209,0.44917541229386443,tp,2026-06-18
603036.SH,long,10133,10363,230,0.4491754122938638,tp,2026-06-22
603036.SH,long,10375,10604,229,-0.4030304239515102,revert,2026-06-23
603036.SH,long,10622,10845,223,-0.6491754122938463,stop,2026-06-24
603036.SH,long,10866,11086,220,-0.6491754122938528,stop,2026-06-25
603036.SH,long,11161,11327,166,-0.6491754122938578,stop,2026-06-26
603036.SH,long,11342,11568,226,-0.5733175814919297,revert,2026-06-29
603036.SH,long,12120,12291,171,-0.6491754122938407,stop,2026-07-02
603036.SH,long,12310,12532,222,-0.6491754122938561,stop,2026-07-03
603036.SH,long,12544,12773,229,-0.6491754122938436,stop,2026-07-06
603036.SH,long,12784,13014,230,-0.6491754122938599,stop,2026-07-07
603036.SH,long,13025,13255,230,-0.001338616406071627,revert,2026-07-08
603036.SH,long,13316,13496,180,-0.6491754122938506,stop,2026-07-09
603036.SH,long,13664,13737,73,-0.6491754122938582,stop,2026-07-10
603036.SH,long,13748,13978,230,-0.6491754122938482,stop,2026-07-13
603036.SH,long,13989,14219,230,0.4491754122938613,tp,2026-07-14
603036.SH,long,14267,14460,193,-0.23097217624952673,revert,2026-07-15
603089.SH,long,414,482,68,0.006702531087382796,revert,2026-04-20
603089.SH,long,664,723,59,0.44917541229386626,tp,2026-04-21
603089.SH,long,972,1205,233,-0.6491754122938446,stop,2026-04-23
603089.SH,long,1218,1446,228,0.44917541229385227,tp,2026-04-24
603089.SH,long,1752,1928,176,-0.6491754122938602,stop,2026-04-28
603089.SH,long,2255,2410,155,0.36788001850414787,revert,2026-04-30
603089.SH,long,3180,3374,194,-0.6491754122938397,stop,2026-05-11
603089.SH,long,3423,3615,192,0.4491754122938606,tp,2026-05-12
603089.SH,long,3877,4097,220,0.1139958655033677,revert,2026-05-14
603089.SH,long,4280,4338,58,0.37884852807489294,revert,2026-05-15
603089.SH,long,4639,4820,181,0.44917541229385455,tp,2026-05-19
603089.SH,long,4844,5061,217,0.11586930580850033,revert,2026-05-20
603089.SH,long,5240,5302,62,-0.6491754122938523,stop,2026-05-21
603089.SH,long,5558,5784,226,-0.14992503748124877,revert,2026-05-25
603089.SH,long,5797,6025,228,-0.5964817233601389,revert,2026-05-26
603089.SH,long,6074,6266,192,0.03396092009243593,revert,2026-05-27
603089.SH,long,6284,6507,223,0.03566989739331536,revert,2026-05-28
603089.SH,long,6520,6748,228,-0.6491754122938559,stop,2026-05-29
603089.SH,long,7000,7230,230,-0.5377116494732644,revert,2026-06-02
603089.SH,long,7445,7471,26,0.44917541229384306,tp,2026-06-03
603089.SH,long,7494,7712,218,0.44383160253373793,revert,2026-06-04
603089.SH,long,7724,7953,229,-0.05047277158231773,revert,2026-06-05
603089.SH,long,8035,8194,159,-0.44621606110889545,revert,2026-06-08
603089.SH,long,8281,8435,154,-0.5545859289200359,revert,2026-06-09
603089.SH,long,8447,8676,229,0.26098062080071266,revert,2026-06-10
603089.SH,long,8687,8917,230,0.44917541229385693,tp,2026-06-11
603089.SH,long,8934,9158,224,0.4491754122938658,tp,2026-06-12
603089.SH,long,9290,9399,109,0.057018123062814986,revert,2026-06-15
603089.SH,long,9450,9640,190,0.44917541229385716,tp,2026-06-16
603089.SH,long,9704,9881,177,-0.649175412293849,stop,2026-06-17
603089.SH,long,10131,10363,232,0.3909746102030151,revert,2026-06-22
603089.SH,long,10563,10604,41,-0.36282498409644404,revert,2026-06-23
603089.SH,long,10620,10845,225,-0.6491754122938517,stop,2026-06-24
603089.SH,long,10865,11086,221,-0.6491754122938572,stop,2026-06-25
603089.SH,long,11098,11327,229,-0.6491754122938543,stop,2026-06-26
603089.SH,long,11339,11568,229,0.44917541229387214,tp,2026-06-29
603089.SH,long,11623,11809,186,0.44917541229386115,tp,2026-06-30
603089.SH,long,12185,12291,106,-0.6111263075159988,revert,2026-07-02
603089.SH,long,12365,12532,167,0.44917541229386243,tp,2026-07-03
603089.SH,long,12743,12773,30,-0.6491754122938515,stop,2026-07-06
603089.SH,long,12790,13014,224,-0.6491754122938572,stop,2026-07-07
603089.SH,long,13025,13255,230,-0.6328758232733479,revert,2026-07-08
603089.SH,long,13293,13496,203,-0.6491754122938233,stop,2026-07-09
603089.SH,long,13746,13978,232,-0.649175412293839,stop,2026-07-13
603089.SH,long,14224,14460,236,0.08923681871639284,revert,2026-07-15
603137.SH,long,648,723,75,-0.5264336157712941,revert,2026-04-21
603137.SH,long,1463,1687,224,0.4491754122938512,tp,2026-04-27
603137.SH,long,2789,2892,103,0.20950647786257423,revert,2026-05-07
603137.SH,long,3467,3615,148,-0.6491754122938526,stop,2026-05-12
603137.SH,long,5182,5302,120,-0.6491754122938469,stop,2026-05-21
603137.SH,long,5553,5784,231,-0.2984009853809052,revert,2026-05-25
603137.SH,long,6036,6266,230,-0.14992503748125313,revert,2026-05-27
603137.SH,long,6284,6507,223,0.449175412293862,tp,2026-05-28
603137.SH,long,6531,6748,217,-0.6491754122938503,stop,2026-05-29
603137.SH,long,7005,7230,225,-0.6491754122938483,stop,2026-06-02
603137.SH,long,7244,7471,227,-0.6491754122938627,stop,2026-06-03
603137.SH,long,7494,7712,218,-0.6491754122938438,stop,2026-06-04
603137.SH,long,7735,7953,218,0.44917541229386554,tp,2026-06-05
603137.SH,long,8017,8194,177,-0.6491754122938459,stop,2026-06-08
603137.SH,long,8319,8435,116,-0.23570688882362917,revert,2026-06-09
603137.SH,long,8476,8676,200,-0.6491754122938522,stop,2026-06-10
603137.SH,long,8938,9158,220,0.4491754122938484,tp,2026-06-12
603137.SH,long,13620,13737,117,-0.6491754122938497,stop,2026-07-10
603137.SH,long,14017,14219,202,0.44917541229385366,tp,2026-07-14
603137.SH,long,14298,14460,162,-0.6491754122938405,stop,2026-07-15
603196.SH,long,422,482,60,-0.649175412293859,stop,2026-04-20
603196.SH,long,577,723,146,0.4491754122938638,tp,2026-04-21
603196.SH,long,841,964,123,0.44917541229386015,tp,2026-04-22
603196.SH,long,987,1205,218,-0.64917541229384,stop,2026-04-23
603196.SH,long,1223,1446,223,0.44917541229387303,tp,2026-04-24
603196.SH,long,1457,1687,230,-0.64917541229384,stop,2026-04-27
603196.SH,long,1698,1928,230,-0.6491754122938511,stop,2026-04-28
603196.SH,long,2006,2169,163,-0.184308672110206,revert,2026-04-29
603196.SH,long,2186,2410,224,0.4491754122938661,tp,2026-04-30
603196.SH,long,2428,2651,223,0.4491754122938554,tp,2026-05-06
603196.SH,long,2668,2892,224,-0.6491754122938527,stop,2026-05-07
603196.SH,long,3496,3615,119,0.33680931122182284,revert,2026-05-12
603196.SH,long,3868,4097,229,-0.3940572501035509,revert,2026-05-14
603196.SH,long,4128,4338,210,0.4491754122938684,tp,2026-05-15
603196.SH,long,4521,4579,58,0.4491754122938423,tp,2026-05-18
603196.SH,long,4619,4820,201,0.3395361142957952,revert,2026-05-19
603196.SH,long,4862,5061,199,-0.6491754122938463,stop,2026-05-20
603196.SH,long,5088,5302,214,-0.6491754122938452,stop,2026-05-21
603196.SH,long,5353,5543,190,0.44917541229386043,tp,2026-05-22
603196.SH,long,5572,5784,212,0.4491754122938593,tp,2026-05-25
603196.SH,long,5796,6025,229,-0.6491754122938479,stop,2026-05-26
603196.SH,long,6060,6266,206,-0.6491754122938572,stop,2026-05-27
603196.SH,long,6304,6507,203,-0.6491754122938534,stop,2026-05-28
603196.SH,long,6518,6748,230,-0.6491754122938341,stop,2026-05-29
603196.SH,long,6855,6989,134,-0.6491754122938491,stop,2026-06-01
603196.SH,long,7009,7230,221,0.44917541229384805,tp,2026-06-02
603196.SH,long,7444,7471,27,0.4491754122938678,tp,2026-06-03
603196.SH,long,7584,7712,128,0.44917541229385644,tp,2026-06-04
603196.SH,long,7724,7953,229,-0.6491754122938438,stop,2026-06-05
603196.SH,long,8049,8194,145,-0.6491754122938433,stop,2026-06-08
603196.SH,long,8261,8435,174,-0.6491754122938487,stop,2026-06-09
603196.SH,long,8482,8676,194,-0.560830695763227,revert,2026-06-10
603196.SH,long,8687,8917,230,0.31514284776568635,revert,2026-06-11
603196.SH,long,8934,9158,224,0.4491754122938514,tp,2026-06-12
603196.SH,long,9404,9640,236,0.4491754122938569,tp,2026-06-16
603196.SH,long,9653,9881,228,-0.6491754122938439,stop,2026-06-17
603196.SH,long,10129,10363,234,0.44917541229386304,tp,2026-06-22
603196.SH,long,10409,10604,195,-0.6491754122938382,stop,2026-06-23
603196.SH,long,10615,10845,230,0.44917541229385083,tp,2026-06-24
603196.SH,long,10863,11086,223,-0.6491754122938554,stop,2026-06-25
603196.SH,long,11107,11327,220,0.4491754122938532,tp,2026-06-26
603196.SH,long,11346,11568,222,0.44917541229384844,tp,2026-06-29
603196.SH,long,11589,11809,220,0.4491754122938589,tp,2026-06-30
603196.SH,long,11825,12050,225,-0.649175412293848,stop,2026-07-01
603196.SH,long,12188,12292,104,-0.6491754122938416,stop,2026-07-02
603196.SH,long,12344,12532,188,-0.40529607319103045,revert,2026-07-03
603196.SH,long,12582,12773,191,0.41273251540680145,revert,2026-07-06
603196.SH,long,12802,13014,212,-0.6491754122938533,stop,2026-07-07
603196.SH,long,13025,13255,230,0.44917541229385183,tp,2026-07-08
603196.SH,long,13325,13496,171,0.4491754122938763,tp,2026-07-09
603196.SH,long,13718,13737,19,-0.37862424719840715,revert,2026-07-10
603196.SH,long,13749,13978,229,-0.6491754122938554,stop,2026-07-13
603196.SH,long,13991,14219,228,0.44917541229385455,tp,2026-07-14
603262.SH,long,1228,1446,218,-0.3838572708959551,revert,2026-04-24
603262.SH,long,3958,4097,139,-0.2654922538730619,revert,2026-05-14
603262.SH,long,5072,5302,230,0.3193630950251542,revert,2026-05-21
603262.SH,long,5497,5543,46,0.44917541229385755,tp,2026-05-22
603262.SH,long,5554,5784,230,0.4491754122938581,tp,2026-05-25
603262.SH,long,5895,6026,131,-0.6491754122938408,stop,2026-05-26
603262.SH,long,6047,6266,219,0.44917541229385244,tp,2026-05-27
603262.SH,long,6388,6507,119,-0.649175412293844,stop,2026-05-28
603262.SH,long,6763,6989,226,0.4491754122938592,tp,2026-06-01
603262.SH,long,7541,7712,171,-0.6491754122938556,stop,2026-06-04
603262.SH,long,7990,8194,204,0.1798550266151585,revert,2026-06-08
603262.SH,long,8492,8677,185,0.4491754122938546,tp,2026-06-10
603262.SH,long,8688,8917,229,-0.6491754122938522,stop,2026-06-11
603262.SH,long,9034,9158,124,0.44917541229386754,tp,2026-06-12
603262.SH,long,9225,9399,174,0.4491754122938587,tp,2026-06-15
603262.SH,long,9521,9640,119,0.44917541229385477,tp,2026-06-16
603262.SH,long,9744,9881,137,0.4491754122938561,tp,2026-06-17
603262.SH,long,10182,10363,181,0.4491754122938609,tp,2026-06-22
603262.SH,long,10474,10604,130,-0.6491754122938416,stop,2026-06-23
603262.SH,long,10862,11086,224,0.4491754122938728,tp,2026-06-25
603262.SH,long,11130,11327,197,-0.6491754122938429,stop,2026-06-26
603262.SH,long,11338,11568,230,-0.6491754122938519,stop,2026-06-29
603262.SH,long,11603,11809,206,-0.649175412293838,stop,2026-06-30
603262.SH,long,11829,12050,221,0.44917541229385827,tp,2026-07-01
603262.SH,long,12088,12291,203,-0.34922658431262227,revert,2026-07-02
603262.SH,long,12537,12773,236,-0.6491754122938547,stop,2026-07-06
603262.SH,long,12982,13014,32,-0.23090644458790385,revert,2026-07-07
603262.SH,long,13030,13255,225,-0.6491754122938505,stop,2026-07-08
603262.SH,long,13523,13737,214,0.4491754122938587,tp,2026-07-10
603262.SH,long,13922,13978,56,0.44917541229385655,tp,2026-07-13
603262.SH,long,14053,14219,166,0.4491754122938703,tp,2026-07-14
603262.SH,long,14245,14460,215,0.4491754122938549,tp,2026-07-15
603313.SH,long,58,241,183,-0.5320044059602885,revert,2026-04-17
603313.SH,long,1228,1446,218,0.24318549386724836,revert,2026-04-24
603313.SH,long,1744,1928,184,-0.6491754122938396,stop,2026-04-28
603313.SH,long,2175,2410,235,-0.6491754122938581,stop,2026-04-30
603313.SH,long,2423,2651,228,-0.6491754122938543,stop,2026-05-06
603313.SH,long,2736,2892,156,-0.6346341392410366,revert,2026-05-07
603313.SH,long,3138,3374,236,0.009835082458767578,revert,2026-05-11
603313.SH,long,3439,3615,176,-0.6491754122938523,stop,2026-05-12
603313.SH,long,3786,3856,70,0.4491754122938745,tp,2026-05-13
603313.SH,long,3877,4097,220,0.44917541229383884,tp,2026-05-14
603313.SH,long,4134,4338,204,-0.4889745280161096,revert,2026-05-15
603313.SH,long,4648,4820,172,0.449175412293862,tp,2026-05-19
603313.SH,long,4831,5061,230,-0.6491754122938458,stop,2026-05-20
603313.SH,long,5182,5302,120,-0.6491754122938479,stop,2026-05-21
603313.SH,long,5446,5544,98,0.4491754122938473,tp,2026-05-22
603313.SH,long,5571,5784,213,-0.6491754122938392,stop,2026-05-25
603313.SH,long,5972,6025,53,0.44917541229385655,tp,2026-05-26
603313.SH,long,6042,6266,224,-0.6491754122938499,stop,2026-05-27
603313.SH,long,6387,6507,120,0.44917541229384994,tp,2026-05-28
603313.SH,long,6565,6748,183,-0.6491754122938412,stop,2026-05-29
603313.SH,long,7000,7230,230,-0.6491754122938633,stop,2026-06-02
603313.SH,long,7345,7471,126,0.0332861092389526,revert,2026-06-03
603313.SH,long,7503,7712,209,0.44917541229385183,tp,2026-06-04
603313.SH,long,7724,7953,229,-0.6491754122938567,stop,2026-06-05
603313.SH,long,8040,8194,154,-0.6491754122938616,stop,2026-06-08
603313.SH,long,8319,8435,116,0.4491754122938544,tp,2026-06-09
603313.SH,long,8480,8676,196,-0.6491754122938592,stop,2026-06-10
603313.SH,long,8687,8917,230,-0.14992503748125952,revert,2026-06-11
603313.SH,long,8933,9158,225,0.449175412293856,tp,2026-06-12
603313.SH,long,9175,9399,224,-0.6491754122938616,stop,2026-06-15
603313.SH,long,9648,9881,233,-0.6491754122938445,stop,2026-06-17
603313.SH,long,10127,10363,236,-0.6491754122938497,stop,2026-06-22
603313.SH,long,10450,10604,154,0.44917541229385255,tp,2026-06-23
603313.SH,long,10615,10845,230,-0.649175412293847,stop,2026-06-24
603313.SH,long,11099,11327,228,0.44917541229386365,tp,2026-06-26
603313.SH,long,11341,11568,227,0.4491754122938556,tp,2026-06-29
603313.SH,long,11608,11809,201,0.19438556583778918,revert,2026-06-30
603313.SH,long,12102,12291,189,-0.6491754122938522,stop,2026-07-02
603313.SH,long,13388,13496,108,-0.6491754122938508,stop,2026-07-09
603313.SH,long,13709,13737,28,0.4491754122938554,tp,2026-07-10
603313.SH,long,13748,13978,230,0.4491754122938556,tp,2026-07-13
603313.SH,long,14003,14219,216,-0.6491754122938544,stop,2026-07-14
603313.SH,long,14230,14460,230,-0.649175412293843,stop,2026-07-15
603369.SH,long,98,241,143,0.3967707190597241,revert,2026-04-17
603369.SH,long,1076,1205,129,-0.11175604858120569,revert,2026-04-23
603369.SH,long,2290,2410,120,-0.6491754122938554,stop,2026-04-30
603369.SH,long,2663,2892,229,0.449175412293855,tp,2026-05-07
603369.SH,long,3409,3615,206,-0.6491754122938403,stop,2026-05-12
603369.SH,long,3664,3856,192,-0.6491754122938527,stop,2026-05-13
603369.SH,long,4156,4338,182,-0.6491754122938542,stop,2026-05-15
603369.SH,long,4367,4579,212,0.44917541229386687,tp,2026-05-18
603369.SH,long,4674,4820,146,-0.4354148872668726,revert,2026-05-19
603369.SH,long,4844,5061,217,-0.6463387624369662,revert,2026-05-20
603369.SH,long,5270,5303,33,-0.6491754122938466,stop,2026-05-21
603369.SH,long,5320,5543,223,-0.6491754122938448,stop,2026-05-22
603369.SH,long,5982,6025,43,0.1697657041276585,revert,2026-05-26
603369.SH,long,6063,6266,203,0.44917541229386093,tp,2026-05-27
603369.SH,long,6323,6507,184,-0.6491754122938459,stop,2026-05-28
603369.SH,long,6747,6748,1,-0.6491754122938487,stop,2026-05-29
603369.SH,long,6996,7230,234,-0.6491754122938496,stop,2026-06-02
603369.SH,long,7503,7712,209,-0.6491754122938416,stop,2026-06-04
603369.SH,long,7724,7953,229,-0.6491754122938496,stop,2026-06-05
603369.SH,long,7976,8194,218,-0.6491754122938505,stop,2026-06-08
603369.SH,long,8214,8435,221,-0.6491754122938542,stop,2026-06-09
603369.SH,long,8472,8676,204,-0.02624616675971369,revert,2026-06-10
603369.SH,long,8690,8917,227,0.44917541229386104,tp,2026-06-11
603369.SH,long,9236,9399,163,0.08492421762463295,revert,2026-06-15
603369.SH,long,9421,9640,219,-0.6491754122938331,stop,2026-06-16
603369.SH,long,9690,9881,191,0.44917541229385616,tp,2026-06-17
603369.SH,long,9900,10122,222,-0.6491754122938449,stop,2026-06-18
603369.SH,long,10418,10604,186,-0.6491754122938491,stop,2026-06-23
603369.SH,long,10635,10845,210,-0.6491754122938482,stop,2026-06-24
603369.SH,long,11004,11086,82,0.385353714895133,revert,2026-06-25
603369.SH,long,11098,11327,229,-0.649175412293846,stop,2026-06-26
603369.SH,long,11343,11568,225,0.44917541229386365,tp,2026-06-29
603369.SH,long,11587,11809,222,0.4491754122938598,tp,2026-06-30
603369.SH,long,11827,12050,223,0.4491754122938528,tp,2026-07-01
603369.SH,long,12080,12291,211,-0.5989646223494819,revert,2026-07-02
603369.SH,long,12389,12532,143,0.4491754122938617,tp,2026-07-03
603369.SH,long,12551,12773,222,0.4491754122938487,tp,2026-07-06
603369.SH,long,12813,13014,201,-0.6491754122938513,stop,2026-07-07
603369.SH,long,13060,13255,195,-0.6491754122938449,stop,2026-07-08
603369.SH,long,13328,13496,168,-0.19187885049072292,revert,2026-07-09
603369.SH,long,13791,13978,187,0.4491754122938528,tp,2026-07-13
603369.SH,long,14003,14219,216,0.2232687642889639,revert,2026-07-14
603488.SH,long,26,241,215,0.20892518700218907,revert,2026-04-17
603488.SH,long,498,723,225,-0.6491754122938388,stop,2026-04-21
603488.SH,long,765,964,199,0.4491754122938544,tp,2026-04-22
603488.SH,long,1040,1205,165,-0.6021445798839477,revert,2026-04-23
603488.SH,long,1216,1446,230,-0.6491754122938543,stop,2026-04-24
603488.SH,long,1705,1928,223,-0.6491754122938521,stop,2026-04-28
603488.SH,long,2656,2892,236,0.44917541229385477,tp,2026-05-07
603488.SH,long,3019,3133,114,0.44917541229387403,tp,2026-05-08
603488.SH,long,3175,3374,199,-0.6491754122938482,stop,2026-05-11
603488.SH,long,3389,3615,226,-0.649175412293844,stop,2026-05-12
603488.SH,long,3864,4097,233,-0.6491754122938438,stop,2026-05-14
603488.SH,long,4278,4338,60,-0.6491754122938521,stop,2026-05-15
603488.SH,long,4519,4579,60,0.4491754122938757,tp,2026-05-18
603488.SH,long,4600,4820,220,-0.6491754122938433,stop,2026-05-19
603488.SH,long,4831,5061,230,0.4491754122938544,tp,2026-05-20
603488.SH,long,5182,5302,120,-0.6491754122938567,stop,2026-05-21
603488.SH,long,5548,5784,236,-0.6491754122938522,stop,2026-05-25
603488.SH,long,5795,6025,230,0.4491754122938544,tp,2026-05-26
603488.SH,long,6117,6266,149,-0.3251006075909375,revert,2026-05-27
603488.SH,long,6308,6507,199,0.44917541229385916,tp,2026-05-28
603488.SH,long,6529,6748,219,-0.6491754122938458,stop,2026-05-29
603488.SH,long,6846,6989,143,-0.6491754122938476,stop,2026-06-01
603488.SH,long,7007,7230,223,0.44917541229385827,tp,2026-06-02
603488.SH,long,7316,7471,155,0.44917541229387337,tp,2026-06-03
603488.SH,long,7497,7712,215,-0.6491754122938436,stop,2026-06-04
603488.SH,long,7924,7953,29,-0.6491754122938543,stop,2026-06-05
603488.SH,long,8199,8435,236,-0.649175412293846,stop,2026-06-09
603488.SH,long,8503,8676,173,-0.649175412293846,stop,2026-06-10
603488.SH,long,8709,8917,208,0.44917541229384544,tp,2026-06-11
603488.SH,long,8928,9158,230,-0.6491754122938564,stop,2026-06-12
603488.SH,long,9291,9399,108,0.44917541229386954,tp,2026-06-15
603488.SH,long,9410,9640,230,-0.6491754122938564,stop,2026-06-16
603488.SH,long,9651,9881,230,0.4491754122938556,tp,2026-06-17
603488.SH,long,10002,10122,120,-0.6491754122938466,stop,2026-06-18
603488.SH,long,10133,10363,230,-0.6491754122938564,stop,2026-06-22
603488.SH,long,10431,10604,173,-0.6491754122938543,stop,2026-06-23
603488.SH,long,10615,10845,230,-0.6491754122938499,stop,2026-06-24
603488.SH,long,10897,11086,189,-0.6491754122938613,stop,2026-06-25
603488.SH,long,11107,11327,220,0.44917541229385993,tp,2026-06-26
603488.SH,long,11340,11568,228,-0.6491754122938446,stop,2026-06-29
603488.SH,long,11628,11809,181,0.44917541229386704,tp,2026-06-30
603488.SH,long,11823,12050,227,-0.6491754122938568,stop,2026-07-01
603488.SH,long,12095,12291,196,-0.6491754122938446,stop,2026-07-02
603488.SH,long,12308,12532,224,-0.5418782267354797,revert,2026-07-03
603488.SH,long,12543,12773,230,-0.6491754122938445,stop,2026-07-06
603488.SH,long,12795,13014,219,-0.649175412293857,stop,2026-07-07
603488.SH,long,13026,13255,229,-0.6491754122938601,stop,2026-07-08
603488.SH,long,13293,13496,203,0.4491754122938595,tp,2026-07-09
603488.SH,long,13686,13737,51,-0.5946915183833533,revert,2026-07-10
603488.SH,long,13748,13978,230,-0.6491754122938395,stop,2026-07-13
603488.SH,long,14226,14460,234,-0.14992503748124947,revert,2026-07-15
603596.SH,long,1727,1928,201,-0.6491754122938522,stop,2026-04-28
603596.SH,long,2365,2410,45,0.35139601122816977,revert,2026-04-30
603596.SH,long,3144,3374,230,0.44917541229386926,tp,2026-05-11
603596.SH,long,3385,3615,230,-0.6491754122938582,stop,2026-05-12
603596.SH,long,3880,4097,217,-0.6491754122938537,stop,2026-05-14
603596.SH,long,4276,4338,62,-0.6491754122938463,stop,2026-05-15
603596.SH,long,4423,4579,156,-0.18191801247725098,revert,2026-05-18
603596.SH,long,4605,4820,215,-0.4380464464785755,revert,2026-05-19
603596.SH,long,4831,5061,230,0.4491754122938492,tp,2026-05-20
603596.SH,long,5276,5302,26,0.4302435937994313,revert,2026-05-21
603596.SH,long,5450,5543,93,0.44917541229384117,tp,2026-05-22
603596.SH,long,5572,5784,212,-0.6491754122938477,stop,2026-05-25
603596.SH,long,6037,6266,229,-0.6491754122938356,stop,2026-05-27
603596.SH,long,6305,6507,202,0.44917541229388125,tp,2026-05-28
603596.SH,long,6518,6748,230,-0.6491754122938385,stop,2026-05-29
603596.SH,long,6821,6989,168,-0.5525463074914351,revert,2026-06-01
603596.SH,long,7001,7230,229,0.44917541229386054,tp,2026-06-02
603596.SH,long,7275,7471,196,-0.6491754122938487,stop,2026-06-03
603596.SH,long,7719,7953,234,-0.6491754122938502,stop,2026-06-05
603596.SH,long,7980,8194,214,0.4491754122938627,tp,2026-06-08
603596.SH,long,8205,8435,230,-0.6491754122938463,stop,2026-06-09
603596.SH,long,8495,8676,181,-0.6491754122938562,stop,2026-06-10
603596.SH,long,8712,8917,205,0.4491754122938655,tp,2026-06-11
603596.SH,long,8928,9158,230,0.449175412293849,tp,2026-06-12
603596.SH,long,9422,9640,218,-0.5715298578719121,revert,2026-06-16
603596.SH,long,9889,10122,233,-0.6491754122938456,stop,2026-06-18
603596.SH,long,10134,10363,229,-0.6491754122938571,stop,2026-06-22
603596.SH,long,10420,10604,184,-0.6491754122938358,stop,2026-06-23
603596.SH,long,10621,10845,224,-0.6491754122938456,stop,2026-06-24
603596.SH,long,10869,11086,217,-0.6491754122938432,stop,2026-06-25
603596.SH,long,11108,11327,219,-0.6491754122938618,stop,2026-06-26
603596.SH,long,11346,11568,222,0.44917541229385916,tp,2026-06-29
603596.SH,long,11580,11809,229,0.4491754122938635,tp,2026-06-30
603596.SH,long,11828,12050,222,0.44917541229386615,tp,2026-07-01
603596.SH,long,12233,12291,58,-0.542571812795929,revert,2026-07-02
603596.SH,long,12614,12773,159,-0.22394288400646192,revert,2026-07-06
603596.SH,long,12784,13014,230,-0.6491754122938526,stop,2026-07-07
603596.SH,long,13028,13255,227,-0.14992503748124242,revert,2026-07-08
603596.SH,long,13343,13496,153,0.4385822805689562,revert,2026-07-09
603596.SH,long,13706,13737,31,-0.6491754122938563,stop,2026-07-10
603596.SH,long,13757,13978,221,-0.6491754122938471,stop,2026-07-13
603596.SH,long,14043,14219,176,0.4491754122938594,tp,2026-07-14
603596.SH,long,14352,14460,108,-0.6312356529885688,revert,2026-07-15
603686.SH,long,5,241,236,-0.09701031837027126,revert,2026-04-17
603686.SH,long,975,1205,230,-0.6491754122938465,stop,2026-04-23
603686.SH,long,1458,1687,229,0.44917541229387603,tp,2026-04-27
603686.SH,long,2679,2892,213,0.4491754122938677,tp,2026-05-07
603686.SH,long,3258,3374,116,-0.3026009930814165,revert,2026-05-11
603686.SH,long,3483,3615,132,-0.6491754122938546,stop,2026-05-12
603686.SH,long,3865,4097,232,-0.649175412293844,stop,2026-05-14
603686.SH,long,4380,4579,199,0.1285191202502598,revert,2026-05-18
603686.SH,long,4653,4820,167,-0.6491754122938457,stop,2026-05-19
603686.SH,long,4831,5061,230,-0.2649596860555569,revert,2026-05-20
603686.SH,long,5216,5302,86,-0.649175412293845,stop,2026-05-21
603686.SH,long,5566,5784,218,-0.6491754122938489,stop,2026-05-25
603686.SH,long,5796,6025,229,-0.6491754122938506,stop,2026-05-26
603686.SH,long,6036,6266,230,-0.6491754122938518,stop,2026-05-27
603686.SH,long,6309,6507,198,0.44917541229385477,tp,2026-05-28
603686.SH,long,6528,6748,220,-0.6491754122938436,stop,2026-05-29
603686.SH,long,6996,7230,234,-0.6491754122938419,stop,2026-06-02
603686.SH,long,7439,7471,32,-0.6491754122938435,stop,2026-06-03
603686.SH,long,7676,7712,36,0.44917541229386954,tp,2026-06-04
603686.SH,long,7723,7953,230,-0.6491754122938543,stop,2026-06-05
603686.SH,long,8019,8194,175,-0.6491754122938479,stop,2026-06-08
603686.SH,long,8306,8435,129,0.3327756011497156,revert,2026-06-09
603686.SH,long,8498,8676,178,-0.6491754122938462,stop,2026-06-10
603686.SH,long,8736,8917,181,0.44917541229384966,tp,2026-06-11
603686.SH,long,8937,9158,221,0.44917541229386,tp,2026-06-12
603686.SH,long,9212,9399,187,0.44917541229384594,tp,2026-06-15
603686.SH,long,9711,9881,170,-0.6491754122938462,stop,2026-06-17
603686.SH,long,10033,10122,89,-0.07975632703676448,revert,2026-06-18
603686.SH,long,10151,10363,212,0.44917541229386077,tp,2026-06-22
603686.SH,long,10554,10604,50,-0.6491754122938627,stop,2026-06-23
603686.SH,long,10639,10845,206,-0.6491754122938513,stop,2026-06-24
603686.SH,long,10875,11086,211,-0.649175412293858,stop,2026-06-25
603686.SH,long,11112,11327,215,-0.6491754122938562,stop,2026-06-26
603686.SH,long,11342,11568,226,0.08464835710571424,revert,2026-06-29
603686.SH,long,11846,12050,204,0.4491754122938654,tp,2026-07-01
603686.SH,long,12220,12291,71,-0.37583018445527544,revert,2026-07-02
603686.SH,long,12592,12773,181,-0.6491754122938507,stop,2026-07-06
603686.SH,long,12791,13014,223,-0.6491754122938429,stop,2026-07-07
603686.SH,long,13025,13255,230,-0.6491754122938503,stop,2026-07-08
603686.SH,long,13316,13496,180,0.4491754122938726,tp,2026-07-09
603686.SH,long,13747,13978,231,-0.6491754122938483,stop,2026-07-13
603686.SH,long,14348,14460,112,-0.5525463074914164,revert,2026-07-15
603868.SH,long,1461,1687,226,-0.649175412293845,stop,2026-04-27
603868.SH,long,1730,1928,198,0.44917541229385616,tp,2026-04-28
603868.SH,long,1953,2169,216,-0.6491754122938738,stop,2026-04-29
603868.SH,long,2683,2892,209,-0.6491754122938476,stop,2026-05-07
603868.SH,long,3166,3374,208,-0.6491754122938598,stop,2026-05-11
603868.SH,long,3403,3615,212,-0.5164434038879917,revert,2026-05-12
603868.SH,long,3697,3856,159,0.4491754122938786,tp,2026-05-13
603868.SH,long,3937,4097,160,-0.6491754122938579,stop,2026-05-14
603868.SH,long,4127,4338,211,0.449175412293845,tp,2026-05-15
603868.SH,long,4426,4579,153,0.11030450372937715,revert,2026-05-18
603868.SH,long,4599,4820,221,-0.5201318832109105,revert,2026-05-19
603868.SH,long,4861,5061,200,0.4491754122938504,tp,2026-05-20
603868.SH,long,5269,5302,33,-0.3384738706988524,revert,2026-05-21
603868.SH,long,5449,5543,94,0.449175412293862,tp,2026-05-22
603868.SH,long,5567,5784,217,0.360336238550975,revert,2026-05-25
603868.SH,long,5795,6025,230,0.4491754122938685,tp,2026-05-26
603868.SH,long,6036,6266,230,0.44917541229385183,tp,2026-05-27
603868.SH,long,6301,6507,206,0.44917541229384716,tp,2026-05-28
603868.SH,long,7236,7471,235,-0.6491754122938455,stop,2026-06-03
603868.SH,long,7482,7712,230,-0.6491754122938543,stop,2026-06-04
603868.SH,long,7889,7953,64,-0.6491754122938468,stop,2026-06-05
603868.SH,long,8074,8194,120,0.2954365814416529,revert,2026-06-08
603868.SH,long,8485,8676,191,0.4491754122938509,tp,2026-06-10
603868.SH,long,8718,8917,199,0.44917541229386104,tp,2026-06-11
603868.SH,long,8935,9158,223,0.2938530734632595,revert,2026-06-12
603868.SH,long,9237,9399,162,-0.5250842786699141,revert,2026-06-15
603868.SH,long,9410,9640,230,-0.6491754122938475,stop,2026-06-16
603868.SH,long,9747,9881,134,-0.5477341010769521,revert,2026-06-17
603868.SH,long,10129,10363,234,-0.6491754122938409,stop,2026-06-22
603868.SH,long,10479,10604,125,-0.6491754122938491,stop,2026-06-23
603868.SH,long,10675,10845,170,-0.6491754122938482,stop,2026-06-24
603868.SH,long,10857,11086,229,-0.6491754122938536,stop,2026-06-25
603868.SH,long,11173,11327,154,-0.6491754122938403,stop,2026-06-26
603868.SH,long,11348,11568,220,0.4491754122938533,tp,2026-06-29
603868.SH,long,11586,11809,223,0.4491754122938667,tp,2026-06-30
603868.SH,long,11827,12050,223,0.4491754122938641,tp,2026-07-01
603868.SH,long,12277,12291,14,-0.020165355918529956,revert,2026-07-02
603868.SH,long,12393,12532,139,0.4491754122938584,tp,2026-07-03
603868.SH,long,12550,12773,223,-0.21451111442984694,revert,2026-07-06
603868.SH,long,12788,13014,226,-0.649175412293856,stop,2026-07-07
603868.SH,long,13139,13255,116,0.4491754122938651,tp,2026-07-08
603868.SH,long,13359,13496,137,0.4491754122938714,tp,2026-07-09
603868.SH,long,13973,13978,5,-0.11637326498041027,revert,2026-07-13
603929.SH,long,247,482,235,0.3495968165998579,revert,2026-04-20
603929.SH,long,500,723,223,0.3150975146024089,revert,2026-04-21
603929.SH,long,734,964,230,0.44917541229386365,tp,2026-04-22
603929.SH,long,997,1205,208,0.44917541229386027,tp,2026-04-23
603929.SH,long,1241,1446,205,-0.6491754122938496,stop,2026-04-24
603929.SH,long,1459,1687,228,0.4491754122938609,tp,2026-04-27
603929.SH,long,1770,1928,158,-0.6491754122938497,stop,2026-04-28
603929.SH,long,1958,2169,211,0.4491754122938647,tp,2026-04-29
603929.SH,long,2180,2410,230,0.44917541229386704,tp,2026-04-30
603929.SH,long,2564,2651,87,0.44917541229385904,tp,2026-05-06
603929.SH,long,2662,2892,230,0.44113892911774244,revert,2026-05-07
603929.SH,long,2954,3133,179,0.4491754122938553,tp,2026-05-08
603929.SH,long,3290,3374,84,-0.6491754122938441,stop,2026-05-11
603929.SH,long,3385,3615,230,-0.6491754122938429,stop,2026-05-12
603929.SH,long,3868,4097,229,-0.6491754122938516,stop,2026-05-14
603929.SH,long,4121,4338,217,0.36722684428416597,revert,2026-05-15
603929.SH,long,4349,4579,230,-0.6491754122938413,stop,2026-05-18
603929.SH,long,4599,4820,221,0.4491754122938541,tp,2026-05-19
603929.SH,long,4832,5061,229,-0.14459515198097617,revert,2026-05-20
603929.SH,long,5115,5302,187,-0.6491754122938532,stop,2026-05-21
603929.SH,long,5313,5543,230,0.4491754122938771,tp,2026-05-22
603929.SH,long,5567,5784,217,0.4491754122938464,tp,2026-05-25
603929.SH,long,5795,6025,230,-0.5659670164917561,revert,2026-05-26
603929.SH,long,6037,6266,229,0.3239314876511432,revert,2026-05-27
603929.SH,long,6316,6507,191,0.06897584718445546,revert,2026-05-28
603929.SH,long,6518,6748,230,-0.6491754122938541,stop,2026-05-29
603929.SH,long,6835,6989,154,-0.649175412293863,stop,2026-06-01
603929.SH,long,7007,7230,223,0.44917541229384655,tp,2026-06-02
603929.SH,long,7275,7471,196,-0.6491754122938488,stop,2026-06-03
603929.SH,long,7717,7953,236,0.4491754122938367,tp,2026-06-05
603929.SH,long,8550,8676,126,0.44917541229385183,tp,2026-06-10
603929.SH,long,8688,8917,229,0.4491754122938601,tp,2026-06-11
603929.SH,long,8928,9158,230,-0.649175412293838,stop,2026-06-12
603929.SH,long,9169,9399,230,0.3485799093734145,revert,2026-06-15
603929.SH,long,9430,9640,210,-0.6491754122938376,stop,2026-06-16
603929.SH,long,9679,9881,202,0.44917541229386154,tp,2026-06-17
603929.SH,long,9892,10122,230,-0.649175412293846,stop,2026-06-18
603929.SH,long,10133,10363,230,-0.6491754122938617,stop,2026-06-22
603929.SH,long,10375,10604,229,0.44917541229387303,tp,2026-06-23
603929.SH,long,11133,11327,194,0.4491754122938447,tp,2026-06-26
603929.SH,long,11361,11568,207,0.4491754122938692,tp,2026-06-29
603929.SH,long,11579,11809,230,-0.6491754122938403,stop,2026-06-30
603929.SH,long,11868,12050,182,-0.6491754122938648,stop,2026-07-01
603929.SH,long,12066,12291,225,-0.6491754122938522,stop,2026-07-02
603929.SH,long,12309,12532,223,0.44917541229386365,tp,2026-07-03
603929.SH,long,12562,12773,211,-0.6491754122938496,stop,2026-07-06
603929.SH,long,12815,13014,199,0.4491754122938651,tp,2026-07-07
603929.SH,long,13025,13255,230,-0.6491754122938551,stop,2026-07-08
603929.SH,long,13267,13496,229,0.3798575440009607,revert,2026-07-09
603929.SH,long,13655,13737,82,-0.6491754122938482,stop,2026-07-10
603929.SH,long,13874,13978,104,-0.5654223570840153,revert,2026-07-13
603929.SH,long,13989,14219,230,0.44917541229385316,tp,2026-07-14
603929.SH,long,14230,14460,230,-0.6491754122938547,stop,2026-07-15
605006.SH,long,19,241,222,-0.6491754122938543,stop,2026-04-17
605006.SH,long,261,482,221,-0.6491754122938567,stop,2026-04-20
605006.SH,long,535,723,188,-0.6491754122938472,stop,2026-04-21
605006.SH,long,969,1205,236,-0.6491754122938476,stop,2026-04-23
605006.SH,long,1223,1446,223,-0.3434329346954477,revert,2026-04-24
605006.SH,long,1692,1928,236,0.44917541229385594,tp,2026-04-28
605006.SH,long,2174,2410,236,-0.1499250374812585,revert,2026-04-30
605006.SH,long,3402,3615,213,0.44917541229388097,tp,2026-05-12
605006.SH,long,3861,4097,236,-0.649175412293856,stop,2026-05-14
605006.SH,long,4108,4338,230,-0.6491754122938477,stop,2026-05-15
605006.SH,long,4422,4579,157,0.44917541229385183,tp,2026-05-18
605006.SH,long,4604,4820,216,0.4491754122938633,tp,2026-05-19
605006.SH,long,4831,5061,230,0.4491754122938578,tp,2026-05-20
605006.SH,long,5137,5302,165,-0.649175412293851,stop,2026-05-21
605006.SH,long,5548,5785,237,-0.6491754122938496,stop,2026-05-25
605006.SH,long,5799,6025,226,0.44917541229386243,tp,2026-05-26
605006.SH,long,6036,6266,230,0.4491754122938492,tp,2026-05-27
605006.SH,long,6543,6748,205,-0.6491754122938357,stop,2026-05-29
605006.SH,long,6788,6989,201,-0.6491754122938442,stop,2026-06-01
605006.SH,long,7004,7230,226,0.4491754122938598,tp,2026-06-02
605006.SH,long,7374,7471,97,-0.6491754122938423,stop,2026-06-03
605006.SH,long,7721,7953,232,-0.649175412293843,stop,2026-06-05
605006.SH,long,8082,8194,112,0.4491754122938547,tp,2026-06-08
605006.SH,long,8448,8676,228,0.44917541229387004,tp,2026-06-10
605006.SH,long,8687,8917,230,0.44917541229386215,tp,2026-06-11
605006.SH,long,8932,9158,226,-0.6491754122938589,stop,2026-06-12
605006.SH,long,9169,9399,230,0.44917541229385827,tp,2026-06-15
605006.SH,long,9862,9881,19,-0.6491754122938622,stop,2026-06-17
605006.SH,long,10253,10363,110,-0.6491754122938292,stop,2026-06-22
605006.SH,long,10379,10604,225,-0.6491754122938556,stop,2026-06-23
605006.SH,long,10853,11086,233,0.44917541229385705,tp,2026-06-25
605006.SH,long,11174,11327,153,0.44917541229386054,tp,2026-06-26
605006.SH,long,11338,11568,230,-0.649175412293842,stop,2026-06-29
605006.SH,long,11814,12050,236,0.44917541229385116,tp,2026-07-01
605006.SH,long,12063,12291,228,-0.6491754122938594,stop,2026-07-02
605006.SH,long,12344,12532,188,-0.6491754122938396,stop,2026-07-03
605006.SH,long,12543,12773,230,-0.6491754122938558,stop,2026-07-06
605006.SH,long,12793,13014,221,-0.6491754122938529,stop,2026-07-07
605006.SH,long,13027,13255,228,-0.6491754122938439,stop,2026-07-08
605006.SH,long,13279,13496,217,0.4491754122938724,tp,2026-07-09
605006.SH,long,13526,13737,211,-0.6491754122938558,stop,2026-07-10
605006.SH,long,13748,13978,230,-0.6491754122938388,stop,2026-07-13
605006.SH,long,13989,14219,230,0.44917541229386443,tp,2026-07-14
605006.SH,long,14232,14460,228,-0.6491754122938436,stop,2026-07-15
605138.SH,long,664,723,59,0.44917541229386354,tp,2026-04-21
605138.SH,long,1223,1446,223,0.44917541229386354,tp,2026-04-24
605138.SH,long,1693,1928,235,-0.6491754122938433,stop,2026-04-28
605138.SH,long,1954,2169,215,-0.01643563245116137,revert,2026-04-29
605138.SH,long,2594,2651,57,0.44917541229385166,tp,2026-05-06
605138.SH,long,2671,2892,221,0.10708931248662175,revert,2026-05-07
605138.SH,long,2913,3133,220,0.4491754122938564,tp,2026-05-08
605138.SH,long,3380,3615,235,-0.6491754122938528,stop,2026-05-12
605138.SH,long,3663,3856,193,-0.1499250374812462,revert,2026-05-13
605138.SH,long,4186,4338,152,-0.5281450183998884,revert,2026-05-15
605138.SH,long,4358,4579,221,-0.14992503748125482,revert,2026-05-18
605138.SH,long,4634,4820,186,-0.6491754122938515,stop,2026-05-19
605138.SH,long,5241,5302,61,-0.6491754122938572,stop,2026-05-21
605138.SH,long,5551,5784,233,-0.649175412293858,stop,2026-05-25
605138.SH,long,5806,6025,219,-0.6491754122938443,stop,2026-05-26
605138.SH,long,6036,6266,230,-0.6491754122938496,stop,2026-05-27
605138.SH,long,6286,6507,221,-0.6491754122938485,stop,2026-05-28
605138.SH,long,6557,6748,191,-0.6491754122938502,stop,2026-05-29
605138.SH,long,7178,7230,52,-0.009291129083326398,revert,2026-06-02
605138.SH,long,7243,7471,228,-0.6491754122938485,stop,2026-06-03
605138.SH,long,7488,7712,224,-0.6491754122938383,stop,2026-06-04
605138.SH,long,7724,7953,229,0.30325230728054525,revert,2026-06-05
605138.SH,long,8017,8194,177,-0.6491754122938516,stop,2026-06-08
605138.SH,long,8279,8435,156,0.316664097857616,revert,2026-06-09
605138.SH,long,8450,8676,226,-0.6491754122938379,stop,2026-06-10
605138.SH,long,8687,8917,230,0.009325480800293863,revert,2026-06-11
605138.SH,long,8933,9158,225,0.44917541229385893,tp,2026-06-12
605138.SH,long,9214,9399,185,-0.6238969123033348,revert,2026-06-15
605138.SH,long,9410,9640,230,0.44917541229385954,tp,2026-06-16
605138.SH,long,9890,10122,232,0.4491754122938684,tp,2026-06-18
605138.SH,long,10133,10363,230,0.44917541229386104,tp,2026-06-22
605138.SH,long,10566,10604,38,-0.1499250374812512,revert,2026-06-23
605138.SH,long,10638,10845,207,-0.649175412293846,stop,2026-06-24
605138.SH,long,10868,11086,218,0.19379294862036708,revert,2026-06-25
605138.SH,long,11098,11327,229,-0.6491754122938499,stop,2026-06-26
605138.SH,long,11342,11568,226,0.44917541229386704,tp,2026-06-29
605138.SH,long,11620,11809,189,0.44917541229386615,tp,2026-06-30
605138.SH,long,12799,13014,215,-0.6491754122938458,stop,2026-07-07
605138.SH,long,13026,13255,229,0.4491754122938629,tp,2026-07-08
605138.SH,long,13292,13496,204,-0.3217840305320466,revert,2026-07-09
605138.SH,long,13745,13978,233,-0.6491754122938389,stop,2026-07-13
605138.SH,long,13990,14219,229,0.44917541229386476,tp,2026-07-14
605138.SH,long,14230,14460,230,0.44917541229385904,tp,2026-07-15
688019.SH,long,31,241,210,-0.6491754122938458,stop,2026-04-17
688019.SH,long,487,723,236,0.25929658121756244,revert,2026-04-21
688019.SH,long,757,964,207,0.4491754122938595,tp,2026-04-22
688019.SH,long,984,1205,221,-0.6491754122938445,stop,2026-04-23
688019.SH,long,1219,1446,227,0.44917541229386526,tp,2026-04-24
688019.SH,long,1457,1687,230,0.4491754122938516,tp,2026-04-27
688019.SH,long,1898,1928,30,-0.6491754122938582,stop,2026-04-28
688019.SH,long,1945,2169,224,0.44917541229385366,tp,2026-04-29
688019.SH,long,2243,2410,167,0.44917541229387187,tp,2026-04-30
688019.SH,long,2591,2651,60,-0.0358932034230137,revert,2026-05-06
688019.SH,long,2695,2892,197,0.4491754122938526,tp,2026-05-07
688019.SH,long,2939,3133,194,0.4491754122938473,tp,2026-05-08
688019.SH,long,3148,3374,226,0.4491754122938564,tp,2026-05-11
688019.SH,long,3861,4097,236,-0.6491754122938379,stop,2026-05-14
688019.SH,long,4110,4338,228,0.44917541229385316,tp,2026-05-15
688019.SH,long,4401,4579,178,-0.6491754122938453,stop,2026-05-18
688019.SH,long,4603,4820,217,0.44917541229385705,tp,2026-05-19
688019.SH,long,4833,5061,228,0.4491754122938575,tp,2026-05-20
688019.SH,long,5072,5302,230,-0.6491754122938451,stop,2026-05-21
688019.SH,long,5313,5543,230,0.4491754122938684,tp,2026-05-22
688019.SH,long,5566,5784,218,0.4491754122938613,tp,2026-05-25
688019.SH,long,5795,6025,230,0.4491754122938592,tp,2026-05-26
688019.SH,long,6094,6266,172,-0.649175412293846,stop,2026-05-27
688019.SH,long,6279,6507,228,0.44917541229386676,tp,2026-05-28
688019.SH,long,6518,6748,230,-0.6491754122938495,stop,2026-05-29
688019.SH,long,6759,6989,230,-0.6491754122938362,stop,2026-06-01
688019.SH,long,7405,7471,66,-0.6491754122938382,stop,2026-06-03
688019.SH,long,7848,7953,105,-0.649175412293858,stop,2026-06-05
688019.SH,long,8007,8194,187,0.4491754122938618,tp,2026-06-08
688019.SH,long,8464,8676,212,-0.37781891577849597,revert,2026-06-10
688019.SH,long,8712,8917,205,0.44917541229386015,tp,2026-06-11
688019.SH,long,8932,9158,226,-0.6491754122938362,stop,2026-06-12
688019.SH,long,9404,9640,236,-0.64917541229385,stop,2026-06-16
688019.SH,long,9929,10122,193,0.44917541229386365,tp,2026-06-18
688019.SH,long,10160,10363,203,0.44917541229386,tp,2026-06-22
688019.SH,long,10375,10604,229,-0.6491754122938531,stop,2026-06-23
688019.SH,long,10616,10845,229,0.44917541229385777,tp,2026-06-24
688019.SH,long,10856,11086,230,-0.6491754122938417,stop,2026-06-25
688019.SH,long,11107,11327,220,0.44917541229384805,tp,2026-06-26
688019.SH,long,11354,11568,214,0.44917541229384134,tp,2026-06-29
688019.SH,long,11579,11809,230,0.44917541229384944,tp,2026-06-30
688019.SH,long,11883,12050,167,-0.6491754122938294,stop,2026-07-01
688019.SH,long,12187,12291,104,-0.6491754122938431,stop,2026-07-02
688019.SH,long,12310,12532,222,0.44917541229386365,tp,2026-07-03
688019.SH,long,12566,12773,207,-0.6491754122938475,stop,2026-07-06
688019.SH,long,12904,13014,110,0.4491754122938601,tp,2026-07-07
688019.SH,long,13025,13255,230,0.44917541229384716,tp,2026-07-08
688019.SH,long,13273,13496,223,0.44917541229386615,tp,2026-07-09
688019.SH,long,13524,13737,213,-0.6491754122938501,stop,2026-07-10
688019.SH,long,13765,13978,213,-0.64917541229384,stop,2026-07-13
688019.SH,long,13989,14219,230,0.44917541229385716,tp,2026-07-14
688019.SH,long,14230,14460,230,-0.6491754122938519,stop,2026-07-15
688075.SH,long,1111,1205,94,-0.22959265048324698,revert,2026-04-23
688075.SH,long,2175,2410,235,0.44917541229386504,tp,2026-04-30
688075.SH,long,2598,2651,53,-0.1769115442278679,revert,2026-05-06
688075.SH,long,3424,3615,191,-0.4418067341561754,revert,2026-05-12
688075.SH,long,4210,4338,128,-0.6491754122938463,stop,2026-05-15
688075.SH,long,4524,4579,55,0.4491754122938532,tp,2026-05-18
688075.SH,long,4637,4820,183,0.4491754122938754,tp,2026-05-19
688075.SH,long,5169,5302,133,-0.6491754122938483,stop,2026-05-21
688075.SH,long,5644,5784,140,-0.14992503748123912,revert,2026-05-25
688075.SH,long,5795,6025,230,0.449175412293852,tp,2026-05-26
688075.SH,long,6039,6267,228,-0.20573838290470492,revert,2026-05-27
688075.SH,long,6397,6507,110,-0.6491754122938459,stop,2026-05-28
688075.SH,long,6542,6749,207,0.4491754122938544,tp,2026-05-29
688075.SH,long,7014,7230,216,-0.6491754122938365,stop,2026-06-02
688075.SH,long,7294,7471,177,0.4491754122938423,tp,2026-06-03
688075.SH,long,7584,7712,128,0.31077970703974006,revert,2026-06-04
688075.SH,long,7754,7953,199,0.44917541229386215,tp,2026-06-05
688075.SH,long,7964,8194,230,-0.6491754122938472,stop,2026-06-08
688075.SH,long,8218,8435,217,0.32736977591512034,revert,2026-06-09
688075.SH,long,8689,8917,228,0.4491754122938578,tp,2026-06-11
688075.SH,long,8938,9158,220,-0.08628572902840427,revert,2026-06-12
688075.SH,long,9189,9399,210,-0.6491754122938479,stop,2026-06-15
688075.SH,long,9769,9881,112,0.4491754122938632,tp,2026-06-17
688075.SH,long,10004,10122,118,-0.6491754122938431,stop,2026-06-18
688075.SH,long,10133,10363,230,0.4491754122938626,tp,2026-06-22
688075.SH,long,10622,10846,224,-0.6491754122938489,stop,2026-06-24
688075.SH,long,10864,11086,222,0.4491754122938572,tp,2026-06-25
688075.SH,long,11343,11568,225,0.44917541229385366,tp,2026-06-29
688075.SH,long,11590,11809,219,-0.5842010409983986,revert,2026-06-30
688075.SH,long,12097,12291,194,0.047732649676483885,revert,2026-07-02
688075.SH,long,12358,12532,174,0.4491754122938533,tp,2026-07-03
688075.SH,long,12783,13014,231,-0.5800280774125725,revert,2026-07-07
688075.SH,long,13060,13255,195,0.44917541229385366,tp,2026-07-08
688075.SH,long,13320,13496,176,-0.6491754122938527,stop,2026-07-09
688075.SH,long,13665,13737,72,0.4491754122938514,tp,2026-07-10
688075.SH,long,13809,13979,170,-0.6491754122938408,stop,2026-07-13
688075.SH,long,13992,14219,227,0.44917541229385505,tp,2026-07-14
688126.SH,long,256,482,226,0.44917541229384933,tp,2026-04-20
688126.SH,long,493,723,230,-0.6491754122938442,stop,2026-04-21
688126.SH,long,915,964,49,0.44917541229386526,tp,2026-04-22
688126.SH,long,988,1205,217,0.44917541229385655,tp,2026-04-23
688126.SH,long,1216,1446,230,0.44917541229385116,tp,2026-04-24
688126.SH,long,1457,1687,230,-0.3397540773339547,revert,2026-04-27
688126.SH,long,1776,1928,152,-0.6491754122938459,stop,2026-04-28
688126.SH,long,1957,2169,212,-0.6491754122938493,stop,2026-04-29
688126.SH,long,2493,2651,158,0.44917541229386476,tp,2026-05-06
688126.SH,long,2990,3133,143,0.44917541229385105,tp,2026-05-08
688126.SH,long,3144,3374,230,0.44917541229387525,tp,2026-05-11
688126.SH,long,3503,3615,112,-0.6491754122938584,stop,2026-05-12
688126.SH,long,3861,4097,236,0.44917541229386154,tp,2026-05-14
688126.SH,long,4108,4338,230,-0.6491754122938443,stop,2026-05-15
688126.SH,long,4398,4579,181,-0.23166885652546967,revert,2026-05-18
688126.SH,long,4619,4820,201,0.44917541229385677,tp,2026-05-19
688126.SH,long,4834,5061,227,0.4491754122938555,tp,2026-05-20
688126.SH,long,5073,5302,229,-0.6491754122938385,stop,2026-05-21
688126.SH,long,5313,5543,230,0.4491754122938578,tp,2026-05-22
688126.SH,long,5793,6025,232,-0.6491754122938553,stop,2026-05-26
688126.SH,long,6037,6266,229,0.4491754122938587,tp,2026-05-27
688126.SH,long,6512,6748,236,-0.6491754122938527,stop,2026-05-29
688126.SH,long,6759,6989,230,-0.1113281781992714,revert,2026-06-01
688126.SH,long,7004,7230,226,-0.6491754122938341,stop,2026-06-02
688126.SH,long,7358,7471,113,-0.6491754122938456,stop,2026-06-03
688126.SH,long,7844,7953,109,-0.6491754122938366,stop,2026-06-05
688126.SH,long,8049,8194,145,-0.3678589952022817,revert,2026-06-08
688126.SH,long,8216,8435,219,0.4491754122938629,tp,2026-06-09
688126.SH,long,8475,8676,201,-0.6491754122938627,stop,2026-06-10
688126.SH,long,8704,8917,213,0.44917541229384794,tp,2026-06-11
688126.SH,long,8928,9158,230,-0.6491754122938567,stop,2026-06-12
688126.SH,long,9411,9640,229,-0.6491754122938471,stop,2026-06-16
688126.SH,long,9921,10122,201,0.44917541229387065,tp,2026-06-18
688126.SH,long,10140,10363,223,0.36711769001276245,revert,2026-06-22
688126.SH,long,10378,10604,226,-0.649175412293821,stop,2026-06-23
688126.SH,long,10615,10845,230,0.44917541229385194,tp,2026-06-24
688126.SH,long,10883,11086,203,0.4491754122938641,tp,2026-06-25
688126.SH,long,11108,11327,219,0.4491754122938689,tp,2026-06-26
688126.SH,long,11360,11568,208,0.4491754122938766,tp,2026-06-29
688126.SH,long,11579,11809,230,0.4491754122938515,tp,2026-06-30
688126.SH,long,11878,12050,172,-0.649175412293842,stop,2026-07-01
688126.SH,long,12066,12291,225,0.4491754122938521,tp,2026-07-02
688126.SH,long,12309,12532,223,-0.6491754122938469,stop,2026-07-03
688126.SH,long,12543,12773,230,-0.6491754122938389,stop,2026-07-06
688126.SH,long,12906,13014,108,-0.6491754122938348,stop,2026-07-07
688126.SH,long,13025,13255,230,-0.6491754122938244,stop,2026-07-08
688126.SH,long,13526,13737,211,-0.6491754122938505,stop,2026-07-10
688126.SH,long,13763,13978,215,-0.6491754122938489,stop,2026-07-13
688126.SH,long,13989,14219,230,0.4491754122938711,tp,2026-07-14
688126.SH,long,14230,14460,230,-0.6491754122938506,stop,2026-07-15
688181.SH,long,37,241,204,0.449175412293884,tp,2026-04-17
688181.SH,long,984,1205,221,-0.6491754122938441,stop,2026-04-23
688181.SH,long,1216,1446,230,-0.649175412293838,stop,2026-04-24
688181.SH,long,1834,1928,94,-0.6491754122938385,stop,2026-04-28
688181.SH,long,2195,2410,215,0.44917541229386554,tp,2026-04-30
688181.SH,long,2987,3133,146,0.4491754122938766,tp,2026-05-08
688181.SH,long,3495,3615,120,0.44917541229384317,tp,2026-05-12
688181.SH,long,3867,4097,230,-0.43587943076106905,revert,2026-05-14
688181.SH,long,4121,4338,217,0.44917541229385416,tp,2026-05-15
688181.SH,long,4382,4579,197,-0.04743586636242145,revert,2026-05-18
688181.SH,long,4615,4820,205,0.44917541229384467,tp,2026-05-19
688181.SH,long,4862,5061,199,0.4491754122938649,tp,2026-05-20
688181.SH,long,5072,5302,230,-0.6491754122938551,stop,2026-05-21
688181.SH,long,5349,5543,194,0.4491754122938597,tp,2026-05-22
688181.SH,long,5563,5784,221,0.4491754122938615,tp,2026-05-25
688181.SH,long,5800,6025,225,0.44917541229385716,tp,2026-05-26
688181.SH,long,6036,6266,230,-0.6491754122938467,stop,2026-05-27
688181.SH,long,6518,6748,230,-0.6491754122938378,stop,2026-05-29
688181.SH,long,6821,6989,168,-0.6491754122938413,stop,2026-06-01
688181.SH,long,7003,7230,227,-0.6491754122938272,stop,2026-06-02
688181.SH,long,7276,7471,195,-0.6491754122938571,stop,2026-06-03
688181.SH,long,7719,7953,234,0.449175412293872,tp,2026-06-05
688181.SH,long,8033,8194,161,-0.649175412293844,stop,2026-06-08
688181.SH,long,8215,8435,220,0.4491754122938594,tp,2026-06-09
688181.SH,long,8486,8676,190,0.44917541229386193,tp,2026-06-10
688181.SH,long,8925,9158,233,-0.6491754122938436,stop,2026-06-12
688181.SH,long,9751,9881,130,0.4491754122938632,tp,2026-06-17
688181.SH,long,9909,10122,213,0.44917541229386243,tp,2026-06-18
688181.SH,long,10203,10363,160,0.4491754122938507,tp,2026-06-22
688181.SH,long,10612,10845,233,0.4491754122938633,tp,2026-06-24
688181.SH,long,10883,11086,203,-0.6491754122938456,stop,2026-06-25
688181.SH,long,11149,11327,178,0.44917541229385166,tp,2026-06-26
688181.SH,long,11362,11568,206,0.44917541229385455,tp,2026-06-29
688181.SH,long,11579,11809,230,0.44917541229385993,tp,2026-06-30
688181.SH,long,11821,12050,229,-0.5986173980895917,revert,2026-07-01
688181.SH,long,12089,12291,202,-0.6491754122938503,stop,2026-07-02
688181.SH,long,12310,12532,222,-0.6491754122938478,stop,2026-07-03
688181.SH,long,12543,12773,230,-0.6491754122938467,stop,2026-07-06
688181.SH,long,12888,13014,126,-0.6491754122938466,stop,2026-07-07
688181.SH,long,13025,13255,230,0.4491754122938501,tp,2026-07-08
688181.SH,long,13281,13496,215,0.44917541229386154,tp,2026-07-09
688181.SH,long,13530,13737,207,-0.649175412293844,stop,2026-07-10
688181.SH,long,13765,13978,213,-0.6491754122938582,stop,2026-07-13
688181.SH,long,13989,14219,230,0.4491754122938663,tp,2026-07-14
688181.SH,long,14230,14460,230,-0.649175412293856,stop,2026-07-15
688248.SH,long,29,241,212,0.13598556962045374,revert,2026-04-17
688248.SH,long,253,482,229,-0.4731745560172677,revert,2026-04-20
688248.SH,long,493,723,230,-0.6491754122938522,stop,2026-04-21
688248.SH,long,978,1205,227,0.44917541229385594,tp,2026-04-23
688248.SH,long,1216,1446,230,-0.6491754122938527,stop,2026-04-24
688248.SH,long,1457,1687,230,-0.6491754122938447,stop,2026-04-27
688248.SH,long,1845,1928,83,0.4491754122938544,tp,2026-04-28
688248.SH,long,2176,2410,234,0.44917541229385194,tp,2026-04-30
688248.SH,long,2897,3133,236,0.44917541229386426,tp,2026-05-08
688248.SH,long,3169,3374,205,-0.6491754122938519,stop,2026-05-11
688248.SH,long,3546,3615,69,0.20835136254027525,revert,2026-05-12
688248.SH,long,3740,3856,116,-0.6491754122938556,stop,2026-05-13
688248.SH,long,3885,4097,212,-0.6491754122938508,stop,2026-05-14
688248.SH,long,4108,4338,230,0.44917541229385455,tp,2026-05-15
688248.SH,long,4874,5061,187,0.4491754122938595,tp,2026-05-20
688248.SH,long,5081,5302,221,-0.649175412293853,stop,2026-05-21
688248.SH,long,5345,5543,198,0.4491754122938521,tp,2026-05-22
688248.SH,long,5554,5784,230,-0.649175412293843,stop,2026-05-25
688248.SH,long,5803,6025,222,-0.6491754122938527,stop,2026-05-26
688248.SH,long,6043,6266,223,-0.6491754122938503,stop,2026-05-27
688248.SH,long,6387,6507,120,0.4491754122938589,tp,2026-05-28
688248.SH,long,6542,6748,206,0.44917541229385166,tp,2026-05-29
688248.SH,long,6759,6989,230,-0.6491754122938388,stop,2026-06-01
688248.SH,long,7008,7230,222,-0.6491754122938478,stop,2026-06-02
688248.SH,long,7441,7471,30,-0.42398745732348125,revert,2026-06-03
688248.SH,long,7494,7712,218,-0.6491754122938428,stop,2026-06-04
688248.SH,long,7732,7953,221,-0.6491754122938415,stop,2026-06-05
688248.SH,long,8083,8194,111,-0.3944059392462184,revert,2026-06-08
688248.SH,long,8243,8435,192,0.44917541229387586,tp,2026-06-09
688248.SH,long,8523,8676,153,-0.6491754122938485,stop,2026-06-10
688248.SH,long,8687,8917,230,0.4491754122938637,tp,2026-06-11
688248.SH,long,8932,9158,226,0.449175412293874,tp,2026-06-12
688248.SH,long,9709,9881,172,-0.6491754122938496,stop,2026-06-17
688248.SH,long,9899,10122,223,0.4491754122938647,tp,2026-06-18
688248.SH,long,10249,10363,114,0.4491754122938572,tp,2026-06-22
688248.SH,long,10380,10604,224,0.4491754122938704,tp,2026-06-23
688248.SH,long,10618,10845,227,0.4491754122938705,tp,2026-06-24
688248.SH,long,10869,11086,217,0.4491754122938561,tp,2026-06-25
688248.SH,long,11146,11327,181,0.44917541229385755,tp,2026-06-26
688248.SH,long,11338,11568,230,-0.2736741621443129,revert,2026-06-29
688248.SH,long,11820,12050,230,-0.6491754122938448,stop,2026-07-01
688248.SH,long,12176,12291,115,-0.6491754122938554,stop,2026-07-02
688248.SH,long,12490,12532,42,-0.6356657487613637,revert,2026-07-03
688248.SH,long,12543,12773,230,-0.6491754122938552,stop,2026-07-06
688248.SH,long,12857,13014,157,-0.6491754122938539,stop,2026-07-07
688248.SH,long,13025,13255,230,-0.6491754122938476,stop,2026-07-08
688248.SH,long,13290,13496,206,0.4491754122938573,tp,2026-07-09
688248.SH,long,13560,13737,177,-0.6491754122938602,stop,2026-07-10
688248.SH,long,13749,13978,229,-0.6491754122938419,stop,2026-07-13
688248.SH,long,13994,14219,225,0.4491754122938584,tp,2026-07-14
688248.SH,long,14230,14460,230,-0.6491754122938557,stop,2026-07-15
688305.SH,long,678,723,45,-0.20067045928162272,revert,2026-04-21
688305.SH,long,987,1205,218,-0.6491754122938486,stop,2026-04-23
688305.SH,long,1457,1687,230,0.4491754122938695,tp,2026-04-27
688305.SH,long,1821,1928,107,-0.6491754122938376,stop,2026-04-28
688305.SH,long,3415,3615,200,-0.07219650333636866,revert,2026-05-12
688305.SH,long,3958,4097,139,-0.6491754122938477,stop,2026-05-14
688305.SH,long,4376,4579,203,-0.43337811148214717,revert,2026-05-18
688305.SH,long,4611,4820,209,0.4491754122938786,tp,2026-05-19
688305.SH,long,4852,5061,209,0.4491754122938546,tp,2026-05-20
688305.SH,long,5189,5302,113,-0.6491754122938592,stop,2026-05-21
688305.SH,long,5360,5543,183,0.44917541229385316,tp,2026-05-22
688305.SH,long,5560,5784,224,-0.6491754122938389,stop,2026-05-25
688305.SH,long,5796,6025,229,-0.64917541229384,stop,2026-05-26
688305.SH,long,6036,6266,230,-0.6491754122938559,stop,2026-05-27
688305.SH,long,6316,6507,191,0.4491754122938697,tp,2026-05-28
688305.SH,long,6518,6748,230,-0.6491754122938576,stop,2026-05-29
688305.SH,long,6853,6989,136,-0.42929489830461864,revert,2026-06-01
688305.SH,long,7012,7230,218,0.04743222723246967,revert,2026-06-02
688305.SH,long,7383,7471,88,0.44917541229385904,tp,2026-06-03
688305.SH,long,7573,7712,139,-0.6491754122938432,stop,2026-06-04
688305.SH,long,7723,7953,230,0.44917541229385227,tp,2026-06-05
688305.SH,long,8119,8194,75,0.44917541229388236,tp,2026-06-08
688305.SH,long,8456,8676,220,-0.6491754122938421,stop,2026-06-10
688305.SH,long,8780,8917,137,0.4491754122938751,tp,2026-06-11
688305.SH,long,8969,9158,189,-0.6491754122938466,stop,2026-06-12
688305.SH,long,9660,9881,221,-0.555231227529174,revert,2026-06-17
688305.SH,long,10017,10122,105,0.44917541229385705,tp,2026-06-18
688305.SH,long,10139,10363,224,-0.6491754122938417,stop,2026-06-22
688305.SH,long,10381,10604,223,0.44917541229386526,tp,2026-06-23
688305.SH,long,10615,10845,230,0.4491754122938359,tp,2026-06-24
688305.SH,long,10869,11086,217,-0.6491754122938411,stop,2026-06-25
688305.SH,long,11158,11327,169,-0.6491754122938467,stop,2026-06-26
688305.SH,long,11345,11568,223,0.44917541229385916,tp,2026-06-29
688305.SH,long,11817,12050,233,0.4491754122938442,tp,2026-07-01
688305.SH,long,12300,12532,232,-0.649175412293856,stop,2026-07-03
688305.SH,long,12559,12773,214,-0.6491754122938412,stop,2026-07-06
688305.SH,long,12785,13014,229,-0.6491754122938459,stop,2026-07-07
688305.SH,long,13025,13255,230,0.014424928789542267,revert,2026-07-08
688305.SH,long,13281,13496,215,0.4491754122938641,tp,2026-07-09
688305.SH,long,13526,13737,211,-0.6491754122938366,stop,2026-07-10
688305.SH,long,13748,13978,230,-0.6491754122938574,stop,2026-07-13
688305.SH,long,13989,14219,230,0.44917541229385377,tp,2026-07-14
688305.SH,long,14230,14460,230,-0.6084982683007728,revert,2026-07-15
688358.SH,long,977,1205,228,-0.6491754122938429,stop,2026-04-23
688358.SH,long,1732,1928,196,-0.380525672498613,revert,2026-04-28
688358.SH,long,3159,3374,215,0.4491754122938618,tp,2026-05-11
688358.SH,long,3422,3615,193,0.32231888785139584,revert,2026-05-12
688358.SH,long,3752,3856,104,0.4491754122938371,tp,2026-05-13
688358.SH,long,3871,4097,226,0.44917541229384705,tp,2026-05-14
688358.SH,long,4131,4338,207,-0.45240936030016554,revert,2026-05-15
688358.SH,long,4381,4579,198,-0.2112203566724649,revert,2026-05-18
688358.SH,long,4642,4820,178,0.44917541229387137,tp,2026-05-19
688358.SH,long,4835,5061,226,-0.6491754122938499,stop,2026-05-20
688358.SH,long,5160,5302,142,-0.6491754122938346,stop,2026-05-21
688358.SH,long,5447,5543,96,-0.09078966587188003,revert,2026-05-22
688358.SH,long,5566,5784,218,0.449175412293839,tp,2026-05-25
688358.SH,long,5795,6025,230,-0.6491754122938359,stop,2026-05-26
688358.SH,long,6036,6266,230,-0.649175412293847,stop,2026-05-27
688358.SH,long,6348,6507,159,0.4491754122938603,tp,2026-05-28
688358.SH,long,6522,6748,226,-0.6491754122938614,stop,2026-05-29
688358.SH,long,7004,7230,226,-0.6491754122938489,stop,2026-06-02
688358.SH,long,7271,7471,200,-0.649175412293861,stop,2026-06-03
688358.SH,long,7494,7712,218,-0.6491754122938481,stop,2026-06-04
688358.SH,long,8002,8194,192,-0.11789100637361535,revert,2026-06-08
688358.SH,long,8323,8435,112,0.44917541229386526,tp,2026-06-09
688358.SH,long,8484,8676,192,-0.649175412293849,stop,2026-06-10
688358.SH,long,8736,8917,181,0.4491754122938527,tp,2026-06-11
688358.SH,long,8937,9158,221,0.44917541229386015,tp,2026-06-12
688358.SH,long,9413,9640,227,-0.5374414991727912,revert,2026-06-16
688358.SH,long,9830,9881,51,0.4491754122938732,tp,2026-06-17
688358.SH,long,9892,10122,230,-0.18107950704834527,revert,2026-06-18
688358.SH,long,10139,10363,224,0.4491754122938691,tp,2026-06-22
688358.SH,long,10643,10845,202,-0.6491754122938553,stop,2026-06-24
688358.SH,long,10857,11086,229,-0.6491754122938495,stop,2026-06-25
688358.SH,long,11098,11327,229,-0.6491754122938481,stop,2026-06-26
688358.SH,long,11340,11568,228,0.44917541229385993,tp,2026-06-29
688358.SH,long,11599,11809,210,0.44917541229385194,tp,2026-06-30
688358.SH,long,12055,12291,236,-0.49763278546447615,revert,2026-07-02
688358.SH,long,12317,12532,215,-0.5856978406345221,revert,2026-07-03
688358.SH,long,12543,12773,230,0.4491754122938574,tp,2026-07-06
688358.SH,long,12789,13014,225,-0.6491754122938451,stop,2026-07-07
688358.SH,long,13044,13255,211,-0.649175412293852,stop,2026-07-08
688358.SH,long,13277,13496,219,-0.6491754122938511,stop,2026-07-09
688358.SH,long,13742,13978,236,-0.649175412293839,stop,2026-07-13
688358.SH,long,13989,14219,230,-0.6491754122938511,stop,2026-07-14
688408.SH,long,15,241,226,-0.6491754122938556,stop,2026-04-17
688408.SH,long,252,482,230,0.44917541229385444,tp,2026-04-20
688408.SH,long,506,723,217,0.44917541229385116,tp,2026-04-21
688408.SH,long,824,964,140,-0.2909562168068364,revert,2026-04-22
688408.SH,long,978,1205,227,0.44917541229386493,tp,2026-04-23
688408.SH,long,1223,1446,223,-0.3854760517830291,revert,2026-04-24
688408.SH,long,1692,1928,236,-0.6491754122938543,stop,2026-04-28
688408.SH,long,2186,2410,224,-0.6491754122938435,stop,2026-04-30
688408.SH,long,2565,2651,86,-0.6491754122938476,stop,2026-05-06
688408.SH,long,2688,2892,204,-0.6491754122938538,stop,2026-05-07
688408.SH,long,2926,3133,207,-0.6491754122938286,stop,2026-05-08
688408.SH,long,3381,3615,234,-0.6491754122938505,stop,2026-05-12
688408.SH,long,3867,4097,230,-0.6491754122938435,stop,2026-05-14
688408.SH,long,4108,4338,230,0.4491754122938686,tp,2026-05-15
688408.SH,long,4470,4579,109,-0.6242721869468851,revert,2026-05-18
688408.SH,long,4599,4820,221,0.11283831768327166,revert,2026-05-19
688408.SH,long,4831,5061,230,0.44917541229385655,tp,2026-05-20
688408.SH,long,5075,5302,227,-0.6491754122938345,stop,2026-05-21
688408.SH,long,5557,5784,227,-0.6491754122938597,stop,2026-05-25
688408.SH,long,5855,6025,170,0.06291818119717832,revert,2026-05-26
688408.SH,long,6064,6266,202,-0.6491754122938483,stop,2026-05-27
688408.SH,long,6293,6507,214,0.449175412293847,tp,2026-05-28
688408.SH,long,6518,6748,230,-0.6491754122938691,stop,2026-05-29
688408.SH,long,6842,6989,147,-0.6491754122938551,stop,2026-06-01
688408.SH,long,7002,7230,228,-0.6491754122938515,stop,2026-06-02
688408.SH,long,7366,7471,105,-0.6491754122938499,stop,2026-06-03
688408.SH,long,7494,7712,218,0.44917541229386243,tp,2026-06-04
688408.SH,long,7723,7953,230,0.44917541229386,tp,2026-06-05
688408.SH,long,8005,8194,189,-0.6491754122938495,stop,2026-06-08
688408.SH,long,8473,8676,203,0.44917541229386826,tp,2026-06-10
688408.SH,long,8687,8917,230,0.32766329510340003,revert,2026-06-11
688408.SH,long,8934,9158,224,0.4491754122938549,tp,2026-06-12
688408.SH,long,9175,9399,224,-0.2477533277776551,revert,2026-06-15
688408.SH,long,9411,9640,229,0.4491754122938575,tp,2026-06-16
688408.SH,long,9669,9881,212,-0.6491754122938462,stop,2026-06-17
688408.SH,long,9968,10122,154,-0.6491754122938443,stop,2026-06-18
688408.SH,long,10134,10363,229,0.44917541229386504,tp,2026-06-22
688408.SH,long,10470,10604,134,0.017328019407374065,revert,2026-06-23
688408.SH,long,10727,10845,118,-0.6491754122938507,stop,2026-06-24
688408.SH,long,10914,11086,172,0.4491754122938631,tp,2026-06-25
688408.SH,long,11115,11327,212,-0.6491754122938499,stop,2026-06-26
688408.SH,long,11343,11568,225,0.15758982227397847,revert,2026-06-29
688408.SH,long,11593,11809,216,-0.6491754122938498,stop,2026-06-30
688408.SH,long,11838,12050,212,0.4491754122938538,tp,2026-07-01
688408.SH,long,12117,12291,174,-0.6491754122938462,stop,2026-07-02
688408.SH,long,12311,12532,221,0.38546410440891804,revert,2026-07-03
688408.SH,long,12591,12773,182,-0.649175412293838,stop,2026-07-06
688408.SH,long,12796,13014,218,-0.6491754122938471,stop,2026-07-07
688408.SH,long,13026,13255,229,-0.48436890598242455,revert,2026-07-08
688408.SH,long,13272,13496,224,-0.6491754122938458,stop,2026-07-09
688408.SH,long,13746,13978,232,-0.6491754122938553,stop,2026-07-13
688408.SH,long,13999,14219,220,-0.5873407382330221,revert,2026-07-14
688408.SH,long,14386,14460,74,0.44917541229387004,tp,2026-07-15
688573.SH,long,354,482,128,0.35183413318467044,revert,2026-04-20
688573.SH,long,732,964,232,-0.6491754122938372,stop,2026-04-22
688573.SH,long,977,1205,228,-0.6491754122938616,stop,2026-04-23
688573.SH,long,1223,1446,223,0.4491754122938569,tp,2026-04-24
688573.SH,long,1457,1687,230,0.449175412293858,tp,2026-04-27
688573.SH,long,1713,1928,215,-0.6491754122938393,stop,2026-04-28
688573.SH,long,2175,2410,235,0.4491754122938594,tp,2026-04-30
688573.SH,long,2742,2892,150,-0.6491754122938418,stop,2026-05-07
688573.SH,long,2940,3133,193,0.4491754122938554,tp,2026-05-08
688573.SH,long,3145,3374,229,0.4491754122938641,tp,2026-05-11
688573.SH,long,3385,3615,230,-0.6491754122938502,stop,2026-05-12
688573.SH,long,3863,4097,234,-0.6491754122938416,stop,2026-05-14
688573.SH,long,4129,4338,209,0.4491754122938633,tp,2026-05-15
688573.SH,long,4431,4579,148,0.4491754122938729,tp,2026-05-18
688573.SH,long,4601,4820,219,-0.026500964598031414,revert,2026-05-19
688573.SH,long,4853,5061,208,0.4491754122938567,tp,2026-05-20
688573.SH,long,5087,5302,215,-0.6491754122938564,stop,2026-05-21
688573.SH,long,5550,5784,234,-0.6491754122938597,stop,2026-05-25
688573.SH,long,5795,6025,230,-0.6491754122938409,stop,2026-05-26
688573.SH,long,6036,6266,230,-0.6491754122938396,stop,2026-05-27
688573.SH,long,6305,6507,202,0.4491754122938692,tp,2026-05-28
688573.SH,long,6518,6748,230,-0.6491754122938554,stop,2026-05-29
688573.SH,long,6851,6989,138,-0.6491754122938368,stop,2026-06-01
688573.SH,long,7000,7230,230,-0.6491754122938616,stop,2026-06-02
688573.SH,long,7241,7471,230,-0.6491754122938408,stop,2026-06-03
688573.SH,long,7482,7712,230,-0.6491754122938416,stop,2026-06-04
688573.SH,long,7723,7953,230,0.44917541229386726,tp,2026-06-05
688573.SH,long,8006,8194,188,-0.6491754122938415,stop,2026-06-08
688573.SH,long,8373,8435,62,0.11214865008440154,revert,2026-06-09
688573.SH,long,8451,8676,225,-0.6491754122938597,stop,2026-06-10
688573.SH,long,8687,8917,230,0.4491754122938504,tp,2026-06-11
688573.SH,long,8931,9158,227,-0.585713689799923,revert,2026-06-12
688573.SH,long,9214,9399,185,0.44917541229385843,tp,2026-06-15
688573.SH,long,9652,9881,229,-0.6491754122938607,stop,2026-06-17
688573.SH,long,9893,10122,229,-0.649175412293844,stop,2026-06-18
688573.SH,long,10133,10363,230,0.4491754122938737,tp,2026-06-22
688573.SH,long,10479,10604,125,-0.6491754122938518,stop,2026-06-23
688573.SH,long,10615,10845,230,-0.6491754122938341,stop,2026-06-24
688573.SH,long,10869,11086,217,-0.6491754122938459,stop,2026-06-25
688573.SH,long,11107,11327,220,0.4491754122938689,tp,2026-06-26
688573.SH,long,11338,11568,230,-0.6491754122938661,stop,2026-06-29
688573.SH,long,11815,12050,235,0.44917541229385916,tp,2026-07-01
688573.SH,long,12201,12291,90,-0.6491754122938345,stop,2026-07-02
688573.SH,long,12340,12532,192,-0.6491754122938529,stop,2026-07-03
688573.SH,long,12580,12773,193,-0.6491754122938588,stop,2026-07-06
688573.SH,long,12797,13014,217,-0.649175412293839,stop,2026-07-07
688573.SH,long,13025,13255,230,-0.6491754122938448,stop,2026-07-08
688573.SH,long,13306,13496,190,-0.46995732902777976,revert,2026-07-09
688573.SH,long,13731,13737,6,-0.6491754122938479,stop,2026-07-10
688573.SH,long,13748,13978,230,-0.6491754122938412,stop,2026-07-13
688573.SH,long,13989,14219,230,0.4491754122938703,tp,2026-07-14
688573.SH,long,14349,14460,111,-0.6073533913671226,revert,2026-07-15
688626.SH,long,757,964,207,0.44917541229384794,tp,2026-04-22
688626.SH,long,986,1205,219,-0.6491754122938532,stop,2026-04-23
688626.SH,long,1218,1446,228,-0.545677531732128,revert,2026-04-24
688626.SH,long,1787,1928,141,-0.6491754122938423,stop,2026-04-28
688626.SH,long,3159,3374,215,0.44917541229386193,tp,2026-05-11
688626.SH,long,3388,3615,227,0.44917541229385377,tp,2026-05-12
688626.SH,long,3864,4097,233,-0.649175412293847,stop,2026-05-14
688626.SH,long,4117,4338,221,-0.5744021383683596,revert,2026-05-15
688626.SH,long,4430,4579,149,0.4491754122938651,tp,2026-05-18
688626.SH,long,4597,4820,223,-0.6491754122938403,stop,2026-05-19
688626.SH,long,4831,5061,230,-0.6491754122938511,stop,2026-05-20
688626.SH,long,5172,5302,130,-0.6491754122938391,stop,2026-05-21
688626.SH,long,5349,5543,194,0.4491754122938675,tp,2026-05-22
688626.SH,long,5571,5784,213,-0.6491754122938452,stop,2026-05-25
688626.SH,long,5798,6025,227,0.44917541229384367,tp,2026-05-26
688626.SH,long,6058,6266,208,-0.6491754122938518,stop,2026-05-27
688626.SH,long,6298,6507,209,0.4491754122938614,tp,2026-05-28
688626.SH,long,6518,6748,230,-0.6491754122938422,stop,2026-05-29
688626.SH,long,6960,6989,29,-0.2274183048173371,revert,2026-06-01
688626.SH,long,7002,7230,228,-0.649175412293844,stop,2026-06-02
688626.SH,long,7442,7471,29,0.4491754122938706,tp,2026-06-03
688626.SH,long,7601,7712,111,0.4491754122938573,tp,2026-06-04
688626.SH,long,7723,7953,230,-0.6491754122938554,stop,2026-06-05
688626.SH,long,8019,8194,175,-0.6491754122938385,stop,2026-06-08
688626.SH,long,8282,8435,153,0.4491754122938509,tp,2026-06-09
688626.SH,long,8474,8676,202,-0.6491754122938469,stop,2026-06-10
688626.SH,long,8687,8917,230,-0.3619209503528513,revert,2026-06-11
688626.SH,long,9737,9881,144,-0.45734521901608927,revert,2026-06-17
688626.SH,long,9893,10122,229,-0.649175412293846,stop,2026-06-18
688626.SH,long,10133,10363,230,-0.32653361579213186,revert,2026-06-22
688626.SH,long,10563,10604,41,-0.6491754122938351,stop,2026-06-23
688626.SH,long,10619,10845,226,-0.6491754122938491,stop,2026-06-24
688626.SH,long,10867,11086,219,-0.016791604197896635,revert,2026-06-25
688626.SH,long,11097,11327,230,-0.649175412293836,stop,2026-06-26
688626.SH,long,11343,11568,225,0.44917541229383895,tp,2026-06-29
688626.SH,long,12107,12291,184,0.17386928748838854,revert,2026-07-02
688626.SH,long,12310,12532,222,0.4491754122938569,tp,2026-07-03
688626.SH,long,12551,12773,222,0.217312946314307,revert,2026-07-06
688626.SH,long,12784,13014,230,-0.6491754122938422,stop,2026-07-07
688626.SH,long,13031,13255,224,-0.6491754122938613,stop,2026-07-08
688626.SH,long,13293,13496,203,-0.6491754122938324,stop,2026-07-09
688626.SH,long,13746,13978,232,0.4491754122938614,tp,2026-07-13
688626.SH,long,13989,14219,230,-0.6491754122938449,stop,2026-07-14
688626.SH,long,14378,14460,82,-0.6491754122938327,stop,2026-07-15
688690.SH,long,149,241,92,0.44917541229386987,tp,2026-04-17
688690.SH,long,252,482,230,-0.3374369153451211,revert,2026-04-20
688690.SH,long,505,723,218,-0.6491754122938524,stop,2026-04-21
688690.SH,long,1078,1205,127,-0.649175412293857,stop,2026-04-23
688690.SH,long,1229,1446,217,0.4491754122938816,tp,2026-04-24
688690.SH,long,1647,1687,40,0.44917541229388075,tp,2026-04-27
688690.SH,long,1712,1928,216,-0.6491754122938638,stop,2026-04-28
688690.SH,long,1965,2169,204,0.4491754122938771,tp,2026-04-29
688690.SH,long,2183,2410,227,-0.649175412293833,stop,2026-04-30
688690.SH,long,3864,4097,233,-0.6491754122938406,stop,2026-05-14
688690.SH,long,4167,4338,171,0.4491754122938647,tp,2026-05-15
688690.SH,long,4602,4820,218,-0.12182200484335587,revert,2026-05-19
688690.SH,long,5071,5302,231,-0.6491754122938447,stop,2026-05-21
688690.SH,long,5362,5543,181,0.4491754122938684,tp,2026-05-22
688690.SH,long,5558,5784,226,-0.6491754122938511,stop,2026-05-25
688690.SH,long,5796,6025,229,0.44917541229387,tp,2026-05-26
688690.SH,long,6271,6507,236,-0.3954378846967084,revert,2026-05-28
688690.SH,long,6518,6748,230,-0.649175412293853,stop,2026-05-29
688690.SH,long,6787,6989,202,0.44917541229386015,tp,2026-06-01
688690.SH,long,7156,7230,74,-0.6491754122938476,stop,2026-06-02
688690.SH,long,7448,7471,23,0.44917541229386015,tp,2026-06-03
688690.SH,long,7482,7712,230,0.44917541229385594,tp,2026-06-04
688690.SH,long,7827,7953,126,-0.6491754122938449,stop,2026-06-05
688690.SH,long,7964,8194,230,-0.649175412293841,stop,2026-06-08
688690.SH,long,8212,8435,223,-0.6491754122938502,stop,2026-06-09
688690.SH,long,8446,8676,230,0.4111963539082204,revert,2026-06-10
688690.SH,long,8775,8917,142,0.44917541229385566,tp,2026-06-11
688690.SH,long,8948,9158,210,0.4491754122938671,tp,2026-06-12
688690.SH,long,9412,9640,228,-0.6491754122938435,stop,2026-06-16
688690.SH,long,9905,10122,217,0.4491754122938487,tp,2026-06-18
688690.SH,long,10154,10363,209,0.4491754122938552,tp,2026-06-22
688690.SH,long,10376,10604,228,-0.6491754122938428,stop,2026-06-23
688690.SH,long,10616,10845,229,0.44917541229387536,tp,2026-06-24
688690.SH,long,10866,11086,220,0.44917541229387065,tp,2026-06-25
688690.SH,long,11100,11327,227,-0.6491754122938465,stop,2026-06-26
688690.SH,long,11383,11568,185,0.4491754122938658,tp,2026-06-29
688690.SH,long,11579,11809,230,0.08014425966732903,revert,2026-06-30
688690.SH,long,12059,12291,232,-0.6491754122938438,stop,2026-07-02
688690.SH,long,12302,12532,230,-0.6491754122938579,stop,2026-07-03
688690.SH,long,12683,12773,90,-0.6491754122938317,stop,2026-07-06
688690.SH,long,12817,13014,197,-0.6491754122938365,stop,2026-07-07
688690.SH,long,13030,13255,225,-0.6491754122938538,stop,2026-07-08
688690.SH,long,13271,13496,225,0.4491754122938632,tp,2026-07-09
688690.SH,long,13619,13737,118,-0.6491754122938593,stop,2026-07-10
688690.SH,long,13749,13978,229,-0.6491754122938479,stop,2026-07-13
688690.SH,long,13994,14219,225,0.44917541229386104,tp,2026-07-14
688690.SH,long,14329,14460,131,-0.6491754122938522,stop,2026-07-15
688777.SH,long,490,723,233,-0.6491754122938413,stop,2026-04-21
688777.SH,long,753,964,211,0.2149707195810052,revert,2026-04-22
688777.SH,long,981,1205,224,-0.6491754122938503,stop,2026-04-23
688777.SH,long,1216,1446,230,0.449175412293868,tp,2026-04-24
688777.SH,long,1842,1928,86,0.4491754122938473,tp,2026-04-28
688777.SH,long,2051,2169,118,-0.020199072868409697,revert,2026-04-29
688777.SH,long,2539,2651,112,-0.3680176657211925,revert,2026-05-06
688777.SH,long,2718,2892,174,0.44917541229386626,tp,2026-05-07
688777.SH,long,2934,3133,199,-0.6491754122938442,stop,2026-05-08
688777.SH,long,3145,3374,229,0.44917541229386726,tp,2026-05-11
688777.SH,long,3393,3615,222,-0.6491754122938533,stop,2026-05-12
688777.SH,long,3863,4097,234,-0.6491754122938405,stop,2026-05-14
688777.SH,long,4120,4338,218,0.44917541229386887,tp,2026-05-15
688777.SH,long,4595,4820,225,0.41432979738940995,revert,2026-05-19
688777.SH,long,4856,5061,205,0.32636152111338856,revert,2026-05-20
688777.SH,long,5073,5302,229,-0.6491754122938487,stop,2026-05-21
688777.SH,long,5319,5543,224,0.44917541229384794,tp,2026-05-22
688777.SH,long,5563,5784,221,0.44917541229385427,tp,2026-05-25
688777.SH,long,5802,6025,223,0.4491754122938418,tp,2026-05-26
688777.SH,long,6082,6266,184,-0.6491754122938469,stop,2026-05-27
688777.SH,long,6512,6748,236,-0.6491754122938425,stop,2026-05-29
688777.SH,long,6819,6989,170,-0.038857100926735874,revert,2026-06-01
688777.SH,long,7007,7230,223,0.44917541229385244,tp,2026-06-02
688777.SH,long,7383,7471,88,-0.6491754122938547,stop,2026-06-03
688777.SH,long,7483,7712,229,-0.06148387276686977,revert,2026-06-04
688777.SH,long,7727,7953,226,0.44917541229386904,tp,2026-06-05
688777.SH,long,8144,8194,50,0.4491754122938643,tp,2026-06-08
688777.SH,long,8443,8676,233,-0.6491754122938449,stop,2026-06-10
688777.SH,long,8722,8917,195,0.4491754122938612,tp,2026-06-11
688777.SH,long,9046,9158,112,-0.6491754122938608,stop,2026-06-12
688777.SH,long,9170,9399,229,0.44917541229385616,tp,2026-06-15
688777.SH,long,9520,9640,120,-0.36112162789303975,revert,2026-06-16
688777.SH,long,10152,10363,211,-0.6491754122938475,stop,2026-06-22
688777.SH,long,10376,10604,228,0.4491754122938476,tp,2026-06-23
688777.SH,long,10615,10845,230,0.449175412293862,tp,2026-06-24
688777.SH,long,11022,11086,64,0.35183413318466183,revert,2026-06-25
688777.SH,long,11109,11327,218,0.44917541229386165,tp,2026-06-26
688777.SH,long,11338,11568,230,0.4491754122938666,tp,2026-06-29
688777.SH,long,11579,11809,230,0.44917541229387015,tp,2026-06-30
688777.SH,long,11833,12050,217,-0.6491754122938409,stop,2026-07-01
688777.SH,long,12061,12291,230,-0.6491754122938396,stop,2026-07-02
688777.SH,long,12313,12532,219,0.44917541229386077,tp,2026-07-03
688777.SH,long,12594,12773,179,0.4491754122938684,tp,2026-07-06
688777.SH,long,12813,13014,201,0.1169263607196063,revert,2026-07-07
688777.SH,long,13034,13255,221,0.44917541229386676,tp,2026-07-08
688777.SH,long,13279,13496,217,0.4491754122938566,tp,2026-07-09
688777.SH,long,13513,13737,224,-0.6491754122938433,stop,2026-07-10
688777.SH,long,13748,13978,230,-0.6491754122938539,stop,2026-07-13
688777.SH,long,13994,14219,225,0.44917541229386093,tp,2026-07-14
688777.SH,long,14230,14460,230,-0.6491754122938388,stop,2026-07-15
920045.BJ,long,32,241,209,0.4491754122938415,tp,2026-04-17
920045.BJ,long,259,482,223,0.449175412293862,tp,2026-04-20
920045.BJ,long,495,723,228,0.4491754122938554,tp,2026-04-21
920045.BJ,long,973,1205,232,-0.6491754122938463,stop,2026-04-23
920045.BJ,long,1216,1446,230,-0.6491754122938538,stop,2026-04-24
920045.BJ,long,1461,1687,226,0.4491754122938652,tp,2026-04-27
920045.BJ,long,1726,1928,202,-0.6491754122938339,stop,2026-04-28
920045.BJ,long,2186,2410,224,0.09848490703102751,revert,2026-04-30
920045.BJ,long,2423,2651,228,0.44917541229386554,tp,2026-05-06
920045.BJ,long,2976,3133,157,0.44917541229385366,tp,2026-05-08
920045.BJ,long,3144,3374,230,-0.6491754122938471,stop,2026-05-11
920045.BJ,long,3385,3615,230,-0.6491754122938442,stop,2026-05-12
920045.BJ,long,3869,4097,228,-0.6491754122938423,stop,2026-05-14
920045.BJ,long,4112,4338,226,-0.6491754122938456,stop,2026-05-15
920045.BJ,long,4584,4820,236,-0.002921219240614639,revert,2026-05-19
920045.BJ,long,4831,5061,230,-0.6491754122938528,stop,2026-05-20
920045.BJ,long,5072,5302,230,-0.6491754122938416,stop,2026-05-21
920045.BJ,long,5314,5543,229,0.44917541229385777,tp,2026-05-22
920045.BJ,long,5557,5784,227,0.4491754122938546,tp,2026-05-25
920045.BJ,long,5795,6025,230,0.44917541229385455,tp,2026-05-26
920045.BJ,long,6147,6266,119,-0.6491754122938403,stop,2026-05-27
920045.BJ,long,6351,6507,156,0.44917541229384783,tp,2026-05-28
920045.BJ,long,6518,6748,230,0.44917541229385516,tp,2026-05-29
920045.BJ,long,6759,6989,230,-0.6491754122938345,stop,2026-06-01
920045.BJ,long,7235,7471,236,-0.6491754122938335,stop,2026-06-03
920045.BJ,long,7524,7712,188,-0.6491754122938523,stop,2026-06-04
920045.BJ,long,7723,7953,230,-0.6491754122938497,stop,2026-06-05
920045.BJ,long,8199,8435,236,-0.26160123686854275,revert,2026-06-09
920045.BJ,long,8446,8676,230,-0.6491754122938369,stop,2026-06-10
920045.BJ,long,8712,8917,205,0.449175412293872,tp,2026-06-11
920045.BJ,long,8941,9158,217,-0.3119660383448431,revert,2026-06-12
920045.BJ,long,9623,9640,17,-0.6491754122938465,stop,2026-06-16
920045.BJ,long,9886,10122,236,0.44917541229385183,tp,2026-06-18
920045.BJ,long,10183,10363,180,0.4491754122938763,tp,2026-06-22
920045.BJ,long,10375,10604,229,-0.6491754122938428,stop,2026-06-23
920045.BJ,long,10619,10845,226,-0.594684958405769,revert,2026-06-24
920045.BJ,long,10856,11086,230,-0.6491754122938468,stop,2026-06-25
920045.BJ,long,11099,11327,228,-0.6491754122938505,stop,2026-06-26
920045.BJ,long,11363,11568,205,0.44917541229387137,tp,2026-06-29
920045.BJ,long,11814,12050,236,-0.6491754122938513,stop,2026-07-01
920045.BJ,long,12168,12291,123,-0.6491754122938448,stop,2026-07-02
920045.BJ,long,12499,12532,33,0.4491754122938439,tp,2026-07-03
920045.BJ,long,12543,12773,230,-0.03809295352323937,revert,2026-07-06
920045.BJ,long,12815,13014,199,0.4491754122938649,tp,2026-07-07
920045.BJ,long,13025,13255,230,0.44917541229384644,tp,2026-07-08
920045.BJ,long,13271,13496,225,0.4491754122938482,tp,2026-07-09
920045.BJ,long,13516,13737,221,-0.6491754122938515,stop,2026-07-10
920045.BJ,long,13759,13978,219,-0.6491754122938593,stop,2026-07-13
920045.BJ,long,13990,14219,229,0.4491754122938501,tp,2026-07-14
920045.BJ,long,14230,14460,230,-0.6491754122938559,stop,2026-07-15
920130.BJ,long,384,482,98,-0.6491754122938471,stop,2026-04-20
920130.BJ,long,503,724,221,-0.5438109347693055,revert,2026-04-21
920130.BJ,long,982,1205,223,-0.6491754122938543,stop,2026-04-23
920130.BJ,long,1226,1446,220,0.10583847420551547,revert,2026-04-24
920130.BJ,long,1457,1687,230,0.4491754122938729,tp,2026-04-27
920130.BJ,long,1734,1928,194,-0.6491754122938517,stop,2026-04-28
920130.BJ,long,2353,2410,57,0.11478884099838035,revert,2026-04-30
920130.BJ,long,2897,3133,236,0.4491754122938697,tp,2026-05-08
920130.BJ,long,3156,3374,218,-0.6491754122938467,stop,2026-05-11
920130.BJ,long,3423,3615,192,-0.6491754122938456,stop,2026-05-12
920130.BJ,long,3868,4097,229,-0.6491754122938492,stop,2026-05-14
920130.BJ,long,4129,4338,209,-0.6491754122938305,stop,2026-05-15
920130.BJ,long,4367,4579,212,0.4491754122938618,tp,2026-05-18
920130.BJ,long,4668,4821,153,-0.5642407012261542,revert,2026-05-19
920130.BJ,long,4843,5061,218,-0.6491754122938357,stop,2026-05-20
920130.BJ,long,5119,5302,183,-0.6491754122938543,stop,2026-05-21
920130.BJ,long,5313,5543,230,0.4491754122938712,tp,2026-05-22
920130.BJ,long,5558,5784,226,-0.64917541229384,stop,2026-05-25
920130.BJ,long,5801,6025,224,-0.6491754122938468,stop,2026-05-26
920130.BJ,long,6051,6266,215,-0.6491754122938451,stop,2026-05-27
920130.BJ,long,6398,6507,109,0.4491754122938589,tp,2026-05-28
920130.BJ,long,6528,6748,220,-0.6491754122938486,stop,2026-05-29
920130.BJ,long,6832,6989,157,-0.5539426818382778,revert,2026-06-01
920130.BJ,long,7235,7471,236,-0.6491754122938427,stop,2026-06-03
920130.BJ,long,7486,7712,226,-0.6491754122938374,stop,2026-06-04
920130.BJ,long,8088,8194,106,0.449175412293856,tp,2026-06-08
920130.BJ,long,8300,8435,135,0.3158479069503149,revert,2026-06-09
920130.BJ,long,8462,8676,214,-0.6491754122938515,stop,2026-06-10
920130.BJ,long,8687,8917,230,-0.6491754122938512,stop,2026-06-11
920130.BJ,long,8930,9158,228,0.307503316404638,revert,2026-06-12
920130.BJ,long,9207,9399,192,0.040871284103184656,revert,2026-06-15
920130.BJ,long,9410,9641,231,0.4336143616503453,revert,2026-06-16
920130.BJ,long,9726,9881,155,-0.6491754122938378,stop,2026-06-17
920130.BJ,long,9892,10122,230,-0.6491754122938462,stop,2026-06-18
920130.BJ,long,10133,10363,230,0.44917541229385516,tp,2026-06-22
920130.BJ,long,10409,10604,195,-0.6491754122938528,stop,2026-06-23
920130.BJ,long,10623,10845,222,-0.6491754122938527,stop,2026-06-24
920130.BJ,long,10861,11086,225,-0.6491754122938459,stop,2026-06-25
920130.BJ,long,11097,11327,230,-0.6491754122938419,stop,2026-06-26
920130.BJ,long,11339,11568,229,0.07147202451990142,revert,2026-06-29
920130.BJ,long,11629,11809,180,-0.6491754122938581,stop,2026-06-30
920130.BJ,long,11828,12050,222,0.4491754122938533,tp,2026-07-01
920130.BJ,long,12080,12291,211,-0.6491754122938507,stop,2026-07-02
920130.BJ,long,12307,12532,225,0.4491754122938534,tp,2026-07-03
920130.BJ,long,12545,12773,228,-0.6491754122938526,stop,2026-07-06
920130.BJ,long,12810,13014,204,-0.6491754122938487,stop,2026-07-07
920130.BJ,long,13034,13255,221,0.44917541229385904,tp,2026-07-08
920130.BJ,long,13312,13496,184,0.449175412293845,tp,2026-07-09
920130.BJ,long,13722,13737,15,0.22629981166162372,revert,2026-07-10
920130.BJ,long,13749,13978,229,-0.6491754122938448,stop,2026-07-13
920130.BJ,long,13997,14219,222,0.4491754122938529,tp,2026-07-14
920130.BJ,long,14335,14460,125,-0.6491754122938562,stop,2026-07-15
920227.BJ,long,384,482,98,0.0048812802900791725,revert,2026-04-20
920227.BJ,long,494,723,229,-0.6491754122938452,stop,2026-04-21
920227.BJ,long,987,1205,218,-0.6491754122938531,stop,2026-04-23
920227.BJ,long,1227,1447,220,-0.4529090815347467,revert,2026-04-24
920227.BJ,long,1735,1928,193,-0.6491754122938542,stop,2026-04-28
920227.BJ,long,2315,2410,95,0.44917541229386493,tp,2026-04-30
920227.BJ,long,2898,3133,235,-0.6491754122938463,stop,2026-05-08
920227.BJ,long,3155,3374,219,0.4041136028779686,revert,2026-05-11
920227.BJ,long,3477,3615,138,-0.6491754122938456,stop,2026-05-12
920227.BJ,long,3633,3856,223,0.4491754122938684,tp,2026-05-13
920227.BJ,long,3867,4097,230,-0.6491754122938379,stop,2026-05-14
920227.BJ,long,4120,4338,218,0.4491754122938589,tp,2026-05-15
920227.BJ,long,4420,4579,159,0.4491754122938633,tp,2026-05-18
920227.BJ,long,4826,5061,235,-0.6491754122938416,stop,2026-05-20
920227.BJ,long,5079,5302,223,-0.6491754122938531,stop,2026-05-21
920227.BJ,long,5352,5543,191,0.0688967721129525,revert,2026-05-22
920227.BJ,long,5560,5785,225,0.449175412293864,tp,2026-05-25
920227.BJ,long,5801,6025,224,-0.6491754122938492,stop,2026-05-26
920227.BJ,long,6055,6266,211,-0.6491754122938508,stop,2026-05-27
920227.BJ,long,6284,6507,223,0.44917541229385954,tp,2026-05-28
920227.BJ,long,6520,6748,228,0.44917541229386676,tp,2026-05-29
920227.BJ,long,6995,7230,235,0.4491754122938578,tp,2026-06-02
920227.BJ,long,7298,7471,173,-0.6491754122938399,stop,2026-06-03
920227.BJ,long,7489,7712,223,-0.45977786901739937,revert,2026-06-04
920227.BJ,long,7723,7953,230,-0.6491754122938497,stop,2026-06-05
920227.BJ,long,8120,8194,74,0.44917541229386704,tp,2026-06-08
920227.BJ,long,8218,8435,217,0.449175412293866,tp,2026-06-09
920227.BJ,long,8460,8676,216,-0.6491754122938326,stop,2026-06-10
920227.BJ,long,8687,8917,230,-0.6491754122938501,stop,2026-06-11
920227.BJ,long,8931,9158,227,0.44917541229386626,tp,2026-06-12
920227.BJ,long,9216,9399,183,-0.011292514103919193,revert,2026-06-15
920227.BJ,long,9546,9640,94,-0.536056457621064,revert,2026-06-16
920227.BJ,long,9892,10122,230,-0.2208161095171305,revert,2026-06-18
920227.BJ,long,10137,10363,226,0.4491754122938593,tp,2026-06-22
920227.BJ,long,10426,10604,178,-0.6491754122938409,stop,2026-06-23
920227.BJ,long,10680,10846,166,0.42713878747821976,revert,2026-06-24
920227.BJ,long,10863,11086,223,-0.6491754122938431,stop,2026-06-25
920227.BJ,long,11099,11327,228,-0.6491754122938588,stop,2026-06-26
920227.BJ,long,11339,11568,229,-0.6491754122938432,stop,2026-06-29
920227.BJ,long,11621,11810,189,0.44917541229385716,tp,2026-06-30
920227.BJ,long,11843,12050,207,0.4491754122938703,tp,2026-07-01
920227.BJ,long,12061,12291,230,-0.649175412293846,stop,2026-07-02
920227.BJ,long,12650,12773,123,-0.149925037481249,revert,2026-07-06
920227.BJ,long,12908,13014,106,-0.6491754122938511,stop,2026-07-07
920227.BJ,long,13323,13496,173,-0.6491754122938517,stop,2026-07-09
920227.BJ,long,13667,13737,70,-0.6491754122938503,stop,2026-07-10
920227.BJ,long,13756,13978,222,-0.6491754122938449,stop,2026-07-13
920227.BJ,long,13992,14219,227,0.44917541229386443,tp,2026-07-14
920227.BJ,long,14366,14460,94,0.4491754122938584,tp,2026-07-15
920608.BJ,long,464,482,18,0.2590571302996855,revert,2026-04-20
920608.BJ,long,503,723,220,-0.6491754122938405,stop,2026-04-21
920608.BJ,long,768,964,196,0.20499229058455679,revert,2026-04-22
920608.BJ,long,976,1205,229,-0.6491754122938361,stop,2026-04-23
920608.BJ,long,1253,1446,193,0.4491754122938621,tp,2026-04-24
920608.BJ,long,1457,1687,230,0.44917541229386926,tp,2026-04-27
920608.BJ,long,1758,1928,170,-0.6491754122938479,stop,2026-04-28
920608.BJ,long,2338,2411,73,0.4491754122938484,tp,2026-04-30
920608.BJ,long,2872,2893,21,0.44917541229386765,tp,2026-05-07
920608.BJ,long,3493,3615,122,0.2691100492918995,revert,2026-05-12
920608.BJ,long,3881,4097,216,0.2703699262815996,revert,2026-05-14
920608.BJ,long,4117,4339,222,0.33893701863880815,revert,2026-05-15
920608.BJ,long,4550,4579,29,0.44917541229386554,tp,2026-05-18
920608.BJ,long,4837,5061,224,-0.6491754122938456,stop,2026-05-20
920608.BJ,long,5244,5302,58,-0.6491754122938532,stop,2026-05-21
920608.BJ,long,5571,5784,213,-0.649175412293857,stop,2026-05-25
920608.BJ,long,5806,6025,219,-0.6491754122938438,stop,2026-05-26
920608.BJ,long,6056,6266,210,0.4491754122938631,tp,2026-05-27
920608.BJ,long,6540,6748,208,-0.649175412293839,stop,2026-05-29
920608.BJ,long,6995,7230,235,0.44917541229387226,tp,2026-06-02
920608.BJ,long,7340,7471,131,-0.6491754122938491,stop,2026-06-03
920608.BJ,long,7485,7712,227,-0.6491754122938528,stop,2026-06-04
920608.BJ,long,7723,7953,230,0.4491754122938544,tp,2026-06-05
920608.BJ,long,8036,8194,158,-0.41761960842634444,revert,2026-06-08
920608.BJ,long,8294,8435,141,-0.42199608642543124,revert,2026-06-09
920608.BJ,long,8452,8676,224,0.19605581824473045,revert,2026-06-10
920608.BJ,long,8688,8917,229,-0.4348039960048262,revert,2026-06-11
920608.BJ,long,9352,9399,47,0.4491754122938771,tp,2026-06-15
920608.BJ,long,9566,9640,74,0.4491754122938578,tp,2026-06-16
920608.BJ,long,9653,9881,228,0.449175412293854,tp,2026-06-17
920608.BJ,long,10009,10122,113,-0.14992503748125882,revert,2026-06-18
920608.BJ,long,10133,10363,230,0.44917541229385777,tp,2026-06-22
920608.BJ,long,10426,10604,178,0.44917541229385477,tp,2026-06-23
920608.BJ,long,10615,10845,230,-0.6491754122938439,stop,2026-06-24
920608.BJ,long,10858,11086,228,-0.6491754122938423,stop,2026-06-25
920608.BJ,long,11097,11327,230,-0.6491754122938409,stop,2026-06-26
920608.BJ,long,11338,11568,230,0.44917541229386926,tp,2026-06-29
920608.BJ,long,11693,11809,116,-0.649175412293847,stop,2026-06-30
920608.BJ,long,11835,12050,215,0.4491754122938754,tp,2026-07-01
920608.BJ,long,12150,12291,141,0.4491754122938777,tp,2026-07-02
920608.BJ,long,12307,12532,225,0.16680795209058952,revert,2026-07-03
920608.BJ,long,12671,12773,102,0.4491754122938514,tp,2026-07-06
920608.BJ,long,13006,13014,8,0.2514016303745398,revert,2026-07-07
920608.BJ,long,13321,13496,175,-0.6491754122938399,stop,2026-07-09
920608.BJ,long,13765,13979,214,-0.6491754122938503,stop,2026-07-13
920608.BJ,long,14400,14460,60,0.005362792942568557,revert,2026-07-15
920781.BJ,long,467,482,15,-0.6491754122938527,stop,2026-04-20
920781.BJ,long,528,723,195,0.44917541229385566,tp,2026-04-21
920781.BJ,long,861,965,104,0.4491754122938553,tp,2026-04-22
920781.BJ,long,979,1205,226,-0.6491754122938511,stop,2026-04-23
920781.BJ,long,1228,1446,218,-0.6491754122938578,stop,2026-04-24
920781.BJ,long,1457,1687,230,-0.6491754122938403,stop,2026-04-27
920781.BJ,long,1899,1928,29,-0.14992503748126007,revert,2026-04-28
920781.BJ,long,2312,2410,98,0.25985639191349374,revert,2026-04-30
920781.BJ,long,2742,2892,150,-0.4179789299980888,revert,2026-05-07
920781.BJ,long,3480,3615,135,-0.6491754122938407,stop,2026-05-12
920781.BJ,long,3880,4097,217,-0.6491754122938527,stop,2026-05-14
920781.BJ,long,4131,4338,207,0.4491754122938481,tp,2026-05-15
920781.BJ,long,4454,4579,125,0.44917541229387414,tp,2026-05-18
920781.BJ,long,4684,4820,136,0.4491754122938597,tp,2026-05-19
920781.BJ,long,4840,5061,221,-0.6491754122938456,stop,2026-05-20
920781.BJ,long,5175,5302,127,-0.5700515801005615,revert,2026-05-21
920781.BJ,long,5383,5543,160,0.449175412293858,tp,2026-05-22
920781.BJ,long,5562,5784,222,-0.6491754122938469,stop,2026-05-25
920781.BJ,long,5795,6025,230,-0.6491754122938523,stop,2026-05-26
920781.BJ,long,6040,6266,226,0.4491754122938637,tp,2026-05-27
920781.BJ,long,6286,6507,221,0.4491754122938502,tp,2026-05-28
920781.BJ,long,6571,6748,177,-0.6491754122938445,stop,2026-05-29
920781.BJ,long,6845,6989,144,0.4491754122938558,tp,2026-06-01
920781.BJ,long,7009,7230,221,0.44917541229384944,tp,2026-06-02
920781.BJ,long,7344,7471,127,-0.6491754122938465,stop,2026-06-03
920781.BJ,long,7486,7712,226,-0.4725424040806824,revert,2026-06-04
920781.BJ,long,8073,8194,121,0.4491754122938533,tp,2026-06-08
920781.BJ,long,8307,8435,128,-0.45810428119273783,revert,2026-06-09
920781.BJ,long,8454,8676,222,-0.6491754122938503,stop,2026-06-10
920781.BJ,long,8688,8917,229,0.012169240055297488,revert,2026-06-11
920781.BJ,long,9142,9158,16,0.17426351759185657,revert,2026-06-12
920781.BJ,long,9207,9399,192,0.012169240055297488,revert,2026-06-15
920781.BJ,long,9551,9641,90,0.014572614845793688,revert,2026-06-16
920781.BJ,long,9767,9881,114,0.44917541229386054,tp,2026-06-17
920781.BJ,long,9892,10122,230,-0.6491754122938587,stop,2026-06-18
920781.BJ,long,10135,10363,228,0.4491754122938725,tp,2026-06-22
920781.BJ,long,10409,10604,195,-0.6491754122938482,stop,2026-06-23
920781.BJ,long,10619,10845,226,-0.6491754122938438,stop,2026-06-24
920781.BJ,long,10856,11086,230,-0.6491754122938633,stop,2026-06-25
920781.BJ,long,11097,11327,230,-0.649175412293845,stop,2026-06-26
920781.BJ,long,11339,11568,229,-0.14992503748125843,revert,2026-06-29
920781.BJ,long,11640,11809,169,-0.6491754122938472,stop,2026-06-30
920781.BJ,long,12059,12291,232,-0.6491754122938476,stop,2026-07-02
920781.BJ,long,12311,12532,221,0.22195606107560262,revert,2026-07-03
920781.BJ,long,12631,12773,142,0.408937322383572,revert,2026-07-06
920781.BJ,long,12854,13014,160,0.4491754122938607,tp,2026-07-07
920781.BJ,long,13025,13255,230,0.4491754122938538,tp,2026-07-08
920781.BJ,long,13312,13496,184,-0.6491754122938446,stop,2026-07-09
920781.BJ,long,13750,13978,228,-0.6491754122938257,stop,2026-07-13
920781.BJ,long,14054,14219,165,0.44917541229385566,tp,2026-07-14
920781.BJ,long,14351,14460,109,-0.6491754122938402,stop,2026-07-15
920974.BJ,long,388,482,94,-0.1499250374812514,revert,2026-04-20
920974.BJ,long,505,723,218,-0.6491754122938478,stop,2026-04-21
920974.BJ,long,977,1205,228,0.449175412293862,tp,2026-04-23
920974.BJ,long,1245,1446,201,-0.4023904609010246,revert,2026-04-24
920974.BJ,long,1724,1928,204,0.4491754122938593,tp,2026-04-28
920974.BJ,long,2312,2410,98,-0.6491754122938233,stop,2026-04-30
920974.BJ,long,2477,2651,174,-0.14992503748125396,revert,2026-05-06
920974.BJ,long,2806,2892,86,-0.1499250374812509,revert,2026-05-07
920974.BJ,long,3440,3615,175,-0.6491754122938542,stop,2026-05-12
920974.BJ,long,3629,3856,227,0.4491754122938489,tp,2026-05-13
920974.BJ,long,3961,4097,136,-0.6491754122938396,stop,2026-05-14
920974.BJ,long,4133,4340,207,-0.6491754122938527,stop,2026-05-15
920974.BJ,long,4423,4579,156,-0.6491754122938527,stop,2026-05-18
920974.BJ,long,4830,5061,231,0.44917541229385965,tp,2026-05-20
920974.BJ,long,5142,5302,160,-0.6491754122938511,stop,2026-05-21
920974.BJ,long,5560,5784,224,0.11563367252545324,revert,2026-05-25
920974.BJ,long,5803,6025,222,0.449175412293852,tp,2026-05-26
920974.BJ,long,6039,6266,227,-0.015898091222838882,revert,2026-05-27
920974.BJ,long,6581,6748,167,-0.6491754122938388,stop,2026-05-29
920974.BJ,long,6999,7230,231,0.4491754122938469,tp,2026-06-02
920974.BJ,long,7301,7471,170,-0.4109709850956904,revert,2026-06-03
920974.BJ,long,7494,7712,218,-0.6491754122938578,stop,2026-06-04
920974.BJ,long,8092,8194,102,0.44917541229385693,tp,2026-06-08
920974.BJ,long,8270,8435,165,-0.28182738221378306,revert,2026-06-09
920974.BJ,long,8482,8676,194,-0.6491754122938492,stop,2026-06-10
920974.BJ,long,8703,8917,214,-0.6491754122938491,stop,2026-06-11
920974.BJ,long,8934,9158,224,-0.649175412293858,stop,2026-06-12
920974.BJ,long,9307,9399,92,0.4491754122938578,tp,2026-06-15
920974.BJ,long,9717,9882,165,-0.6491754122938436,stop,2026-06-17
920974.BJ,long,9973,10122,149,-0.6491754122938451,stop,2026-06-18
920974.BJ,long,10133,10363,230,0.44917541229384705,tp,2026-06-22
920974.BJ,long,10447,10604,157,0.29254205984157644,revert,2026-06-23
920974.BJ,long,10617,10845,228,-0.6491754122938468,stop,2026-06-24
920974.BJ,long,10867,11086,219,-0.6491754122938443,stop,2026-06-25
920974.BJ,long,11097,11327,230,-0.6491754122938606,stop,2026-06-26
920974.BJ,long,11339,11568,229,-0.3166196534453858,revert,2026-06-29
920974.BJ,long,11641,11809,168,-0.6491754122938479,stop,2026-06-30
920974.BJ,long,12151,12291,140,0.4491754122938589,tp,2026-07-02
920974.BJ,long,12380,12532,152,0.4491754122938665,tp,2026-07-03
920974.BJ,long,12601,12773,172,-0.6491754122938482,stop,2026-07-06
920974.BJ,long,12837,13014,177,-0.649175412293846,stop,2026-07-07
920974.BJ,long,13304,13496,192,0.4491754122938623,tp,2026-07-09
920974.BJ,long,13746,13978,232,-0.6491754122938522,stop,2026-07-13
920974.BJ,long,14095,14219,124,0.4491754122938473,tp,2026-07-14
920974.BJ,long,14400,14460,60,-0.149925037481249,revert,2026-07-15
